YEAR,ACPR_CODE_2018,ACPR_NAME_2018,CARE_TYPE,AGE_GROUP_5,count
2024,101,Central Coast,Home care,0–49,3
2024,101,Central Coast,Home care,100+,4
2024,101,Central Coast,Home care,50–54,3
2024,101,Central Coast,Home care,55–59,6
2024,101,Central Coast,Home care,60–64,20
2024,101,Central Coast,Home care,65–69,91
2024,101,Central Coast,Home care,70–74,181
2024,101,Central Coast,Home care,75–79,335
2024,101,Central Coast,Home care,80–84,414
2024,101,Central Coast,Home care,85–89,345
2024,101,Central Coast,Home care,90–94,194
2024,101,Central Coast,Home care,95–99,40
2024,101,Central Coast,Permanent residential care,100+,23
2024,101,Central Coast,Permanent residential care,55–59,2
2024,101,Central Coast,Permanent residential care,60–64,10
2024,101,Central Coast,Permanent residential care,65–69,47
2024,101,Central Coast,Permanent residential care,70–74,114
2024,101,Central Coast,Permanent residential care,75–79,210
2024,101,Central Coast,Permanent residential care,80–84,323
2024,101,Central Coast,Permanent residential care,85–89,368
2024,101,Central Coast,Permanent residential care,90–94,309
2024,101,Central Coast,Permanent residential care,95–99,119
2024,101,Central Coast,Respite residential care,100+,23
2024,101,Central Coast,Respite residential care,50–54,1
2024,101,Central Coast,Respite residential care,60–64,11
2024,101,Central Coast,Respite residential care,65–69,70
2024,101,Central Coast,Respite residential care,70–74,167
2024,101,Central Coast,Respite residential care,75–79,289
2024,101,Central Coast,Respite residential care,80–84,453
2024,101,Central Coast,Respite residential care,85–89,497
2024,101,Central Coast,Respite residential care,90–94,368
2024,101,Central Coast,Respite residential care,95–99,148
2024,101,Central Coast,Short-term restorative care,55–59,1
2024,101,Central Coast,Short-term restorative care,60–64,3
2024,101,Central Coast,Short-term restorative care,65–69,31
2024,101,Central Coast,Short-term restorative care,70–74,49
2024,101,Central Coast,Short-term restorative care,75–79,93
2024,101,Central Coast,Short-term restorative care,80–84,98
2024,101,Central Coast,Short-term restorative care,85–89,90
2024,101,Central Coast,Short-term restorative care,90–94,26
2024,101,Central Coast,Short-term restorative care,95–99,7
2024,101,Central Coast,Transition care,100+,3
2024,101,Central Coast,Transition care,60–64,1
2024,101,Central Coast,Transition care,65–69,21
2024,101,Central Coast,Transition care,70–74,37
2024,101,Central Coast,Transition care,75–79,82
2024,101,Central Coast,Transition care,80–84,100
2024,101,Central Coast,Transition care,85–89,93
2024,101,Central Coast,Transition care,90–94,50
2024,101,Central Coast,Transition care,95–99,11
2024,102,Central West,Home care,0–49,1
2024,102,Central West,Home care,100+,3
2024,102,Central West,Home care,50–54,28
2024,102,Central West,Home care,55–59,31
2024,102,Central West,Home care,60–64,52
2024,102,Central West,Home care,65–69,170
2024,102,Central West,Home care,70–74,271
2024,102,Central West,Home care,75–79,502
2024,102,Central West,Home care,80–84,526
2024,102,Central West,Home care,85–89,500
2024,102,Central West,Home care,90–94,212
2024,102,Central West,Home care,95–99,48
2024,102,Central West,Permanent residential care,100+,2
2024,102,Central West,Permanent residential care,55–59,5
2024,102,Central West,Permanent residential care,60–64,3
2024,102,Central West,Permanent residential care,65–69,21
2024,102,Central West,Permanent residential care,70–74,48
2024,102,Central West,Permanent residential care,75–79,98
2024,102,Central West,Permanent residential care,80–84,131
2024,102,Central West,Permanent residential care,85–89,161
2024,102,Central West,Permanent residential care,90–94,123
2024,102,Central West,Permanent residential care,95–99,42
2024,102,Central West,Respite residential care,100+,4
2024,102,Central West,Respite residential care,55–59,4
2024,102,Central West,Respite residential care,60–64,1
2024,102,Central West,Respite residential care,65–69,26
2024,102,Central West,Respite residential care,70–74,59
2024,102,Central West,Respite residential care,75–79,134
2024,102,Central West,Respite residential care,80–84,178
2024,102,Central West,Respite residential care,85–89,207
2024,102,Central West,Respite residential care,90–94,149
2024,102,Central West,Respite residential care,95–99,54
2024,102,Central West,Short-term restorative care,55–59,2
2024,102,Central West,Short-term restorative care,60–64,2
2024,102,Central West,Short-term restorative care,65–69,11
2024,102,Central West,Short-term restorative care,70–74,20
2024,102,Central West,Short-term restorative care,75–79,26
2024,102,Central West,Short-term restorative care,80–84,17
2024,102,Central West,Short-term restorative care,85–89,8
2024,102,Central West,Short-term restorative care,90–94,2
2024,102,Central West,Short-term restorative care,95–99,2
2024,102,Central West,Transition care,50–54,1
2024,102,Central West,Transition care,55–59,2
2024,102,Central West,Transition care,60–64,4
2024,102,Central West,Transition care,65–69,19
2024,102,Central West,Transition care,70–74,41
2024,102,Central West,Transition care,75–79,60
2024,102,Central West,Transition care,80–84,57
2024,102,Central West,Transition care,85–89,53
2024,102,Central West,Transition care,90–94,11
2024,102,Central West,Transition care,95–99,2
2024,103,Far North Coast,Home care,100+,7
2024,103,Far North Coast,Home care,50–54,4
2024,103,Far North Coast,Home care,55–59,8
2024,103,Far North Coast,Home care,60–64,10
2024,103,Far North Coast,Home care,65–69,76
2024,103,Far North Coast,Home care,70–74,146
2024,103,Far North Coast,Home care,75–79,222
2024,103,Far North Coast,Home care,80–84,310
2024,103,Far North Coast,Home care,85–89,282
2024,103,Far North Coast,Home care,90–94,131
2024,103,Far North Coast,Home care,95–99,22
2024,103,Far North Coast,Permanent residential care,100+,11
2024,103,Far North Coast,Permanent residential care,55–59,2
2024,103,Far North Coast,Permanent residential care,60–64,6
2024,103,Far North Coast,Permanent residential care,65–69,34
2024,103,Far North Coast,Permanent residential care,70–74,91
2024,103,Far North Coast,Permanent residential care,75–79,170
2024,103,Far North Coast,Permanent residential care,80–84,262
2024,103,Far North Coast,Permanent residential care,85–89,348
2024,103,Far North Coast,Permanent residential care,90–94,275
2024,103,Far North Coast,Permanent residential care,95–99,116
2024,103,Far North Coast,Respite residential care,100+,20
2024,103,Far North Coast,Respite residential care,55–59,1
2024,103,Far North Coast,Respite residential care,60–64,5
2024,103,Far North Coast,Respite residential care,65–69,25
2024,103,Far North Coast,Respite residential care,70–74,96
2024,103,Far North Coast,Respite residential care,75–79,176
2024,103,Far North Coast,Respite residential care,80–84,264
2024,103,Far North Coast,Respite residential care,85–89,377
2024,103,Far North Coast,Respite residential care,90–94,322
2024,103,Far North Coast,Respite residential care,95–99,98
2024,103,Far North Coast,Short-term restorative care,75–79,2
2024,103,Far North Coast,Short-term restorative care,80–84,4
2024,103,Far North Coast,Short-term restorative care,85–89,5
2024,103,Far North Coast,Transition care,60–64,3
2024,103,Far North Coast,Transition care,65–69,19
2024,103,Far North Coast,Transition care,70–74,44
2024,103,Far North Coast,Transition care,75–79,50
2024,103,Far North Coast,Transition care,80–84,53
2024,103,Far North Coast,Transition care,85–89,52
2024,103,Far North Coast,Transition care,90–94,33
2024,103,Far North Coast,Transition care,95–99,9
2024,104,Hunter,Home care,0–49,2
2024,104,Hunter,Home care,100+,6
2024,104,Hunter,Home care,50–54,4
2024,104,Hunter,Home care,55–59,7
2024,104,Hunter,Home care,60–64,17
2024,104,Hunter,Home care,65–69,115
2024,104,Hunter,Home care,70–74,233
2024,104,Hunter,Home care,75–79,424
2024,104,Hunter,Home care,80–84,410
2024,104,Hunter,Home care,85–89,383
2024,104,Hunter,Home care,90–94,222
2024,104,Hunter,Home care,95–99,45
2024,104,Hunter,Permanent residential care,100+,19
2024,104,Hunter,Permanent residential care,50–54,1
2024,104,Hunter,Permanent residential care,55–59,3
2024,104,Hunter,Permanent residential care,60–64,8
2024,104,Hunter,Permanent residential care,65–69,70
2024,104,Hunter,Permanent residential care,70–74,183
2024,104,Hunter,Permanent residential care,75–79,376
2024,104,Hunter,Permanent residential care,80–84,537
2024,104,Hunter,Permanent residential care,85–89,644
2024,104,Hunter,Permanent residential care,90–94,540
2024,104,Hunter,Permanent residential care,95–99,183
2024,104,Hunter,Respite residential care,100+,21
2024,104,Hunter,Respite residential care,50–54,1
2024,104,Hunter,Respite residential care,55–59,4
2024,104,Hunter,Respite residential care,60–64,7
2024,104,Hunter,Respite residential care,65–69,61
2024,104,Hunter,Respite residential care,70–74,166
2024,104,Hunter,Respite residential care,75–79,347
2024,104,Hunter,Respite residential care,80–84,478
2024,104,Hunter,Respite residential care,85–89,605
2024,104,Hunter,Respite residential care,90–94,478
2024,104,Hunter,Respite residential care,95–99,137
2024,104,Hunter,Short-term restorative care,55–59,1
2024,104,Hunter,Short-term restorative care,60–64,2
2024,104,Hunter,Short-term restorative care,65–69,26
2024,104,Hunter,Short-term restorative care,70–74,33
2024,104,Hunter,Short-term restorative care,75–79,68
2024,104,Hunter,Short-term restorative care,80–84,58
2024,104,Hunter,Short-term restorative care,85–89,49
2024,104,Hunter,Short-term restorative care,90–94,30
2024,104,Hunter,Short-term restorative care,95–99,4
2024,104,Hunter,Transition care,100+,1
2024,104,Hunter,Transition care,55–59,1
2024,104,Hunter,Transition care,60–64,1
2024,104,Hunter,Transition care,65–69,35
2024,104,Hunter,Transition care,70–74,63
2024,104,Hunter,Transition care,75–79,64
2024,104,Hunter,Transition care,80–84,88
2024,104,Hunter,Transition care,85–89,69
2024,104,Hunter,Transition care,90–94,25
2024,104,Hunter,Transition care,95–99,9
2024,105,Illawarra,Home care,100+,8
2024,105,Illawarra,Home care,55–59,3
2024,105,Illawarra,Home care,60–64,5
2024,105,Illawarra,Home care,65–69,60
2024,105,Illawarra,Home care,70–74,114
2024,105,Illawarra,Home care,75–79,223
2024,105,Illawarra,Home care,80–84,255
2024,105,Illawarra,Home care,85–89,258
2024,105,Illawarra,Home care,90–94,138
2024,105,Illawarra,Home care,95–99,25
2024,105,Illawarra,Permanent residential care,100+,19
2024,105,Illawarra,Permanent residential care,55–59,1
2024,105,Illawarra,Permanent residential care,60–64,4
2024,105,Illawarra,Permanent residential care,65–69,34
2024,105,Illawarra,Permanent residential care,70–74,111
2024,105,Illawarra,Permanent residential care,75–79,231
2024,105,Illawarra,Permanent residential care,80–84,323
2024,105,Illawarra,Permanent residential care,85–89,396
2024,105,Illawarra,Permanent residential care,90–94,277
2024,105,Illawarra,Permanent residential care,95–99,114
2024,105,Illawarra,Respite residential care,100+,17
2024,105,Illawarra,Respite residential care,60–64,2
2024,105,Illawarra,Respite residential care,65–69,39
2024,105,Illawarra,Respite residential care,70–74,87
2024,105,Illawarra,Respite residential care,75–79,210
2024,105,Illawarra,Respite residential care,80–84,260
2024,105,Illawarra,Respite residential care,85–89,325
2024,105,Illawarra,Respite residential care,90–94,266
2024,105,Illawarra,Respite residential care,95–99,88
2024,105,Illawarra,Short-term restorative care,65–69,10
2024,105,Illawarra,Short-term restorative care,70–74,16
2024,105,Illawarra,Short-term restorative care,75–79,9
2024,105,Illawarra,Short-term restorative care,80–84,13
2024,105,Illawarra,Short-term restorative care,85–89,7
2024,105,Illawarra,Short-term restorative care,90–94,7
2024,105,Illawarra,Short-term restorative care,95–99,2
2024,105,Illawarra,Transition care,50–54,1
2024,105,Illawarra,Transition care,55–59,1
2024,105,Illawarra,Transition care,60–64,2
2024,105,Illawarra,Transition care,65–69,14
2024,105,Illawarra,Transition care,70–74,43
2024,105,Illawarra,Transition care,75–79,59
2024,105,Illawarra,Transition care,80–84,75
2024,105,Illawarra,Transition care,85–89,79
2024,105,Illawarra,Transition care,90–94,44
2024,105,Illawarra,Transition care,95–99,10
2024,106,Inner West,Home care,100+,7
2024,106,Inner West,Home care,55–59,2
2024,106,Inner West,Home care,60–64,4
2024,106,Inner West,Home care,65–69,106
2024,106,Inner West,Home care,70–74,233
2024,106,Inner West,Home care,75–79,406
2024,106,Inner West,Home care,80–84,489
2024,106,Inner West,Home care,85–89,458
2024,106,Inner West,Home care,90–94,227
2024,106,Inner West,Home care,95–99,38
2024,106,Inner West,Permanent residential care,100+,11
2024,106,Inner West,Permanent residential care,50–54,2
2024,106,Inner West,Permanent residential care,55–59,1
2024,106,Inner West,Permanent residential care,60–64,3
2024,106,Inner West,Permanent residential care,65–69,43
2024,106,Inner West,Permanent residential care,70–74,65
2024,106,Inner West,Permanent residential care,75–79,152
2024,106,Inner West,Permanent residential care,80–84,194
2024,106,Inner West,Permanent residential care,85–89,276
2024,106,Inner West,Permanent residential care,90–94,217
2024,106,Inner West,Permanent residential care,95–99,88
2024,106,Inner West,Respite residential care,0–49,1
2024,106,Inner West,Respite residential care,100+,16
2024,106,Inner West,Respite residential care,50–54,1
2024,106,Inner West,Respite residential care,55–59,2
2024,106,Inner West,Respite residential care,60–64,3
2024,106,Inner West,Respite residential care,65–69,53
2024,106,Inner West,Respite residential care,70–74,98
2024,106,Inner West,Respite residential care,75–79,246
2024,106,Inner West,Respite residential care,80–84,332
2024,106,Inner West,Respite residential care,85–89,434
2024,106,Inner West,Respite residential care,90–94,339
2024,106,Inner West,Respite residential care,95–99,117
2024,106,Inner West,Short-term restorative care,100+,1
2024,106,Inner West,Short-term restorative care,60–64,1
2024,106,Inner West,Short-term restorative care,65–69,33
2024,106,Inner West,Short-term restorative care,70–74,71
2024,106,Inner West,Short-term restorative care,75–79,89
2024,106,Inner West,Short-term restorative care,80–84,73
2024,106,Inner West,Short-term restorative care,85–89,83
2024,106,Inner West,Short-term restorative care,90–94,44
2024,106,Inner West,Short-term restorative care,95–99,6
2024,106,Inner West,Transition care,50–54,1
2024,106,Inner West,Transition care,55–59,2
2024,106,Inner West,Transition care,65–69,9
2024,106,Inner West,Transition care,70–74,35
2024,106,Inner West,Transition care,75–79,48
2024,106,Inner West,Transition care,80–84,63
2024,106,Inner West,Transition care,85–89,55
2024,106,Inner West,Transition care,90–94,33
2024,106,Inner West,Transition care,95–99,7
2024,107,Mid North Coast,Home care,100+,5
2024,107,Mid North Coast,Home care,50–54,4
2024,107,Mid North Coast,Home care,55–59,5
2024,107,Mid North Coast,Home care,60–64,24
2024,107,Mid North Coast,Home care,65–69,137
2024,107,Mid North Coast,Home care,70–74,274
2024,107,Mid North Coast,Home care,75–79,396
2024,107,Mid North Coast,Home care,80–84,521
2024,107,Mid North Coast,Home care,85–89,486
2024,107,Mid North Coast,Home care,90–94,226
2024,107,Mid North Coast,Home care,95–99,68
2024,107,Mid North Coast,Permanent residential care,100+,11
2024,107,Mid North Coast,Permanent residential care,50–54,2
2024,107,Mid North Coast,Permanent residential care,55–59,3
2024,107,Mid North Coast,Permanent residential care,60–64,12
2024,107,Mid North Coast,Permanent residential care,65–69,48
2024,107,Mid North Coast,Permanent residential care,70–74,94
2024,107,Mid North Coast,Permanent residential care,75–79,216
2024,107,Mid North Coast,Permanent residential care,80–84,289
2024,107,Mid North Coast,Permanent residential care,85–89,421
2024,107,Mid North Coast,Permanent residential care,90–94,346
2024,107,Mid North Coast,Permanent residential care,95–99,117
2024,107,Mid North Coast,Respite residential care,0–49,3
2024,107,Mid North Coast,Respite residential care,100+,21
2024,107,Mid North Coast,Respite residential care,50–54,4
2024,107,Mid North Coast,Respite residential care,55–59,4
2024,107,Mid North Coast,Respite residential care,60–64,22
2024,107,Mid North Coast,Respite residential care,65–69,89
2024,107,Mid North Coast,Respite residential care,70–74,205
2024,107,Mid North Coast,Respite residential care,75–79,365
2024,107,Mid North Coast,Respite residential care,80–84,480
2024,107,Mid North Coast,Respite residential care,85–89,708
2024,107,Mid North Coast,Respite residential care,90–94,588
2024,107,Mid North Coast,Respite residential care,95–99,193
2024,107,Mid North Coast,Short-term restorative care,50–54,1
2024,107,Mid North Coast,Short-term restorative care,55–59,1
2024,107,Mid North Coast,Short-term restorative care,65–69,25
2024,107,Mid North Coast,Short-term restorative care,70–74,50
2024,107,Mid North Coast,Short-term restorative care,75–79,65
2024,107,Mid North Coast,Short-term restorative care,80–84,64
2024,107,Mid North Coast,Short-term restorative care,85–89,42
2024,107,Mid North Coast,Short-term restorative care,90–94,12
2024,107,Mid North Coast,Short-term restorative care,95–99,2
2024,107,Mid North Coast,Transition care,100+,1
2024,107,Mid North Coast,Transition care,55–59,2
2024,107,Mid North Coast,Transition care,60–64,1
2024,107,Mid North Coast,Transition care,65–69,30
2024,107,Mid North Coast,Transition care,70–74,57
2024,107,Mid North Coast,Transition care,75–79,91
2024,107,Mid North Coast,Transition care,80–84,107
2024,107,Mid North Coast,Transition care,85–89,73
2024,107,Mid North Coast,Transition care,90–94,23
2024,107,Mid North Coast,Transition care,95–99,6
2024,108,Nepean,Home care,100+,1
2024,108,Nepean,Home care,55–59,3
2024,108,Nepean,Home care,60–64,3
2024,108,Nepean,Home care,65–69,40
2024,108,Nepean,Home care,70–74,120
2024,108,Nepean,Home care,75–79,145
2024,108,Nepean,Home care,80–84,185
2024,108,Nepean,Home care,85–89,147
2024,108,Nepean,Home care,90–94,78
2024,108,Nepean,Home care,95–99,16
2024,108,Nepean,Permanent residential care,100+,7
2024,108,Nepean,Permanent residential care,55–59,1
2024,108,Nepean,Permanent residential care,60–64,1
2024,108,Nepean,Permanent residential care,65–69,35
2024,108,Nepean,Permanent residential care,70–74,75
2024,108,Nepean,Permanent residential care,75–79,130
2024,108,Nepean,Permanent residential care,80–84,196
2024,108,Nepean,Permanent residential care,85–89,220
2024,108,Nepean,Permanent residential care,90–94,149
2024,108,Nepean,Permanent residential care,95–99,52
2024,108,Nepean,Respite residential care,100+,7
2024,108,Nepean,Respite residential care,55–59,1
2024,108,Nepean,Respite residential care,60–64,4
2024,108,Nepean,Respite residential care,65–69,41
2024,108,Nepean,Respite residential care,70–74,100
2024,108,Nepean,Respite residential care,75–79,149
2024,108,Nepean,Respite residential care,80–84,246
2024,108,Nepean,Respite residential care,85–89,258
2024,108,Nepean,Respite residential care,90–94,165
2024,108,Nepean,Respite residential care,95–99,55
2024,108,Nepean,Transition care,55–59,1
2024,108,Nepean,Transition care,65–69,17
2024,108,Nepean,Transition care,70–74,36
2024,108,Nepean,Transition care,75–79,47
2024,108,Nepean,Transition care,80–84,35
2024,108,Nepean,Transition care,85–89,39
2024,108,Nepean,Transition care,90–94,10
2024,108,Nepean,Transition care,95–99,4
2024,109,New England,Home care,50–54,1
2024,109,New England,Home care,55–59,5
2024,109,New England,Home care,60–64,6
2024,109,New England,Home care,65–69,31
2024,109,New England,Home care,70–74,54
2024,109,New England,Home care,75–79,110
2024,109,New England,Home care,80–84,109
2024,109,New England,Home care,85–89,93
2024,109,New England,Home care,90–94,44
2024,109,New England,Home care,95–99,10
2024,109,New England,Permanent residential care,100+,4
2024,109,New England,Permanent residential care,60–64,3
2024,109,New England,Permanent residential care,65–69,29
2024,109,New England,Permanent residential care,70–74,52
2024,109,New England,Permanent residential care,75–79,101
2024,109,New England,Permanent residential care,80–84,129
2024,109,New England,Permanent residential care,85–89,164
2024,109,New England,Permanent residential care,90–94,148
2024,109,New England,Permanent residential care,95–99,45
2024,109,New England,Respite residential care,100+,2
2024,109,New England,Respite residential care,50–54,1
2024,109,New England,Respite residential care,55–59,1
2024,109,New England,Respite residential care,60–64,7
2024,109,New England,Respite residential care,65–69,22
2024,109,New England,Respite residential care,70–74,61
2024,109,New England,Respite residential care,75–79,129
2024,109,New England,Respite residential care,80–84,183
2024,109,New England,Respite residential care,85–89,197
2024,109,New England,Respite residential care,90–94,154
2024,109,New England,Respite residential care,95–99,39
2024,109,New England,Short-term restorative care,60–64,1
2024,109,New England,Short-term restorative care,65–69,16
2024,109,New England,Short-term restorative care,70–74,24
2024,109,New England,Short-term restorative care,75–79,18
2024,109,New England,Short-term restorative care,80–84,27
2024,109,New England,Short-term restorative care,85–89,13
2024,109,New England,Short-term restorative care,90–94,8
2024,109,New England,Transition care,100+,1
2024,109,New England,Transition care,55–59,1
2024,109,New England,Transition care,60–64,2
2024,109,New England,Transition care,65–69,23
2024,109,New England,Transition care,70–74,49
2024,109,New England,Transition care,75–79,69
2024,109,New England,Transition care,80–84,92
2024,109,New England,Transition care,85–89,82
2024,109,New England,Transition care,90–94,24
2024,109,New England,Transition care,95–99,5
2024,110,Northern Sydney,Home care,0–49,1
2024,110,Northern Sydney,Home care,100+,14
2024,110,Northern Sydney,Home care,50–54,4
2024,110,Northern Sydney,Home care,55–59,3
2024,110,Northern Sydney,Home care,60–64,6
2024,110,Northern Sydney,Home care,65–69,202
2024,110,Northern Sydney,Home care,70–74,401
2024,110,Northern Sydney,Home care,75–79,605
2024,110,Northern Sydney,Home care,80–84,763
2024,110,Northern Sydney,Home care,85–89,769
2024,110,Northern Sydney,Home care,90–94,412
2024,110,Northern Sydney,Home care,95–99,109
2024,110,Northern Sydney,Permanent residential care,100+,40
2024,110,Northern Sydney,Permanent residential care,60–64,1
2024,110,Northern Sydney,Permanent residential care,65–69,48
2024,110,Northern Sydney,Permanent residential care,70–74,130
2024,110,Northern Sydney,Permanent residential care,75–79,290
2024,110,Northern Sydney,Permanent residential care,80–84,516
2024,110,Northern Sydney,Permanent residential care,85–89,752
2024,110,Northern Sydney,Permanent residential care,90–94,660
2024,110,Northern Sydney,Permanent residential care,95–99,273
2024,110,Northern Sydney,Respite residential care,100+,63
2024,110,Northern Sydney,Respite residential care,60–64,3
2024,110,Northern Sydney,Respite residential care,65–69,83
2024,110,Northern Sydney,Respite residential care,70–74,216
2024,110,Northern Sydney,Respite residential care,75–79,527
2024,110,Northern Sydney,Respite residential care,80–84,895
2024,110,Northern Sydney,Respite residential care,85–89,1165
2024,110,Northern Sydney,Respite residential care,90–94,1075
2024,110,Northern Sydney,Respite residential care,95–99,416
2024,110,Northern Sydney,Short-term restorative care,65–69,16
2024,110,Northern Sydney,Short-term restorative care,70–74,12
2024,110,Northern Sydney,Short-term restorative care,75–79,39
2024,110,Northern Sydney,Short-term restorative care,80–84,41
2024,110,Northern Sydney,Short-term restorative care,85–89,45
2024,110,Northern Sydney,Short-term restorative care,90–94,15
2024,110,Northern Sydney,Short-term restorative care,95–99,3
2024,110,Northern Sydney,Transition care,100+,1
2024,110,Northern Sydney,Transition care,65–69,15
2024,110,Northern Sydney,Transition care,70–74,18
2024,110,Northern Sydney,Transition care,75–79,60
2024,110,Northern Sydney,Transition care,80–84,92
2024,110,Northern Sydney,Transition care,85–89,77
2024,110,Northern Sydney,Transition care,90–94,45
2024,110,Northern Sydney,Transition care,95–99,12
2024,111,Orana Far West,Home care,50–54,1
2024,111,Orana Far West,Home care,55–59,3
2024,111,Orana Far West,Home care,60–64,8
2024,111,Orana Far West,Home care,65–69,45
2024,111,Orana Far West,Home care,70–74,54
2024,111,Orana Far West,Home care,75–79,85
2024,111,Orana Far West,Home care,80–84,104
2024,111,Orana Far West,Home care,85–89,63
2024,111,Orana Far West,Home care,90–94,27
2024,111,Orana Far West,Home care,95–99,9
2024,111,Orana Far West,Permanent residential care,100+,3
2024,111,Orana Far West,Permanent residential care,50–54,1
2024,111,Orana Far West,Permanent residential care,60–64,4
2024,111,Orana Far West,Permanent residential care,65–69,12
2024,111,Orana Far West,Permanent residential care,70–74,25
2024,111,Orana Far West,Permanent residential care,75–79,58
2024,111,Orana Far West,Permanent residential care,80–84,113
2024,111,Orana Far West,Permanent residential care,85–89,121
2024,111,Orana Far West,Permanent residential care,90–94,96
2024,111,Orana Far West,Permanent residential care,95–99,38
2024,111,Orana Far West,Respite residential care,100+,8
2024,111,Orana Far West,Respite residential care,50–54,1
2024,111,Orana Far West,Respite residential care,55–59,1
2024,111,Orana Far West,Respite residential care,60–64,4
2024,111,Orana Far West,Respite residential care,65–69,21
2024,111,Orana Far West,Respite residential care,70–74,61
2024,111,Orana Far West,Respite residential care,75–79,92
2024,111,Orana Far West,Respite residential care,80–84,200
2024,111,Orana Far West,Respite residential care,85–89,201
2024,111,Orana Far West,Respite residential care,90–94,111
2024,111,Orana Far West,Respite residential care,95–99,35
2024,111,Orana Far West,Short-term restorative care,50–54,1
2024,111,Orana Far West,Short-term restorative care,60–64,2
2024,111,Orana Far West,Short-term restorative care,65–69,4
2024,111,Orana Far West,Short-term restorative care,70–74,3
2024,111,Orana Far West,Short-term restorative care,75–79,12
2024,111,Orana Far West,Short-term restorative care,80–84,8
2024,111,Orana Far West,Short-term restorative care,85–89,7
2024,111,Orana Far West,Transition care,65–69,2
2024,111,Orana Far West,Transition care,70–74,1
2024,111,Orana Far West,Transition care,75–79,1
2024,111,Orana Far West,Transition care,80–84,1
2024,111,Orana Far West,Transition care,85–89,3
2024,112,Riverina/Murray,Home care,100+,6
2024,112,Riverina/Murray,Home care,50–54,1
2024,112,Riverina/Murray,Home care,55–59,6
2024,112,Riverina/Murray,Home care,60–64,14
2024,112,Riverina/Murray,Home care,65–69,127
2024,112,Riverina/Murray,Home care,70–74,287
2024,112,Riverina/Murray,Home care,75–79,475
2024,112,Riverina/Murray,Home care,80–84,581
2024,112,Riverina/Murray,Home care,85–89,519
2024,112,Riverina/Murray,Home care,90–94,271
2024,112,Riverina/Murray,Home care,95–99,64
2024,112,Riverina/Murray,Permanent residential care,100+,7
2024,112,Riverina/Murray,Permanent residential care,55–59,1
2024,112,Riverina/Murray,Permanent residential care,60–64,1
2024,112,Riverina/Murray,Permanent residential care,65–69,35
2024,112,Riverina/Murray,Permanent residential care,70–74,77
2024,112,Riverina/Murray,Permanent residential care,75–79,126
2024,112,Riverina/Murray,Permanent residential care,80–84,210
2024,112,Riverina/Murray,Permanent residential care,85–89,262
2024,112,Riverina/Murray,Permanent residential care,90–94,209
2024,112,Riverina/Murray,Permanent residential care,95–99,88
2024,112,Riverina/Murray,Respite residential care,100+,5
2024,112,Riverina/Murray,Respite residential care,55–59,3
2024,112,Riverina/Murray,Respite residential care,60–64,5
2024,112,Riverina/Murray,Respite residential care,65–69,52
2024,112,Riverina/Murray,Respite residential care,70–74,113
2024,112,Riverina/Murray,Respite residential care,75–79,189
2024,112,Riverina/Murray,Respite residential care,80–84,339
2024,112,Riverina/Murray,Respite residential care,85–89,390
2024,112,Riverina/Murray,Respite residential care,90–94,294
2024,112,Riverina/Murray,Respite residential care,95–99,100
2024,112,Riverina/Murray,Short-term restorative care,55–59,1
2024,112,Riverina/Murray,Short-term restorative care,60–64,1
2024,112,Riverina/Murray,Short-term restorative care,65–69,3
2024,112,Riverina/Murray,Short-term restorative care,70–74,9
2024,112,Riverina/Murray,Short-term restorative care,75–79,4
2024,112,Riverina/Murray,Short-term restorative care,80–84,6
2024,112,Riverina/Murray,Short-term restorative care,95–99,1
2024,112,Riverina/Murray,Transition care,60–64,1
2024,112,Riverina/Murray,Transition care,65–69,46
2024,112,Riverina/Murray,Transition care,70–74,71
2024,112,Riverina/Murray,Transition care,75–79,100
2024,112,Riverina/Murray,Transition care,80–84,88
2024,112,Riverina/Murray,Transition care,85–89,95
2024,112,Riverina/Murray,Transition care,90–94,38
2024,112,Riverina/Murray,Transition care,95–99,5
2024,113,South East Sydney,Home care,0–49,1
2024,113,South East Sydney,Home care,100+,21
2024,113,South East Sydney,Home care,50–54,9
2024,113,South East Sydney,Home care,55–59,13
2024,113,South East Sydney,Home care,60–64,17
2024,113,South East Sydney,Home care,65–69,306
2024,113,South East Sydney,Home care,70–74,667
2024,113,South East Sydney,Home care,75–79,1001
2024,113,South East Sydney,Home care,80–84,1156
2024,113,South East Sydney,Home care,85–89,1130
2024,113,South East Sydney,Home care,90–94,534
2024,113,South East Sydney,Home care,95–99,133
2024,113,South East Sydney,Permanent residential care,100+,25
2024,113,South East Sydney,Permanent residential care,50–54,1
2024,113,South East Sydney,Permanent residential care,55–59,1
2024,113,South East Sydney,Permanent residential care,60–64,9
2024,113,South East Sydney,Permanent residential care,65–69,84
2024,113,South East Sydney,Permanent residential care,70–74,171
2024,113,South East Sydney,Permanent residential care,75–79,334
2024,113,South East Sydney,Permanent residential care,80–84,535
2024,113,South East Sydney,Permanent residential care,85–89,728
2024,113,South East Sydney,Permanent residential care,90–94,579
2024,113,South East Sydney,Permanent residential care,95–99,223
2024,113,South East Sydney,Respite residential care,0–49,2
2024,113,South East Sydney,Respite residential care,100+,43
2024,113,South East Sydney,Respite residential care,50–54,3
2024,113,South East Sydney,Respite residential care,55–59,6
2024,113,South East Sydney,Respite residential care,60–64,18
2024,113,South East Sydney,Respite residential care,65–69,148
2024,113,South East Sydney,Respite residential care,70–74,319
2024,113,South East Sydney,Respite residential care,75–79,660
2024,113,South East Sydney,Respite residential care,80–84,898
2024,113,South East Sydney,Respite residential care,85–89,1232
2024,113,South East Sydney,Respite residential care,90–94,983
2024,113,South East Sydney,Respite residential care,95–99,341
2024,113,South East Sydney,Short-term restorative care,55–59,1
2024,113,South East Sydney,Short-term restorative care,65–69,8
2024,113,South East Sydney,Short-term restorative care,70–74,33
2024,113,South East Sydney,Short-term restorative care,75–79,23
2024,113,South East Sydney,Short-term restorative care,80–84,28
2024,113,South East Sydney,Short-term restorative care,85–89,28
2024,113,South East Sydney,Short-term restorative care,90–94,22
2024,113,South East Sydney,Short-term restorative care,95–99,2
2024,113,South East Sydney,Transition care,55–59,2
2024,113,South East Sydney,Transition care,60–64,1
2024,113,South East Sydney,Transition care,65–69,46
2024,113,South East Sydney,Transition care,70–74,59
2024,113,South East Sydney,Transition care,75–79,112
2024,113,South East Sydney,Transition care,80–84,139
2024,113,South East Sydney,Transition care,85–89,159
2024,113,South East Sydney,Transition care,90–94,70
2024,113,South East Sydney,Transition care,95–99,15
2024,114,South West Sydney,Home care,100+,6
2024,114,South West Sydney,Home care,50–54,3
2024,114,South West Sydney,Home care,55–59,5
2024,114,South West Sydney,Home care,60–64,12
2024,114,South West Sydney,Home care,65–69,192
2024,114,South West Sydney,Home care,70–74,385
2024,114,South West Sydney,Home care,75–79,519
2024,114,South West Sydney,Home care,80–84,564
2024,114,South West Sydney,Home care,85–89,466
2024,114,South West Sydney,Home care,90–94,253
2024,114,South West Sydney,Home care,95–99,58
2024,114,South West Sydney,Permanent residential care,100+,19
2024,114,South West Sydney,Permanent residential care,50–54,2
2024,114,South West Sydney,Permanent residential care,55–59,2
2024,114,South West Sydney,Permanent residential care,60–64,11
2024,114,South West Sydney,Permanent residential care,65–69,125
2024,114,South West Sydney,Permanent residential care,70–74,213
2024,114,South West Sydney,Permanent residential care,75–79,360
2024,114,South West Sydney,Permanent residential care,80–84,560
2024,114,South West Sydney,Permanent residential care,85–89,633
2024,114,South West Sydney,Permanent residential care,90–94,412
2024,114,South West Sydney,Permanent residential care,95–99,152
2024,114,South West Sydney,Respite residential care,100+,26
2024,114,South West Sydney,Respite residential care,50–54,2
2024,114,South West Sydney,Respite residential care,55–59,1
2024,114,South West Sydney,Respite residential care,60–64,16
2024,114,South West Sydney,Respite residential care,65–69,179
2024,114,South West Sydney,Respite residential care,70–74,362
2024,114,South West Sydney,Respite residential care,75–79,620
2024,114,South West Sydney,Respite residential care,80–84,821
2024,114,South West Sydney,Respite residential care,85–89,967
2024,114,South West Sydney,Respite residential care,90–94,642
2024,114,South West Sydney,Respite residential care,95–99,205
2024,114,South West Sydney,Respite residential care,Unknown,1
2024,114,South West Sydney,Short-term restorative care,65–69,8
2024,114,South West Sydney,Short-term restorative care,70–74,15
2024,114,South West Sydney,Short-term restorative care,75–79,31
2024,114,South West Sydney,Short-term restorative care,80–84,42
2024,114,South West Sydney,Short-term restorative care,85–89,27
2024,114,South West Sydney,Short-term restorative care,90–94,13
2024,114,South West Sydney,Transition care,50–54,1
2024,114,South West Sydney,Transition care,55–59,1
2024,114,South West Sydney,Transition care,65–69,45
2024,114,South West Sydney,Transition care,70–74,63
2024,114,South West Sydney,Transition care,75–79,63
2024,114,South West Sydney,Transition care,80–84,73
2024,114,South West Sydney,Transition care,85–89,57
2024,114,South West Sydney,Transition care,90–94,42
2024,114,South West Sydney,Transition care,95–99,11
2024,115,Southern Highlands,Home care,0–49,1
2024,115,Southern Highlands,Home care,100+,1
2024,115,Southern Highlands,Home care,60–64,6
2024,115,Southern Highlands,Home care,65–69,27
2024,115,Southern Highlands,Home care,70–74,71
2024,115,Southern Highlands,Home care,75–79,99
2024,115,Southern Highlands,Home care,80–84,148
2024,115,Southern Highlands,Home care,85–89,113
2024,115,Southern Highlands,Home care,90–94,59
2024,115,Southern Highlands,Home care,95–99,15
2024,115,Southern Highlands,Permanent residential care,100+,3
2024,115,Southern Highlands,Permanent residential care,55–59,1
2024,115,Southern Highlands,Permanent residential care,60–64,3
2024,115,Southern Highlands,Permanent residential care,65–69,35
2024,115,Southern Highlands,Permanent residential care,70–74,58
2024,115,Southern Highlands,Permanent residential care,75–79,106
2024,115,Southern Highlands,Permanent residential care,80–84,163
2024,115,Southern Highlands,Permanent residential care,85–89,212
2024,115,Southern Highlands,Permanent residential care,90–94,176
2024,115,Southern Highlands,Permanent residential care,95–99,59
2024,115,Southern Highlands,Respite residential care,100+,2
2024,115,Southern Highlands,Respite residential care,55–59,4
2024,115,Southern Highlands,Respite residential care,60–64,3
2024,115,Southern Highlands,Respite residential care,65–69,37
2024,115,Southern Highlands,Respite residential care,70–74,106
2024,115,Southern Highlands,Respite residential care,75–79,165
2024,115,Southern Highlands,Respite residential care,80–84,253
2024,115,Southern Highlands,Respite residential care,85–89,319
2024,115,Southern Highlands,Respite residential care,90–94,236
2024,115,Southern Highlands,Respite residential care,95–99,75
2024,115,Southern Highlands,Short-term restorative care,75–79,1
2024,115,Southern Highlands,Short-term restorative care,95–99,1
2024,115,Southern Highlands,Transition care,100+,2
2024,115,Southern Highlands,Transition care,55–59,1
2024,115,Southern Highlands,Transition care,60–64,2
2024,115,Southern Highlands,Transition care,65–69,17
2024,115,Southern Highlands,Transition care,70–74,36
2024,115,Southern Highlands,Transition care,75–79,47
2024,115,Southern Highlands,Transition care,80–84,46
2024,115,Southern Highlands,Transition care,85–89,34
2024,115,Southern Highlands,Transition care,90–94,23
2024,115,Southern Highlands,Transition care,95–99,3
2024,116,Western Sydney,Home care,0–49,2
2024,116,Western Sydney,Home care,100+,12
2024,116,Western Sydney,Home care,50–54,5
2024,116,Western Sydney,Home care,55–59,11
2024,116,Western Sydney,Home care,60–64,21
2024,116,Western Sydney,Home care,65–69,338
2024,116,Western Sydney,Home care,70–74,763
2024,116,Western Sydney,Home care,75–79,1010
2024,116,Western Sydney,Home care,80–84,1021
2024,116,Western Sydney,Home care,85–89,824
2024,116,Western Sydney,Home care,90–94,380
2024,116,Western Sydney,Home care,95–99,118
2024,116,Western Sydney,Permanent residential care,0–49,1
2024,116,Western Sydney,Permanent residential care,100+,17
2024,116,Western Sydney,Permanent residential care,50–54,1
2024,116,Western Sydney,Permanent residential care,55–59,1
2024,116,Western Sydney,Permanent residential care,60–64,4
2024,116,Western Sydney,Permanent residential care,65–69,69
2024,116,Western Sydney,Permanent residential care,70–74,160
2024,116,Western Sydney,Permanent residential care,75–79,294
2024,116,Western Sydney,Permanent residential care,80–84,445
2024,116,Western Sydney,Permanent residential care,85–89,542
2024,116,Western Sydney,Permanent residential care,90–94,377
2024,116,Western Sydney,Permanent residential care,95–99,138
2024,116,Western Sydney,Respite residential care,0–49,1
2024,116,Western Sydney,Respite residential care,100+,23
2024,116,Western Sydney,Respite residential care,50–54,1
2024,116,Western Sydney,Respite residential care,55–59,2
2024,116,Western Sydney,Respite residential care,60–64,12
2024,116,Western Sydney,Respite residential care,65–69,120
2024,116,Western Sydney,Respite residential care,70–74,271
2024,116,Western Sydney,Respite residential care,75–79,539
2024,116,Western Sydney,Respite residential care,80–84,687
2024,116,Western Sydney,Respite residential care,85–89,877
2024,116,Western Sydney,Respite residential care,90–94,588
2024,116,Western Sydney,Respite residential care,95–99,225
2024,116,Western Sydney,Short-term restorative care,100+,1
2024,116,Western Sydney,Short-term restorative care,50–54,4
2024,116,Western Sydney,Short-term restorative care,55–59,4
2024,116,Western Sydney,Short-term restorative care,60–64,6
2024,116,Western Sydney,Short-term restorative care,65–69,33
2024,116,Western Sydney,Short-term restorative care,70–74,44
2024,116,Western Sydney,Short-term restorative care,75–79,77
2024,116,Western Sydney,Short-term restorative care,80–84,67
2024,116,Western Sydney,Short-term restorative care,85–89,45
2024,116,Western Sydney,Short-term restorative care,90–94,20
2024,116,Western Sydney,Short-term restorative care,95–99,2
2024,116,Western Sydney,Transition care,65–69,33
2024,116,Western Sydney,Transition care,70–74,49
2024,116,Western Sydney,Transition care,75–79,67
2024,116,Western Sydney,Transition care,80–84,80
2024,116,Western Sydney,Transition care,85–89,66
2024,116,Western Sydney,Transition care,90–94,23
2024,116,Western Sydney,Transition care,95–99,10
2024,201,Barwon-South Western,Home care,100+,4
2024,201,Barwon-South Western,Home care,50–54,1
2024,201,Barwon-South Western,Home care,55–59,2
2024,201,Barwon-South Western,Home care,60–64,5
2024,201,Barwon-South Western,Home care,65–69,112
2024,201,Barwon-South Western,Home care,70–74,173
2024,201,Barwon-South Western,Home care,75–79,299
2024,201,Barwon-South Western,Home care,80–84,387
2024,201,Barwon-South Western,Home care,85–89,283
2024,201,Barwon-South Western,Home care,90–94,163
2024,201,Barwon-South Western,Home care,95–99,24
2024,201,Barwon-South Western,Permanent residential care,100+,17
2024,201,Barwon-South Western,Permanent residential care,50–54,1
2024,201,Barwon-South Western,Permanent residential care,55–59,1
2024,201,Barwon-South Western,Permanent residential care,60–64,6
2024,201,Barwon-South Western,Permanent residential care,65–69,75
2024,201,Barwon-South Western,Permanent residential care,70–74,138
2024,201,Barwon-South Western,Permanent residential care,75–79,238
2024,201,Barwon-South Western,Permanent residential care,80–84,361
2024,201,Barwon-South Western,Permanent residential care,85–89,475
2024,201,Barwon-South Western,Permanent residential care,90–94,382
2024,201,Barwon-South Western,Permanent residential care,95–99,151
2024,201,Barwon-South Western,Permanent residential care,Unknown,1
2024,201,Barwon-South Western,Respite residential care,100+,20
2024,201,Barwon-South Western,Respite residential care,50–54,1
2024,201,Barwon-South Western,Respite residential care,60–64,6
2024,201,Barwon-South Western,Respite residential care,65–69,98
2024,201,Barwon-South Western,Respite residential care,70–74,211
2024,201,Barwon-South Western,Respite residential care,75–79,382
2024,201,Barwon-South Western,Respite residential care,80–84,603
2024,201,Barwon-South Western,Respite residential care,85–89,767
2024,201,Barwon-South Western,Respite residential care,90–94,631
2024,201,Barwon-South Western,Respite residential care,95–99,236
2024,201,Barwon-South Western,Short-term restorative care,65–69,21
2024,201,Barwon-South Western,Short-term restorative care,70–74,33
2024,201,Barwon-South Western,Short-term restorative care,75–79,30
2024,201,Barwon-South Western,Short-term restorative care,80–84,38
2024,201,Barwon-South Western,Short-term restorative care,85–89,30
2024,201,Barwon-South Western,Short-term restorative care,90–94,13
2024,201,Barwon-South Western,Short-term restorative care,95–99,1
2024,201,Barwon-South Western,Transition care,100+,2
2024,201,Barwon-South Western,Transition care,60–64,1
2024,201,Barwon-South Western,Transition care,65–69,12
2024,201,Barwon-South Western,Transition care,70–74,34
2024,201,Barwon-South Western,Transition care,75–79,72
2024,201,Barwon-South Western,Transition care,80–84,73
2024,201,Barwon-South Western,Transition care,85–89,62
2024,201,Barwon-South Western,Transition care,90–94,47
2024,201,Barwon-South Western,Transition care,95–99,14
2024,202,Eastern Metro,Home care,100+,22
2024,202,Eastern Metro,Home care,50–54,8
2024,202,Eastern Metro,Home care,55–59,8
2024,202,Eastern Metro,Home care,60–64,15
2024,202,Eastern Metro,Home care,65–69,432
2024,202,Eastern Metro,Home care,70–74,915
2024,202,Eastern Metro,Home care,75–79,1391
2024,202,Eastern Metro,Home care,80–84,1730
2024,202,Eastern Metro,Home care,85–89,1512
2024,202,Eastern Metro,Home care,90–94,750
2024,202,Eastern Metro,Home care,95–99,171
2024,202,Eastern Metro,Permanent residential care,100+,45
2024,202,Eastern Metro,Permanent residential care,50–54,3
2024,202,Eastern Metro,Permanent residential care,55–59,1
2024,202,Eastern Metro,Permanent residential care,60–64,7
2024,202,Eastern Metro,Permanent residential care,65–69,113
2024,202,Eastern Metro,Permanent residential care,70–74,232
2024,202,Eastern Metro,Permanent residential care,75–79,453
2024,202,Eastern Metro,Permanent residential care,80–84,789
2024,202,Eastern Metro,Permanent residential care,85–89,1103
2024,202,Eastern Metro,Permanent residential care,90–94,886
2024,202,Eastern Metro,Permanent residential care,95–99,322
2024,202,Eastern Metro,Respite residential care,100+,69
2024,202,Eastern Metro,Respite residential care,50–54,2
2024,202,Eastern Metro,Respite residential care,55–59,4
2024,202,Eastern Metro,Respite residential care,60–64,10
2024,202,Eastern Metro,Respite residential care,65–69,146
2024,202,Eastern Metro,Respite residential care,70–74,389
2024,202,Eastern Metro,Respite residential care,75–79,810
2024,202,Eastern Metro,Respite residential care,80–84,1404
2024,202,Eastern Metro,Respite residential care,85–89,1745
2024,202,Eastern Metro,Respite residential care,90–94,1449
2024,202,Eastern Metro,Respite residential care,95–99,535
2024,202,Eastern Metro,Short-term restorative care,65–69,80
2024,202,Eastern Metro,Short-term restorative care,70–74,127
2024,202,Eastern Metro,Short-term restorative care,75–79,174
2024,202,Eastern Metro,Short-term restorative care,80–84,181
2024,202,Eastern Metro,Short-term restorative care,85–89,144
2024,202,Eastern Metro,Short-term restorative care,90–94,61
2024,202,Eastern Metro,Short-term restorative care,95–99,10
2024,202,Eastern Metro,Transition care,100+,3
2024,202,Eastern Metro,Transition care,65–69,34
2024,202,Eastern Metro,Transition care,70–74,70
2024,202,Eastern Metro,Transition care,75–79,90
2024,202,Eastern Metro,Transition care,80–84,126
2024,202,Eastern Metro,Transition care,85–89,114
2024,202,Eastern Metro,Transition care,90–94,78
2024,202,Eastern Metro,Transition care,95–99,23
2024,203,Gippsland,Home care,50–54,7
2024,203,Gippsland,Home care,55–59,9
2024,203,Gippsland,Home care,60–64,9
2024,203,Gippsland,Home care,65–69,113
2024,203,Gippsland,Home care,70–74,198
2024,203,Gippsland,Home care,75–79,263
2024,203,Gippsland,Home care,80–84,302
2024,203,Gippsland,Home care,85–89,259
2024,203,Gippsland,Home care,90–94,101
2024,203,Gippsland,Home care,95–99,19
2024,203,Gippsland,Permanent residential care,100+,10
2024,203,Gippsland,Permanent residential care,50–54,2
2024,203,Gippsland,Permanent residential care,55–59,1
2024,203,Gippsland,Permanent residential care,60–64,8
2024,203,Gippsland,Permanent residential care,65–69,48
2024,203,Gippsland,Permanent residential care,70–74,85
2024,203,Gippsland,Permanent residential care,75–79,170
2024,203,Gippsland,Permanent residential care,80–84,267
2024,203,Gippsland,Permanent residential care,85–89,289
2024,203,Gippsland,Permanent residential care,90–94,251
2024,203,Gippsland,Permanent residential care,95–99,79
2024,203,Gippsland,Respite residential care,100+,13
2024,203,Gippsland,Respite residential care,50–54,6
2024,203,Gippsland,Respite residential care,55–59,3
2024,203,Gippsland,Respite residential care,60–64,6
2024,203,Gippsland,Respite residential care,65–69,80
2024,203,Gippsland,Respite residential care,70–74,188
2024,203,Gippsland,Respite residential care,75–79,268
2024,203,Gippsland,Respite residential care,80–84,421
2024,203,Gippsland,Respite residential care,85–89,498
2024,203,Gippsland,Respite residential care,90–94,356
2024,203,Gippsland,Respite residential care,95–99,96
2024,203,Gippsland,Short-term restorative care,55–59,1
2024,203,Gippsland,Short-term restorative care,65–69,2
2024,203,Gippsland,Short-term restorative care,70–74,8
2024,203,Gippsland,Short-term restorative care,75–79,6
2024,203,Gippsland,Short-term restorative care,80–84,16
2024,203,Gippsland,Short-term restorative care,85–89,9
2024,203,Gippsland,Short-term restorative care,90–94,1
2024,203,Gippsland,Transition care,65–69,16
2024,203,Gippsland,Transition care,70–74,33
2024,203,Gippsland,Transition care,75–79,22
2024,203,Gippsland,Transition care,80–84,25
2024,203,Gippsland,Transition care,85–89,19
2024,203,Gippsland,Transition care,90–94,20
2024,203,Gippsland,Transition care,95–99,4
2024,204,Grampians,Home care,100+,2
2024,204,Grampians,Home care,55–59,1
2024,204,Grampians,Home care,60–64,2
2024,204,Grampians,Home care,65–69,35
2024,204,Grampians,Home care,70–74,66
2024,204,Grampians,Home care,75–79,106
2024,204,Grampians,Home care,80–84,151
2024,204,Grampians,Home care,85–89,145
2024,204,Grampians,Home care,90–94,88
2024,204,Grampians,Home care,95–99,15
2024,204,Grampians,Permanent residential care,100+,8
2024,204,Grampians,Permanent residential care,55–59,1
2024,204,Grampians,Permanent residential care,60–64,1
2024,204,Grampians,Permanent residential care,65–69,31
2024,204,Grampians,Permanent residential care,70–74,78
2024,204,Grampians,Permanent residential care,75–79,152
2024,204,Grampians,Permanent residential care,80–84,212
2024,204,Grampians,Permanent residential care,85–89,289
2024,204,Grampians,Permanent residential care,90–94,211
2024,204,Grampians,Permanent residential care,95–99,68
2024,204,Grampians,Respite residential care,100+,4
2024,204,Grampians,Respite residential care,60–64,1
2024,204,Grampians,Respite residential care,65–69,28
2024,204,Grampians,Respite residential care,70–74,93
2024,204,Grampians,Respite residential care,75–79,160
2024,204,Grampians,Respite residential care,80–84,245
2024,204,Grampians,Respite residential care,85–89,259
2024,204,Grampians,Respite residential care,90–94,252
2024,204,Grampians,Respite residential care,95–99,68
2024,204,Grampians,Short-term restorative care,55–59,1
2024,204,Grampians,Short-term restorative care,65–69,22
2024,204,Grampians,Short-term restorative care,70–74,33
2024,204,Grampians,Short-term restorative care,75–79,33
2024,204,Grampians,Short-term restorative care,80–84,48
2024,204,Grampians,Short-term restorative care,85–89,28
2024,204,Grampians,Short-term restorative care,90–94,17
2024,204,Grampians,Short-term restorative care,95–99,2
2024,204,Grampians,Transition care,65–69,15
2024,204,Grampians,Transition care,70–74,20
2024,204,Grampians,Transition care,75–79,38
2024,204,Grampians,Transition care,80–84,38
2024,204,Grampians,Transition care,85–89,32
2024,204,Grampians,Transition care,90–94,29
2024,204,Grampians,Transition care,95–99,9
2024,205,Hume,Home care,100+,5
2024,205,Hume,Home care,50–54,2
2024,205,Hume,Home care,55–59,4
2024,205,Hume,Home care,60–64,3
2024,205,Hume,Home care,65–69,78
2024,205,Hume,Home care,70–74,131
2024,205,Hume,Home care,75–79,206
2024,205,Hume,Home care,80–84,257
2024,205,Hume,Home care,85–89,245
2024,205,Hume,Home care,90–94,111
2024,205,Hume,Home care,95–99,28
2024,205,Hume,Permanent residential care,100+,12
2024,205,Hume,Permanent residential care,50–54,1
2024,205,Hume,Permanent residential care,60–64,3
2024,205,Hume,Permanent residential care,65–69,31
2024,205,Hume,Permanent residential care,70–74,72
2024,205,Hume,Permanent residential care,75–79,147
2024,205,Hume,Permanent residential care,80–84,224
2024,205,Hume,Permanent residential care,85–89,335
2024,205,Hume,Permanent residential care,90–94,232
2024,205,Hume,Permanent residential care,95–99,80
2024,205,Hume,Respite residential care,100+,15
2024,205,Hume,Respite residential care,50–54,3
2024,205,Hume,Respite residential care,55–59,1
2024,205,Hume,Respite residential care,60–64,1
2024,205,Hume,Respite residential care,65–69,42
2024,205,Hume,Respite residential care,70–74,111
2024,205,Hume,Respite residential care,75–79,202
2024,205,Hume,Respite residential care,80–84,345
2024,205,Hume,Respite residential care,85–89,457
2024,205,Hume,Respite residential care,90–94,348
2024,205,Hume,Respite residential care,95–99,101
2024,205,Hume,Short-term restorative care,100+,1
2024,205,Hume,Short-term restorative care,60–64,2
2024,205,Hume,Short-term restorative care,65–69,21
2024,205,Hume,Short-term restorative care,70–74,21
2024,205,Hume,Short-term restorative care,75–79,45
2024,205,Hume,Short-term restorative care,80–84,51
2024,205,Hume,Short-term restorative care,85–89,41
2024,205,Hume,Short-term restorative care,90–94,23
2024,205,Hume,Short-term restorative care,95–99,6
2024,205,Hume,Transition care,100+,1
2024,205,Hume,Transition care,65–69,16
2024,205,Hume,Transition care,70–74,30
2024,205,Hume,Transition care,75–79,49
2024,205,Hume,Transition care,80–84,57
2024,205,Hume,Transition care,85–89,69
2024,205,Hume,Transition care,90–94,35
2024,205,Hume,Transition care,95–99,6
2024,206,Loddon-Mallee,Home care,100+,3
2024,206,Loddon-Mallee,Home care,50–54,1
2024,206,Loddon-Mallee,Home care,55–59,3
2024,206,Loddon-Mallee,Home care,60–64,2
2024,206,Loddon-Mallee,Home care,65–69,56
2024,206,Loddon-Mallee,Home care,70–74,84
2024,206,Loddon-Mallee,Home care,75–79,150
2024,206,Loddon-Mallee,Home care,80–84,203
2024,206,Loddon-Mallee,Home care,85–89,166
2024,206,Loddon-Mallee,Home care,90–94,75
2024,206,Loddon-Mallee,Home care,95–99,24
2024,206,Loddon-Mallee,Permanent residential care,100+,12
2024,206,Loddon-Mallee,Permanent residential care,50–54,1
2024,206,Loddon-Mallee,Permanent residential care,55–59,2
2024,206,Loddon-Mallee,Permanent residential care,60–64,8
2024,206,Loddon-Mallee,Permanent residential care,65–69,41
2024,206,Loddon-Mallee,Permanent residential care,70–74,107
2024,206,Loddon-Mallee,Permanent residential care,75–79,187
2024,206,Loddon-Mallee,Permanent residential care,80–84,329
2024,206,Loddon-Mallee,Permanent residential care,85–89,344
2024,206,Loddon-Mallee,Permanent residential care,90–94,301
2024,206,Loddon-Mallee,Permanent residential care,95–99,94
2024,206,Loddon-Mallee,Respite residential care,100+,15
2024,206,Loddon-Mallee,Respite residential care,55–59,3
2024,206,Loddon-Mallee,Respite residential care,60–64,4
2024,206,Loddon-Mallee,Respite residential care,65–69,49
2024,206,Loddon-Mallee,Respite residential care,70–74,124
2024,206,Loddon-Mallee,Respite residential care,75–79,224
2024,206,Loddon-Mallee,Respite residential care,80–84,396
2024,206,Loddon-Mallee,Respite residential care,85–89,413
2024,206,Loddon-Mallee,Respite residential care,90–94,362
2024,206,Loddon-Mallee,Respite residential care,95–99,111
2024,206,Loddon-Mallee,Short-term restorative care,65–69,6
2024,206,Loddon-Mallee,Short-term restorative care,70–74,5
2024,206,Loddon-Mallee,Short-term restorative care,75–79,13
2024,206,Loddon-Mallee,Short-term restorative care,80–84,6
2024,206,Loddon-Mallee,Short-term restorative care,85–89,3
2024,206,Loddon-Mallee,Short-term restorative care,90–94,1
2024,206,Loddon-Mallee,Short-term restorative care,95–99,1
2024,206,Loddon-Mallee,Transition care,0–49,1
2024,206,Loddon-Mallee,Transition care,100+,2
2024,206,Loddon-Mallee,Transition care,55–59,1
2024,206,Loddon-Mallee,Transition care,60–64,2
2024,206,Loddon-Mallee,Transition care,65–69,25
2024,206,Loddon-Mallee,Transition care,70–74,27
2024,206,Loddon-Mallee,Transition care,75–79,54
2024,206,Loddon-Mallee,Transition care,80–84,75
2024,206,Loddon-Mallee,Transition care,85–89,69
2024,206,Loddon-Mallee,Transition care,90–94,50
2024,206,Loddon-Mallee,Transition care,95–99,8
2024,207,Northern Metro,Home care,0–49,1
2024,207,Northern Metro,Home care,100+,9
2024,207,Northern Metro,Home care,50–54,4
2024,207,Northern Metro,Home care,55–59,3
2024,207,Northern Metro,Home care,60–64,5
2024,207,Northern Metro,Home care,65–69,189
2024,207,Northern Metro,Home care,70–74,385
2024,207,Northern Metro,Home care,75–79,590
2024,207,Northern Metro,Home care,80–84,746
2024,207,Northern Metro,Home care,85–89,643
2024,207,Northern Metro,Home care,90–94,324
2024,207,Northern Metro,Home care,95–99,69
2024,207,Northern Metro,Permanent residential care,100+,18
2024,207,Northern Metro,Permanent residential care,55–59,6
2024,207,Northern Metro,Permanent residential care,60–64,3
2024,207,Northern Metro,Permanent residential care,65–69,84
2024,207,Northern Metro,Permanent residential care,70–74,177
2024,207,Northern Metro,Permanent residential care,75–79,339
2024,207,Northern Metro,Permanent residential care,80–84,509
2024,207,Northern Metro,Permanent residential care,85–89,650
2024,207,Northern Metro,Permanent residential care,90–94,514
2024,207,Northern Metro,Permanent residential care,95–99,148
2024,207,Northern Metro,Permanent residential care,Unknown,1
2024,207,Northern Metro,Respite residential care,100+,31
2024,207,Northern Metro,Respite residential care,50–54,3
2024,207,Northern Metro,Respite residential care,55–59,2
2024,207,Northern Metro,Respite residential care,60–64,6
2024,207,Northern Metro,Respite residential care,65–69,103
2024,207,Northern Metro,Respite residential care,70–74,290
2024,207,Northern Metro,Respite residential care,75–79,550
2024,207,Northern Metro,Respite residential care,80–84,845
2024,207,Northern Metro,Respite residential care,85–89,1161
2024,207,Northern Metro,Respite residential care,90–94,820
2024,207,Northern Metro,Respite residential care,95–99,238
2024,207,Northern Metro,Respite residential care,Unknown,1
2024,207,Northern Metro,Short-term restorative care,65–69,27
2024,207,Northern Metro,Short-term restorative care,70–74,32
2024,207,Northern Metro,Short-term restorative care,75–79,61
2024,207,Northern Metro,Short-term restorative care,80–84,73
2024,207,Northern Metro,Short-term restorative care,85–89,68
2024,207,Northern Metro,Short-term restorative care,90–94,29
2024,207,Northern Metro,Short-term restorative care,95–99,4
2024,207,Northern Metro,Transition care,65–69,32
2024,207,Northern Metro,Transition care,70–74,39
2024,207,Northern Metro,Transition care,75–79,78
2024,207,Northern Metro,Transition care,80–84,102
2024,207,Northern Metro,Transition care,85–89,103
2024,207,Northern Metro,Transition care,90–94,53
2024,207,Northern Metro,Transition care,95–99,16
2024,208,Southern Metro,Home care,0–49,1
2024,208,Southern Metro,Home care,100+,11
2024,208,Southern Metro,Home care,50–54,3
2024,208,Southern Metro,Home care,55–59,3
2024,208,Southern Metro,Home care,60–64,13
2024,208,Southern Metro,Home care,65–69,267
2024,208,Southern Metro,Home care,70–74,556
2024,208,Southern Metro,Home care,75–79,922
2024,208,Southern Metro,Home care,80–84,1235
2024,208,Southern Metro,Home care,85–89,1171
2024,208,Southern Metro,Home care,90–94,639
2024,208,Southern Metro,Home care,95–99,152
2024,208,Southern Metro,Permanent residential care,0–49,1
2024,208,Southern Metro,Permanent residential care,100+,45
2024,208,Southern Metro,Permanent residential care,50–54,2
2024,208,Southern Metro,Permanent residential care,55–59,1
2024,208,Southern Metro,Permanent residential care,60–64,19
2024,208,Southern Metro,Permanent residential care,65–69,170
2024,208,Southern Metro,Permanent residential care,70–74,359
2024,208,Southern Metro,Permanent residential care,75–79,658
2024,208,Southern Metro,Permanent residential care,80–84,922
2024,208,Southern Metro,Permanent residential care,85–89,1200
2024,208,Southern Metro,Permanent residential care,90–94,925
2024,208,Southern Metro,Permanent residential care,95–99,369
2024,208,Southern Metro,Respite residential care,100+,67
2024,208,Southern Metro,Respite residential care,50–54,2
2024,208,Southern Metro,Respite residential care,55–59,2
2024,208,Southern Metro,Respite residential care,60–64,25
2024,208,Southern Metro,Respite residential care,65–69,147
2024,208,Southern Metro,Respite residential care,70–74,497
2024,208,Southern Metro,Respite residential care,75–79,953
2024,208,Southern Metro,Respite residential care,80–84,1430
2024,208,Southern Metro,Respite residential care,85–89,1731
2024,208,Southern Metro,Respite residential care,90–94,1442
2024,208,Southern Metro,Respite residential care,95–99,534
2024,208,Southern Metro,Short-term restorative care,65–69,10
2024,208,Southern Metro,Short-term restorative care,70–74,8
2024,208,Southern Metro,Short-term restorative care,75–79,11
2024,208,Southern Metro,Short-term restorative care,80–84,11
2024,208,Southern Metro,Short-term restorative care,85–89,12
2024,208,Southern Metro,Short-term restorative care,90–94,2
2024,208,Southern Metro,Transition care,100+,8
2024,208,Southern Metro,Transition care,65–69,59
2024,208,Southern Metro,Transition care,70–74,97
2024,208,Southern Metro,Transition care,75–79,130
2024,208,Southern Metro,Transition care,80–84,167
2024,208,Southern Metro,Transition care,85–89,164
2024,208,Southern Metro,Transition care,90–94,83
2024,208,Southern Metro,Transition care,95–99,38
2024,209,Western Metro,Home care,0–49,2
2024,209,Western Metro,Home care,100+,1
2024,209,Western Metro,Home care,50–54,1
2024,209,Western Metro,Home care,55–59,7
2024,209,Western Metro,Home care,60–64,8
2024,209,Western Metro,Home care,65–69,176
2024,209,Western Metro,Home care,70–74,392
2024,209,Western Metro,Home care,75–79,537
2024,209,Western Metro,Home care,80–84,555
2024,209,Western Metro,Home care,85–89,479
2024,209,Western Metro,Home care,90–94,215
2024,209,Western Metro,Home care,95–99,55
2024,209,Western Metro,Permanent residential care,0–49,1
2024,209,Western Metro,Permanent residential care,100+,17
2024,209,Western Metro,Permanent residential care,50–54,1
2024,209,Western Metro,Permanent residential care,55–59,2
2024,209,Western Metro,Permanent residential care,60–64,6
2024,209,Western Metro,Permanent residential care,65–69,82
2024,209,Western Metro,Permanent residential care,70–74,187
2024,209,Western Metro,Permanent residential care,75–79,299
2024,209,Western Metro,Permanent residential care,80–84,401
2024,209,Western Metro,Permanent residential care,85–89,554
2024,209,Western Metro,Permanent residential care,90–94,358
2024,209,Western Metro,Permanent residential care,95–99,116
2024,209,Western Metro,Respite residential care,0–49,1
2024,209,Western Metro,Respite residential care,100+,28
2024,209,Western Metro,Respite residential care,50–54,3
2024,209,Western Metro,Respite residential care,55–59,7
2024,209,Western Metro,Respite residential care,60–64,16
2024,209,Western Metro,Respite residential care,65–69,130
2024,209,Western Metro,Respite residential care,70–74,311
2024,209,Western Metro,Respite residential care,75–79,476
2024,209,Western Metro,Respite residential care,80–84,722
2024,209,Western Metro,Respite residential care,85–89,923
2024,209,Western Metro,Respite residential care,90–94,640
2024,209,Western Metro,Respite residential care,95–99,220
2024,209,Western Metro,Short-term restorative care,55–59,2
2024,209,Western Metro,Short-term restorative care,60–64,1
2024,209,Western Metro,Short-term restorative care,65–69,34
2024,209,Western Metro,Short-term restorative care,70–74,50
2024,209,Western Metro,Short-term restorative care,75–79,104
2024,209,Western Metro,Short-term restorative care,80–84,82
2024,209,Western Metro,Short-term restorative care,85–89,64
2024,209,Western Metro,Short-term restorative care,90–94,40
2024,209,Western Metro,Short-term restorative care,95–99,10
2024,209,Western Metro,Transition care,55–59,1
2024,209,Western Metro,Transition care,60–64,1
2024,209,Western Metro,Transition care,65–69,30
2024,209,Western Metro,Transition care,70–74,73
2024,209,Western Metro,Transition care,75–79,96
2024,209,Western Metro,Transition care,80–84,100
2024,209,Western Metro,Transition care,85–89,111
2024,209,Western Metro,Transition care,90–94,59
2024,209,Western Metro,Transition care,95–99,29
2024,301,Brisbane North,Home care,0–49,3
2024,301,Brisbane North,Home care,100+,29
2024,301,Brisbane North,Home care,50–54,14
2024,301,Brisbane North,Home care,55–59,26
2024,301,Brisbane North,Home care,60–64,45
2024,301,Brisbane North,Home care,65–69,517
2024,301,Brisbane North,Home care,70–74,1092
2024,301,Brisbane North,Home care,75–79,1465
2024,301,Brisbane North,Home care,80–84,1640
2024,301,Brisbane North,Home care,85–89,1442
2024,301,Brisbane North,Home care,90–94,804
2024,301,Brisbane North,Home care,95–99,183
2024,301,Brisbane North,Permanent residential care,100+,10
2024,301,Brisbane North,Permanent residential care,55–59,3
2024,301,Brisbane North,Permanent residential care,60–64,3
2024,301,Brisbane North,Permanent residential care,65–69,54
2024,301,Brisbane North,Permanent residential care,70–74,126
2024,301,Brisbane North,Permanent residential care,75–79,223
2024,301,Brisbane North,Permanent residential care,80–84,351
2024,301,Brisbane North,Permanent residential care,85–89,459
2024,301,Brisbane North,Permanent residential care,90–94,306
2024,301,Brisbane North,Permanent residential care,95–99,109
2024,301,Brisbane North,Respite residential care,100+,25
2024,301,Brisbane North,Respite residential care,60–64,2
2024,301,Brisbane North,Respite residential care,65–69,45
2024,301,Brisbane North,Respite residential care,70–74,131
2024,301,Brisbane North,Respite residential care,75–79,220
2024,301,Brisbane North,Respite residential care,80–84,345
2024,301,Brisbane North,Respite residential care,85–89,425
2024,301,Brisbane North,Respite residential care,90–94,286
2024,301,Brisbane North,Respite residential care,95–99,99
2024,301,Brisbane North,Short-term restorative care,55–59,1
2024,301,Brisbane North,Short-term restorative care,65–69,7
2024,301,Brisbane North,Short-term restorative care,70–74,25
2024,301,Brisbane North,Short-term restorative care,75–79,21
2024,301,Brisbane North,Short-term restorative care,80–84,29
2024,301,Brisbane North,Short-term restorative care,85–89,17
2024,301,Brisbane North,Short-term restorative care,90–94,7
2024,301,Brisbane North,Short-term restorative care,95–99,1
2024,301,Brisbane North,Transition care,100+,1
2024,301,Brisbane North,Transition care,60–64,2
2024,301,Brisbane North,Transition care,65–69,43
2024,301,Brisbane North,Transition care,70–74,65
2024,301,Brisbane North,Transition care,75–79,93
2024,301,Brisbane North,Transition care,80–84,108
2024,301,Brisbane North,Transition care,85–89,79
2024,301,Brisbane North,Transition care,90–94,44
2024,301,Brisbane North,Transition care,95–99,12
2024,302,Brisbane South,Home care,0–49,1
2024,302,Brisbane South,Home care,100+,11
2024,302,Brisbane South,Home care,50–54,16
2024,302,Brisbane South,Home care,55–59,12
2024,302,Brisbane South,Home care,60–64,38
2024,302,Brisbane South,Home care,65–69,378
2024,302,Brisbane South,Home care,70–74,679
2024,302,Brisbane South,Home care,75–79,981
2024,302,Brisbane South,Home care,80–84,1139
2024,302,Brisbane South,Home care,85–89,965
2024,302,Brisbane South,Home care,90–94,497
2024,302,Brisbane South,Home care,95–99,120
2024,302,Brisbane South,Permanent residential care,100+,20
2024,302,Brisbane South,Permanent residential care,55–59,4
2024,302,Brisbane South,Permanent residential care,60–64,6
2024,302,Brisbane South,Permanent residential care,65–69,85
2024,302,Brisbane South,Permanent residential care,70–74,195
2024,302,Brisbane South,Permanent residential care,75–79,344
2024,302,Brisbane South,Permanent residential care,80–84,534
2024,302,Brisbane South,Permanent residential care,85–89,592
2024,302,Brisbane South,Permanent residential care,90–94,495
2024,302,Brisbane South,Permanent residential care,95–99,169
2024,302,Brisbane South,Respite residential care,100+,21
2024,302,Brisbane South,Respite residential care,50–54,1
2024,302,Brisbane South,Respite residential care,60–64,6
2024,302,Brisbane South,Respite residential care,65–69,106
2024,302,Brisbane South,Respite residential care,70–74,227
2024,302,Brisbane South,Respite residential care,75–79,382
2024,302,Brisbane South,Respite residential care,80–84,649
2024,302,Brisbane South,Respite residential care,85–89,682
2024,302,Brisbane South,Respite residential care,90–94,575
2024,302,Brisbane South,Respite residential care,95–99,202
2024,302,Brisbane South,Transition care,60–64,2
2024,302,Brisbane South,Transition care,65–69,36
2024,302,Brisbane South,Transition care,70–74,47
2024,302,Brisbane South,Transition care,75–79,103
2024,302,Brisbane South,Transition care,80–84,86
2024,302,Brisbane South,Transition care,85–89,76
2024,302,Brisbane South,Transition care,90–94,44
2024,302,Brisbane South,Transition care,95–99,7
2024,303,Cabool,Home care,100+,3
2024,303,Cabool,Home care,50–54,6
2024,303,Cabool,Home care,55–59,21
2024,303,Cabool,Home care,60–64,32
2024,303,Cabool,Home care,65–69,150
2024,303,Cabool,Home care,70–74,278
2024,303,Cabool,Home care,75–79,393
2024,303,Cabool,Home care,80–84,489
2024,303,Cabool,Home care,85–89,394
2024,303,Cabool,Home care,90–94,184
2024,303,Cabool,Home care,95–99,50
2024,303,Cabool,Permanent residential care,100+,16
2024,303,Cabool,Permanent residential care,50–54,1
2024,303,Cabool,Permanent residential care,55–59,4
2024,303,Cabool,Permanent residential care,60–64,4
2024,303,Cabool,Permanent residential care,65–69,74
2024,303,Cabool,Permanent residential care,70–74,132
2024,303,Cabool,Permanent residential care,75–79,252
2024,303,Cabool,Permanent residential care,80–84,351
2024,303,Cabool,Permanent residential care,85–89,378
2024,303,Cabool,Permanent residential care,90–94,262
2024,303,Cabool,Permanent residential care,95–99,102
2024,303,Cabool,Respite residential care,100+,9
2024,303,Cabool,Respite residential care,50–54,1
2024,303,Cabool,Respite residential care,55–59,2
2024,303,Cabool,Respite residential care,60–64,1
2024,303,Cabool,Respite residential care,65–69,54
2024,303,Cabool,Respite residential care,70–74,118
2024,303,Cabool,Respite residential care,75–79,225
2024,303,Cabool,Respite residential care,80–84,306
2024,303,Cabool,Respite residential care,85–89,333
2024,303,Cabool,Respite residential care,90–94,220
2024,303,Cabool,Respite residential care,95–99,87
2024,303,Cabool,Short-term restorative care,100+,1
2024,303,Cabool,Short-term restorative care,50–54,1
2024,303,Cabool,Short-term restorative care,65–69,39
2024,303,Cabool,Short-term restorative care,70–74,51
2024,303,Cabool,Short-term restorative care,75–79,57
2024,303,Cabool,Short-term restorative care,80–84,95
2024,303,Cabool,Short-term restorative care,85–89,28
2024,303,Cabool,Short-term restorative care,90–94,13
2024,303,Cabool,Short-term restorative care,95–99,4
2024,304,Central West,Home care,65–69,2
2024,304,Central West,Home care,70–74,2
2024,304,Central West,Home care,75–79,1
2024,304,Central West,Home care,80–84,8
2024,304,Central West,Home care,90–94,2
2024,304,Central West,Home care,95–99,1
2024,304,Central West,Permanent residential care,60–64,1
2024,304,Central West,Permanent residential care,65–69,1
2024,304,Central West,Permanent residential care,70–74,6
2024,304,Central West,Permanent residential care,75–79,8
2024,304,Central West,Permanent residential care,80–84,5
2024,304,Central West,Permanent residential care,85–89,8
2024,304,Central West,Permanent residential care,90–94,5
2024,304,Central West,Respite residential care,55–59,3
2024,304,Central West,Respite residential care,65–69,1
2024,304,Central West,Respite residential care,70–74,5
2024,304,Central West,Respite residential care,75–79,5
2024,304,Central West,Respite residential care,80–84,5
2024,304,Central West,Respite residential care,85–89,14
2024,304,Central West,Respite residential care,90–94,10
2024,304,Central West,Respite residential care,95–99,2
2024,304,Central West,Short-term restorative care,65–69,3
2024,304,Central West,Short-term restorative care,70–74,4
2024,304,Central West,Short-term restorative care,75–79,6
2024,304,Central West,Short-term restorative care,80–84,4
2024,304,Central West,Short-term restorative care,85–89,6
2024,304,Central West,Short-term restorative care,90–94,2
2024,304,Central West,Short-term restorative care,95–99,1
2024,305,Darling Downs,Home care,100+,1
2024,305,Darling Downs,Home care,50–54,2
2024,305,Darling Downs,Home care,55–59,11
2024,305,Darling Downs,Home care,60–64,7
2024,305,Darling Downs,Home care,65–69,88
2024,305,Darling Downs,Home care,70–74,187
2024,305,Darling Downs,Home care,75–79,258
2024,305,Darling Downs,Home care,80–84,281
2024,305,Darling Downs,Home care,85–89,253
2024,305,Darling Downs,Home care,90–94,127
2024,305,Darling Downs,Home care,95–99,19
2024,305,Darling Downs,Permanent residential care,100+,8
2024,305,Darling Downs,Permanent residential care,60–64,5
2024,305,Darling Downs,Permanent residential care,65–69,45
2024,305,Darling Downs,Permanent residential care,70–74,73
2024,305,Darling Downs,Permanent residential care,75–79,170
2024,305,Darling Downs,Permanent residential care,80–84,195
2024,305,Darling Downs,Permanent residential care,85–89,249
2024,305,Darling Downs,Permanent residential care,90–94,204
2024,305,Darling Downs,Permanent residential care,95–99,63
2024,305,Darling Downs,Respite residential care,100+,7
2024,305,Darling Downs,Respite residential care,55–59,1
2024,305,Darling Downs,Respite residential care,60–64,1
2024,305,Darling Downs,Respite residential care,65–69,38
2024,305,Darling Downs,Respite residential care,70–74,73
2024,305,Darling Downs,Respite residential care,75–79,162
2024,305,Darling Downs,Respite residential care,80–84,235
2024,305,Darling Downs,Respite residential care,85–89,287
2024,305,Darling Downs,Respite residential care,90–94,171
2024,305,Darling Downs,Respite residential care,95–99,52
2024,305,Darling Downs,Short-term restorative care,65–69,8
2024,305,Darling Downs,Short-term restorative care,70–74,15
2024,305,Darling Downs,Short-term restorative care,75–79,26
2024,305,Darling Downs,Short-term restorative care,80–84,25
2024,305,Darling Downs,Short-term restorative care,85–89,11
2024,305,Darling Downs,Short-term restorative care,90–94,2
2024,305,Darling Downs,Transition care,65–69,17
2024,305,Darling Downs,Transition care,70–74,33
2024,305,Darling Downs,Transition care,75–79,38
2024,305,Darling Downs,Transition care,80–84,42
2024,305,Darling Downs,Transition care,85–89,44
2024,305,Darling Downs,Transition care,90–94,20
2024,305,Darling Downs,Transition care,95–99,5
2024,306,Far North,Home care,100+,3
2024,306,Far North,Home care,50–54,4
2024,306,Far North,Home care,55–59,9
2024,306,Far North,Home care,60–64,7
2024,306,Far North,Home care,65–69,94
2024,306,Far North,Home care,70–74,186
2024,306,Far North,Home care,75–79,265
2024,306,Far North,Home care,80–84,257
2024,306,Far North,Home care,85–89,259
2024,306,Far North,Home care,90–94,108
2024,306,Far North,Home care,95–99,26
2024,306,Far North,Permanent residential care,100+,2
2024,306,Far North,Permanent residential care,50–54,3
2024,306,Far North,Permanent residential care,55–59,3
2024,306,Far North,Permanent residential care,60–64,13
2024,306,Far North,Permanent residential care,65–69,44
2024,306,Far North,Permanent residential care,70–74,83
2024,306,Far North,Permanent residential care,75–79,137
2024,306,Far North,Permanent residential care,80–84,154
2024,306,Far North,Permanent residential care,85–89,164
2024,306,Far North,Permanent residential care,90–94,125
2024,306,Far North,Permanent residential care,95–99,40
2024,306,Far North,Respite residential care,100+,4
2024,306,Far North,Respite residential care,50–54,1
2024,306,Far North,Respite residential care,55–59,9
2024,306,Far North,Respite residential care,60–64,16
2024,306,Far North,Respite residential care,65–69,55
2024,306,Far North,Respite residential care,70–74,104
2024,306,Far North,Respite residential care,75–79,227
2024,306,Far North,Respite residential care,80–84,242
2024,306,Far North,Respite residential care,85–89,222
2024,306,Far North,Respite residential care,90–94,193
2024,306,Far North,Respite residential care,95–99,56
2024,306,Far North,Short-term restorative care,55–59,3
2024,306,Far North,Short-term restorative care,60–64,4
2024,306,Far North,Short-term restorative care,65–69,35
2024,306,Far North,Short-term restorative care,70–74,65
2024,306,Far North,Short-term restorative care,75–79,80
2024,306,Far North,Short-term restorative care,80–84,50
2024,306,Far North,Short-term restorative care,85–89,42
2024,306,Far North,Short-term restorative care,90–94,17
2024,306,Far North,Short-term restorative care,95–99,1
2024,306,Far North,Transition care,60–64,2
2024,306,Far North,Transition care,65–69,15
2024,306,Far North,Transition care,70–74,28
2024,306,Far North,Transition care,75–79,40
2024,306,Far North,Transition care,80–84,23
2024,306,Far North,Transition care,85–89,32
2024,306,Far North,Transition care,90–94,13
2024,306,Far North,Transition care,95–99,2
2024,307,Fitzroy,Home care,100+,1
2024,307,Fitzroy,Home care,50–54,1
2024,307,Fitzroy,Home care,55–59,1
2024,307,Fitzroy,Home care,60–64,8
2024,307,Fitzroy,Home care,65–69,55
2024,307,Fitzroy,Home care,70–74,100
2024,307,Fitzroy,Home care,75–79,135
2024,307,Fitzroy,Home care,80–84,140
2024,307,Fitzroy,Home care,85–89,96
2024,307,Fitzroy,Home care,90–94,41
2024,307,Fitzroy,Home care,95–99,6
2024,307,Fitzroy,Permanent residential care,100+,3
2024,307,Fitzroy,Permanent residential care,50–54,1
2024,307,Fitzroy,Permanent residential care,55–59,1
2024,307,Fitzroy,Permanent residential care,60–64,3
2024,307,Fitzroy,Permanent residential care,65–69,24
2024,307,Fitzroy,Permanent residential care,70–74,50
2024,307,Fitzroy,Permanent residential care,75–79,91
2024,307,Fitzroy,Permanent residential care,80–84,107
2024,307,Fitzroy,Permanent residential care,85–89,141
2024,307,Fitzroy,Permanent residential care,90–94,107
2024,307,Fitzroy,Permanent residential care,95–99,32
2024,307,Fitzroy,Respite residential care,100+,5
2024,307,Fitzroy,Respite residential care,60–64,1
2024,307,Fitzroy,Respite residential care,65–69,7
2024,307,Fitzroy,Respite residential care,70–74,32
2024,307,Fitzroy,Respite residential care,75–79,46
2024,307,Fitzroy,Respite residential care,80–84,45
2024,307,Fitzroy,Respite residential care,85–89,71
2024,307,Fitzroy,Respite residential care,90–94,52
2024,307,Fitzroy,Respite residential care,95–99,10
2024,307,Fitzroy,Short-term restorative care,65–69,9
2024,307,Fitzroy,Short-term restorative care,70–74,22
2024,307,Fitzroy,Short-term restorative care,75–79,27
2024,307,Fitzroy,Short-term restorative care,80–84,25
2024,307,Fitzroy,Short-term restorative care,85–89,12
2024,307,Fitzroy,Short-term restorative care,90–94,7
2024,307,Fitzroy,Transition care,50–54,1
2024,307,Fitzroy,Transition care,65–69,10
2024,307,Fitzroy,Transition care,70–74,14
2024,307,Fitzroy,Transition care,75–79,22
2024,307,Fitzroy,Transition care,80–84,19
2024,307,Fitzroy,Transition care,85–89,27
2024,307,Fitzroy,Transition care,90–94,7
2024,307,Fitzroy,Transition care,95–99,4
2024,308,Logan River Valley,Home care,0–49,1
2024,308,Logan River Valley,Home care,100+,1
2024,308,Logan River Valley,Home care,55–59,2
2024,308,Logan River Valley,Home care,60–64,6
2024,308,Logan River Valley,Home care,65–69,29
2024,308,Logan River Valley,Home care,70–74,62
2024,308,Logan River Valley,Home care,75–79,111
2024,308,Logan River Valley,Home care,80–84,121
2024,308,Logan River Valley,Home care,85–89,106
2024,308,Logan River Valley,Home care,90–94,39
2024,308,Logan River Valley,Home care,95–99,9
2024,308,Logan River Valley,Permanent residential care,100+,7
2024,308,Logan River Valley,Permanent residential care,60–64,1
2024,308,Logan River Valley,Permanent residential care,65–69,34
2024,308,Logan River Valley,Permanent residential care,70–74,101
2024,308,Logan River Valley,Permanent residential care,75–79,170
2024,308,Logan River Valley,Permanent residential care,80–84,182
2024,308,Logan River Valley,Permanent residential care,85–89,202
2024,308,Logan River Valley,Permanent residential care,90–94,125
2024,308,Logan River Valley,Permanent residential care,95–99,41
2024,308,Logan River Valley,Respite residential care,100+,6
2024,308,Logan River Valley,Respite residential care,55–59,2
2024,308,Logan River Valley,Respite residential care,60–64,4
2024,308,Logan River Valley,Respite residential care,65–69,28
2024,308,Logan River Valley,Respite residential care,70–74,104
2024,308,Logan River Valley,Respite residential care,75–79,180
2024,308,Logan River Valley,Respite residential care,80–84,194
2024,308,Logan River Valley,Respite residential care,85–89,209
2024,308,Logan River Valley,Respite residential care,90–94,119
2024,308,Logan River Valley,Respite residential care,95–99,50
2024,309,Mackay,Home care,100+,1
2024,309,Mackay,Home care,65–69,7
2024,309,Mackay,Home care,70–74,12
2024,309,Mackay,Home care,75–79,25
2024,309,Mackay,Home care,80–84,21
2024,309,Mackay,Home care,85–89,15
2024,309,Mackay,Home care,90–94,9
2024,309,Mackay,Home care,95–99,1
2024,309,Mackay,Permanent residential care,65–69,15
2024,309,Mackay,Permanent residential care,70–74,34
2024,309,Mackay,Permanent residential care,75–79,57
2024,309,Mackay,Permanent residential care,80–84,64
2024,309,Mackay,Permanent residential care,85–89,97
2024,309,Mackay,Permanent residential care,90–94,64
2024,309,Mackay,Permanent residential care,95–99,26
2024,309,Mackay,Respite residential care,100+,1
2024,309,Mackay,Respite residential care,65–69,5
2024,309,Mackay,Respite residential care,70–74,15
2024,309,Mackay,Respite residential care,75–79,33
2024,309,Mackay,Respite residential care,80–84,52
2024,309,Mackay,Respite residential care,85–89,75
2024,309,Mackay,Respite residential care,90–94,46
2024,309,Mackay,Respite residential care,95–99,10
2024,309,Mackay,Short-term restorative care,70–74,6
2024,309,Mackay,Short-term restorative care,75–79,5
2024,309,Mackay,Short-term restorative care,80–84,8
2024,309,Mackay,Short-term restorative care,85–89,4
2024,309,Mackay,Short-term restorative care,90–94,1
2024,309,Mackay,Short-term restorative care,95–99,1
2024,309,Mackay,Transition care,100+,1
2024,309,Mackay,Transition care,60–64,2
2024,309,Mackay,Transition care,65–69,9
2024,309,Mackay,Transition care,70–74,12
2024,309,Mackay,Transition care,75–79,18
2024,309,Mackay,Transition care,80–84,31
2024,309,Mackay,Transition care,85–89,13
2024,309,Mackay,Transition care,90–94,9
2024,309,Mackay,Transition care,95–99,2
2024,310,North West,Home care,50–54,3
2024,310,North West,Home care,60–64,2
2024,310,North West,Home care,70–74,5
2024,310,North West,Home care,75–79,1
2024,310,North West,Home care,80–84,1
2024,310,North West,Permanent residential care,70–74,2
2024,310,North West,Permanent residential care,80–84,2
2024,310,North West,Respite residential care,70–74,2
2024,310,North West,Respite residential care,80–84,4
2024,310,North West,Respite residential care,85–89,1
2024,310,North West,Respite residential care,90–94,1
2024,311,Northern,Home care,100+,9
2024,311,Northern,Home care,50–54,10
2024,311,Northern,Home care,55–59,16
2024,311,Northern,Home care,60–64,42
2024,311,Northern,Home care,65–69,275
2024,311,Northern,Home care,70–74,514
2024,311,Northern,Home care,75–79,820
2024,311,Northern,Home care,80–84,950
2024,311,Northern,Home care,85–89,777
2024,311,Northern,Home care,90–94,447
2024,311,Northern,Home care,95–99,112
2024,311,Northern,Permanent residential care,50–54,2
2024,311,Northern,Permanent residential care,55–59,1
2024,311,Northern,Permanent residential care,60–64,4
2024,311,Northern,Permanent residential care,65–69,30
2024,311,Northern,Permanent residential care,70–74,72
2024,311,Northern,Permanent residential care,75–79,127
2024,311,Northern,Permanent residential care,80–84,175
2024,311,Northern,Permanent residential care,85–89,183
2024,311,Northern,Permanent residential care,90–94,124
2024,311,Northern,Permanent residential care,95–99,41
2024,311,Northern,Respite residential care,100+,1
2024,311,Northern,Respite residential care,55–59,1
2024,311,Northern,Respite residential care,60–64,2
2024,311,Northern,Respite residential care,65–69,16
2024,311,Northern,Respite residential care,70–74,45
2024,311,Northern,Respite residential care,75–79,73
2024,311,Northern,Respite residential care,80–84,98
2024,311,Northern,Respite residential care,85–89,100
2024,311,Northern,Respite residential care,90–94,75
2024,311,Northern,Respite residential care,95–99,18
2024,311,Northern,Short-term restorative care,75–79,2
2024,311,Northern,Short-term restorative care,80–84,7
2024,311,Northern,Short-term restorative care,85–89,3
2024,311,Northern,Short-term restorative care,90–94,1
2024,311,Northern,Transition care,60–64,1
2024,311,Northern,Transition care,65–69,13
2024,311,Northern,Transition care,70–74,19
2024,311,Northern,Transition care,75–79,25
2024,311,Northern,Transition care,80–84,29
2024,311,Northern,Transition care,85–89,16
2024,311,Northern,Transition care,90–94,16
2024,311,Northern,Transition care,95–99,3
2024,312,South Coast,Home care,100+,1
2024,312,South Coast,Home care,50–54,2
2024,312,South Coast,Home care,55–59,2
2024,312,South Coast,Home care,60–64,3
2024,312,South Coast,Home care,65–69,62
2024,312,South Coast,Home care,70–74,130
2024,312,South Coast,Home care,75–79,229
2024,312,South Coast,Home care,80–84,267
2024,312,South Coast,Home care,85–89,211
2024,312,South Coast,Home care,90–94,122
2024,312,South Coast,Home care,95–99,30
2024,312,South Coast,Permanent residential care,100+,11
2024,312,South Coast,Permanent residential care,55–59,1
2024,312,South Coast,Permanent residential care,60–64,2
2024,312,South Coast,Permanent residential care,65–69,63
2024,312,South Coast,Permanent residential care,70–74,123
2024,312,South Coast,Permanent residential care,75–79,285
2024,312,South Coast,Permanent residential care,80–84,388
2024,312,South Coast,Permanent residential care,85–89,442
2024,312,South Coast,Permanent residential care,90–94,318
2024,312,South Coast,Permanent residential care,95–99,138
2024,312,South Coast,Respite residential care,100+,13
2024,312,South Coast,Respite residential care,55–59,1
2024,312,South Coast,Respite residential care,60–64,3
2024,312,South Coast,Respite residential care,65–69,38
2024,312,South Coast,Respite residential care,70–74,123
2024,312,South Coast,Respite residential care,75–79,293
2024,312,South Coast,Respite residential care,80–84,372
2024,312,South Coast,Respite residential care,85–89,427
2024,312,South Coast,Respite residential care,90–94,326
2024,312,South Coast,Respite residential care,95–99,151
2024,312,South Coast,Short-term restorative care,100+,1
2024,312,South Coast,Short-term restorative care,50–54,2
2024,312,South Coast,Short-term restorative care,55–59,1
2024,312,South Coast,Short-term restorative care,60–64,3
2024,312,South Coast,Short-term restorative care,65–69,74
2024,312,South Coast,Short-term restorative care,70–74,135
2024,312,South Coast,Short-term restorative care,75–79,197
2024,312,South Coast,Short-term restorative care,80–84,197
2024,312,South Coast,Short-term restorative care,85–89,122
2024,312,South Coast,Short-term restorative care,90–94,59
2024,312,South Coast,Short-term restorative care,95–99,14
2024,312,South Coast,Transition care,100+,2
2024,312,South Coast,Transition care,60–64,4
2024,312,South Coast,Transition care,65–69,24
2024,312,South Coast,Transition care,70–74,58
2024,312,South Coast,Transition care,75–79,77
2024,312,South Coast,Transition care,80–84,88
2024,312,South Coast,Transition care,85–89,74
2024,312,South Coast,Transition care,90–94,24
2024,312,South Coast,Transition care,95–99,3
2024,313,South West,Home care,55–59,1
2024,313,South West,Home care,60–64,1
2024,313,South West,Home care,65–69,14
2024,313,South West,Home care,70–74,21
2024,313,South West,Home care,75–79,34
2024,313,South West,Home care,80–84,27
2024,313,South West,Home care,85–89,40
2024,313,South West,Home care,90–94,19
2024,313,South West,Home care,95–99,3
2024,313,South West,Permanent residential care,100+,1
2024,313,South West,Permanent residential care,65–69,3
2024,313,South West,Permanent residential care,70–74,7
2024,313,South West,Permanent residential care,75–79,8
2024,313,South West,Permanent residential care,80–84,8
2024,313,South West,Permanent residential care,85–89,16
2024,313,South West,Permanent residential care,90–94,12
2024,313,South West,Permanent residential care,95–99,2
2024,313,South West,Respite residential care,65–69,1
2024,313,South West,Respite residential care,70–74,6
2024,313,South West,Respite residential care,75–79,9
2024,313,South West,Respite residential care,80–84,17
2024,313,South West,Respite residential care,85–89,12
2024,313,South West,Respite residential care,90–94,12
2024,313,South West,Respite residential care,95–99,2
2024,314,Sunshine Coast,Home care,100+,1
2024,314,Sunshine Coast,Home care,50–54,2
2024,314,Sunshine Coast,Home care,55–59,6
2024,314,Sunshine Coast,Home care,60–64,13
2024,314,Sunshine Coast,Home care,65–69,175
2024,314,Sunshine Coast,Home care,70–74,328
2024,314,Sunshine Coast,Home care,75–79,588
2024,314,Sunshine Coast,Home care,80–84,683
2024,314,Sunshine Coast,Home care,85–89,492
2024,314,Sunshine Coast,Home care,90–94,229
2024,314,Sunshine Coast,Home care,95–99,57
2024,314,Sunshine Coast,Permanent residential care,100+,13
2024,314,Sunshine Coast,Permanent residential care,60–64,4
2024,314,Sunshine Coast,Permanent residential care,65–69,49
2024,314,Sunshine Coast,Permanent residential care,70–74,120
2024,314,Sunshine Coast,Permanent residential care,75–79,254
2024,314,Sunshine Coast,Permanent residential care,80–84,439
2024,314,Sunshine Coast,Permanent residential care,85–89,528
2024,314,Sunshine Coast,Permanent residential care,90–94,401
2024,314,Sunshine Coast,Permanent residential care,95–99,123
2024,314,Sunshine Coast,Respite residential care,100+,20
2024,314,Sunshine Coast,Respite residential care,50–54,1
2024,314,Sunshine Coast,Respite residential care,60–64,10
2024,314,Sunshine Coast,Respite residential care,65–69,93
2024,314,Sunshine Coast,Respite residential care,70–74,206
2024,314,Sunshine Coast,Respite residential care,75–79,438
2024,314,Sunshine Coast,Respite residential care,80–84,681
2024,314,Sunshine Coast,Respite residential care,85–89,727
2024,314,Sunshine Coast,Respite residential care,90–94,599
2024,314,Sunshine Coast,Respite residential care,95–99,208
2024,314,Sunshine Coast,Short-term restorative care,55–59,2
2024,314,Sunshine Coast,Short-term restorative care,65–69,78
2024,314,Sunshine Coast,Short-term restorative care,70–74,102
2024,314,Sunshine Coast,Short-term restorative care,75–79,179
2024,314,Sunshine Coast,Short-term restorative care,80–84,153
2024,314,Sunshine Coast,Short-term restorative care,85–89,116
2024,314,Sunshine Coast,Short-term restorative care,90–94,35
2024,314,Sunshine Coast,Short-term restorative care,95–99,1
2024,314,Sunshine Coast,Transition care,65–69,14
2024,314,Sunshine Coast,Transition care,70–74,35
2024,314,Sunshine Coast,Transition care,75–79,50
2024,314,Sunshine Coast,Transition care,80–84,53
2024,314,Sunshine Coast,Transition care,85–89,33
2024,314,Sunshine Coast,Transition care,90–94,25
2024,314,Sunshine Coast,Transition care,95–99,1
2024,315,West Moreton,Home care,100+,1
2024,315,West Moreton,Home care,65–69,22
2024,315,West Moreton,Home care,70–74,54
2024,315,West Moreton,Home care,75–79,83
2024,315,West Moreton,Home care,80–84,81
2024,315,West Moreton,Home care,85–89,51
2024,315,West Moreton,Home care,90–94,33
2024,315,West Moreton,Home care,95–99,6
2024,315,West Moreton,Permanent residential care,100+,4
2024,315,West Moreton,Permanent residential care,55–59,2
2024,315,West Moreton,Permanent residential care,60–64,3
2024,315,West Moreton,Permanent residential care,65–69,21
2024,315,West Moreton,Permanent residential care,70–74,51
2024,315,West Moreton,Permanent residential care,75–79,82
2024,315,West Moreton,Permanent residential care,80–84,112
2024,315,West Moreton,Permanent residential care,85–89,129
2024,315,West Moreton,Permanent residential care,90–94,95
2024,315,West Moreton,Permanent residential care,95–99,35
2024,315,West Moreton,Respite residential care,100+,3
2024,315,West Moreton,Respite residential care,60–64,1
2024,315,West Moreton,Respite residential care,65–69,12
2024,315,West Moreton,Respite residential care,70–74,43
2024,315,West Moreton,Respite residential care,75–79,53
2024,315,West Moreton,Respite residential care,80–84,72
2024,315,West Moreton,Respite residential care,85–89,75
2024,315,West Moreton,Respite residential care,90–94,54
2024,315,West Moreton,Respite residential care,95–99,22
2024,315,West Moreton,Transition care,65–69,21
2024,315,West Moreton,Transition care,70–74,28
2024,315,West Moreton,Transition care,75–79,35
2024,315,West Moreton,Transition care,80–84,50
2024,315,West Moreton,Transition care,85–89,34
2024,315,West Moreton,Transition care,90–94,12
2024,315,West Moreton,Transition care,95–99,3
2024,316,Wide Bay,Home care,100+,1
2024,316,Wide Bay,Home care,55–59,1
2024,316,Wide Bay,Home care,60–64,5
2024,316,Wide Bay,Home care,65–69,52
2024,316,Wide Bay,Home care,70–74,131
2024,316,Wide Bay,Home care,75–79,190
2024,316,Wide Bay,Home care,80–84,200
2024,316,Wide Bay,Home care,85–89,165
2024,316,Wide Bay,Home care,90–94,90
2024,316,Wide Bay,Home care,95–99,24
2024,316,Wide Bay,Permanent residential care,0–49,1
2024,316,Wide Bay,Permanent residential care,100+,12
2024,316,Wide Bay,Permanent residential care,60–64,4
2024,316,Wide Bay,Permanent residential care,65–69,28
2024,316,Wide Bay,Permanent residential care,70–74,104
2024,316,Wide Bay,Permanent residential care,75–79,156
2024,316,Wide Bay,Permanent residential care,80–84,206
2024,316,Wide Bay,Permanent residential care,85–89,297
2024,316,Wide Bay,Permanent residential care,90–94,182
2024,316,Wide Bay,Permanent residential care,95–99,55
2024,316,Wide Bay,Respite residential care,0–49,1
2024,316,Wide Bay,Respite residential care,100+,9
2024,316,Wide Bay,Respite residential care,55–59,1
2024,316,Wide Bay,Respite residential care,60–64,3
2024,316,Wide Bay,Respite residential care,65–69,26
2024,316,Wide Bay,Respite residential care,70–74,80
2024,316,Wide Bay,Respite residential care,75–79,133
2024,316,Wide Bay,Respite residential care,80–84,152
2024,316,Wide Bay,Respite residential care,85–89,222
2024,316,Wide Bay,Respite residential care,90–94,144
2024,316,Wide Bay,Respite residential care,95–99,50
2024,316,Wide Bay,Transition care,55–59,2
2024,316,Wide Bay,Transition care,60–64,1
2024,316,Wide Bay,Transition care,65–69,26
2024,316,Wide Bay,Transition care,70–74,35
2024,316,Wide Bay,Transition care,75–79,48
2024,316,Wide Bay,Transition care,80–84,45
2024,316,Wide Bay,Transition care,85–89,39
2024,316,Wide Bay,Transition care,90–94,14
2024,316,Wide Bay,Transition care,95–99,3
2024,401,Eyre Peninsula,Home care,0–49,1
2024,401,Eyre Peninsula,Home care,100+,1
2024,401,Eyre Peninsula,Home care,50–54,1
2024,401,Eyre Peninsula,Home care,55–59,2
2024,401,Eyre Peninsula,Home care,60–64,2
2024,401,Eyre Peninsula,Home care,65–69,51
2024,401,Eyre Peninsula,Home care,70–74,110
2024,401,Eyre Peninsula,Home care,75–79,172
2024,401,Eyre Peninsula,Home care,80–84,199
2024,401,Eyre Peninsula,Home care,85–89,180
2024,401,Eyre Peninsula,Home care,90–94,79
2024,401,Eyre Peninsula,Home care,95–99,18
2024,401,Eyre Peninsula,Permanent residential care,100+,3
2024,401,Eyre Peninsula,Permanent residential care,65–69,1
2024,401,Eyre Peninsula,Permanent residential care,70–74,11
2024,401,Eyre Peninsula,Permanent residential care,75–79,14
2024,401,Eyre Peninsula,Permanent residential care,80–84,16
2024,401,Eyre Peninsula,Permanent residential care,85–89,21
2024,401,Eyre Peninsula,Permanent residential care,90–94,13
2024,401,Eyre Peninsula,Permanent residential care,95–99,5
2024,401,Eyre Peninsula,Respite residential care,100+,1
2024,401,Eyre Peninsula,Respite residential care,60–64,2
2024,401,Eyre Peninsula,Respite residential care,65–69,3
2024,401,Eyre Peninsula,Respite residential care,70–74,16
2024,401,Eyre Peninsula,Respite residential care,75–79,16
2024,401,Eyre Peninsula,Respite residential care,80–84,32
2024,401,Eyre Peninsula,Respite residential care,85–89,36
2024,401,Eyre Peninsula,Respite residential care,90–94,18
2024,401,Eyre Peninsula,Respite residential care,95–99,4
2024,402,"Hills, Mallee & Southern",Home care,100+,3
2024,402,"Hills, Mallee & Southern",Home care,55–59,2
2024,402,"Hills, Mallee & Southern",Home care,60–64,3
2024,402,"Hills, Mallee & Southern",Home care,65–69,24
2024,402,"Hills, Mallee & Southern",Home care,70–74,58
2024,402,"Hills, Mallee & Southern",Home care,75–79,92
2024,402,"Hills, Mallee & Southern",Home care,80–84,124
2024,402,"Hills, Mallee & Southern",Home care,85–89,80
2024,402,"Hills, Mallee & Southern",Home care,90–94,57
2024,402,"Hills, Mallee & Southern",Home care,95–99,12
2024,402,"Hills, Mallee & Southern",Permanent residential care,100+,10
2024,402,"Hills, Mallee & Southern",Permanent residential care,55–59,1
2024,402,"Hills, Mallee & Southern",Permanent residential care,60–64,1
2024,402,"Hills, Mallee & Southern",Permanent residential care,65–69,19
2024,402,"Hills, Mallee & Southern",Permanent residential care,70–74,36
2024,402,"Hills, Mallee & Southern",Permanent residential care,75–79,79
2024,402,"Hills, Mallee & Southern",Permanent residential care,80–84,107
2024,402,"Hills, Mallee & Southern",Permanent residential care,85–89,149
2024,402,"Hills, Mallee & Southern",Permanent residential care,90–94,148
2024,402,"Hills, Mallee & Southern",Permanent residential care,95–99,38
2024,402,"Hills, Mallee & Southern",Respite residential care,100+,15
2024,402,"Hills, Mallee & Southern",Respite residential care,55–59,1
2024,402,"Hills, Mallee & Southern",Respite residential care,60–64,7
2024,402,"Hills, Mallee & Southern",Respite residential care,65–69,48
2024,402,"Hills, Mallee & Southern",Respite residential care,70–74,89
2024,402,"Hills, Mallee & Southern",Respite residential care,75–79,126
2024,402,"Hills, Mallee & Southern",Respite residential care,80–84,221
2024,402,"Hills, Mallee & Southern",Respite residential care,85–89,220
2024,402,"Hills, Mallee & Southern",Respite residential care,90–94,224
2024,402,"Hills, Mallee & Southern",Respite residential care,95–99,56
2024,402,"Hills, Mallee & Southern",Short-term restorative care,65–69,3
2024,402,"Hills, Mallee & Southern",Short-term restorative care,70–74,11
2024,402,"Hills, Mallee & Southern",Short-term restorative care,75–79,8
2024,402,"Hills, Mallee & Southern",Short-term restorative care,80–84,14
2024,402,"Hills, Mallee & Southern",Short-term restorative care,85–89,19
2024,402,"Hills, Mallee & Southern",Short-term restorative care,90–94,7
2024,402,"Hills, Mallee & Southern",Short-term restorative care,95–99,1
2024,402,"Hills, Mallee & Southern",Transition care,100+,4
2024,402,"Hills, Mallee & Southern",Transition care,60–64,1
2024,402,"Hills, Mallee & Southern",Transition care,65–69,24
2024,402,"Hills, Mallee & Southern",Transition care,70–74,37
2024,402,"Hills, Mallee & Southern",Transition care,75–79,51
2024,402,"Hills, Mallee & Southern",Transition care,80–84,65
2024,402,"Hills, Mallee & Southern",Transition care,85–89,60
2024,402,"Hills, Mallee & Southern",Transition care,90–94,18
2024,402,"Hills, Mallee & Southern",Transition care,95–99,7
2024,403,Metropolitan East,Home care,100+,9
2024,403,Metropolitan East,Home care,50–54,4
2024,403,Metropolitan East,Home care,55–59,8
2024,403,Metropolitan East,Home care,60–64,23
2024,403,Metropolitan East,Home care,65–69,167
2024,403,Metropolitan East,Home care,70–74,329
2024,403,Metropolitan East,Home care,75–79,567
2024,403,Metropolitan East,Home care,80–84,666
2024,403,Metropolitan East,Home care,85–89,607
2024,403,Metropolitan East,Home care,90–94,344
2024,403,Metropolitan East,Home care,95–99,70
2024,403,Metropolitan East,Permanent residential care,100+,20
2024,403,Metropolitan East,Permanent residential care,60–64,1
2024,403,Metropolitan East,Permanent residential care,65–69,18
2024,403,Metropolitan East,Permanent residential care,70–74,47
2024,403,Metropolitan East,Permanent residential care,75–79,116
2024,403,Metropolitan East,Permanent residential care,80–84,188
2024,403,Metropolitan East,Permanent residential care,85–89,227
2024,403,Metropolitan East,Permanent residential care,90–94,221
2024,403,Metropolitan East,Permanent residential care,95–99,103
2024,403,Metropolitan East,Respite residential care,100+,28
2024,403,Metropolitan East,Respite residential care,60–64,1
2024,403,Metropolitan East,Respite residential care,65–69,28
2024,403,Metropolitan East,Respite residential care,70–74,75
2024,403,Metropolitan East,Respite residential care,75–79,210
2024,403,Metropolitan East,Respite residential care,80–84,266
2024,403,Metropolitan East,Respite residential care,85–89,431
2024,403,Metropolitan East,Respite residential care,90–94,346
2024,403,Metropolitan East,Respite residential care,95–99,156
2024,403,Metropolitan East,Short-term restorative care,50–54,1
2024,403,Metropolitan East,Short-term restorative care,55–59,1
2024,403,Metropolitan East,Short-term restorative care,65–69,19
2024,403,Metropolitan East,Short-term restorative care,70–74,31
2024,403,Metropolitan East,Short-term restorative care,75–79,42
2024,403,Metropolitan East,Short-term restorative care,80–84,46
2024,403,Metropolitan East,Short-term restorative care,85–89,42
2024,403,Metropolitan East,Short-term restorative care,90–94,12
2024,403,Metropolitan East,Short-term restorative care,95–99,3
2024,404,Metropolitan North,Home care,100+,2
2024,404,Metropolitan North,Home care,50–54,2
2024,404,Metropolitan North,Home care,55–59,3
2024,404,Metropolitan North,Home care,60–64,5
2024,404,Metropolitan North,Home care,65–69,57
2024,404,Metropolitan North,Home care,70–74,115
2024,404,Metropolitan North,Home care,75–79,187
2024,404,Metropolitan North,Home care,80–84,215
2024,404,Metropolitan North,Home care,85–89,159
2024,404,Metropolitan North,Home care,90–94,75
2024,404,Metropolitan North,Home care,95–99,30
2024,404,Metropolitan North,Permanent residential care,100+,12
2024,404,Metropolitan North,Permanent residential care,60–64,2
2024,404,Metropolitan North,Permanent residential care,65–69,42
2024,404,Metropolitan North,Permanent residential care,70–74,105
2024,404,Metropolitan North,Permanent residential care,75–79,208
2024,404,Metropolitan North,Permanent residential care,80–84,266
2024,404,Metropolitan North,Permanent residential care,85–89,296
2024,404,Metropolitan North,Permanent residential care,90–94,227
2024,404,Metropolitan North,Permanent residential care,95–99,87
2024,404,Metropolitan North,Respite residential care,100+,13
2024,404,Metropolitan North,Respite residential care,50–54,2
2024,404,Metropolitan North,Respite residential care,55–59,1
2024,404,Metropolitan North,Respite residential care,60–64,4
2024,404,Metropolitan North,Respite residential care,65–69,66
2024,404,Metropolitan North,Respite residential care,70–74,185
2024,404,Metropolitan North,Respite residential care,75–79,323
2024,404,Metropolitan North,Respite residential care,80–84,448
2024,404,Metropolitan North,Respite residential care,85–89,531
2024,404,Metropolitan North,Respite residential care,90–94,352
2024,404,Metropolitan North,Respite residential care,95–99,122
2024,404,Metropolitan North,Short-term restorative care,55–59,2
2024,404,Metropolitan North,Short-term restorative care,65–69,5
2024,404,Metropolitan North,Short-term restorative care,70–74,8
2024,404,Metropolitan North,Short-term restorative care,75–79,15
2024,404,Metropolitan North,Short-term restorative care,80–84,13
2024,404,Metropolitan North,Short-term restorative care,85–89,8
2024,404,Metropolitan North,Short-term restorative care,90–94,2
2024,404,Metropolitan North,Transition care,100+,2
2024,404,Metropolitan North,Transition care,65–69,17
2024,404,Metropolitan North,Transition care,70–74,26
2024,404,Metropolitan North,Transition care,75–79,56
2024,404,Metropolitan North,Transition care,80–84,54
2024,404,Metropolitan North,Transition care,85–89,50
2024,404,Metropolitan North,Transition care,90–94,31
2024,404,Metropolitan North,Transition care,95–99,6
2024,405,Metropolitan South,Home care,100+,3
2024,405,Metropolitan South,Home care,50–54,3
2024,405,Metropolitan South,Home care,55–59,2
2024,405,Metropolitan South,Home care,60–64,4
2024,405,Metropolitan South,Home care,65–69,73
2024,405,Metropolitan South,Home care,70–74,156
2024,405,Metropolitan South,Home care,75–79,276
2024,405,Metropolitan South,Home care,80–84,314
2024,405,Metropolitan South,Home care,85–89,311
2024,405,Metropolitan South,Home care,90–94,194
2024,405,Metropolitan South,Home care,95–99,35
2024,405,Metropolitan South,Permanent residential care,100+,23
2024,405,Metropolitan South,Permanent residential care,60–64,4
2024,405,Metropolitan South,Permanent residential care,65–69,45
2024,405,Metropolitan South,Permanent residential care,70–74,105
2024,405,Metropolitan South,Permanent residential care,75–79,204
2024,405,Metropolitan South,Permanent residential care,80–84,297
2024,405,Metropolitan South,Permanent residential care,85–89,344
2024,405,Metropolitan South,Permanent residential care,90–94,338
2024,405,Metropolitan South,Permanent residential care,95–99,141
2024,405,Metropolitan South,Respite residential care,100+,29
2024,405,Metropolitan South,Respite residential care,55–59,1
2024,405,Metropolitan South,Respite residential care,60–64,7
2024,405,Metropolitan South,Respite residential care,65–69,84
2024,405,Metropolitan South,Respite residential care,70–74,201
2024,405,Metropolitan South,Respite residential care,75–79,352
2024,405,Metropolitan South,Respite residential care,80–84,425
2024,405,Metropolitan South,Respite residential care,85–89,564
2024,405,Metropolitan South,Respite residential care,90–94,486
2024,405,Metropolitan South,Respite residential care,95–99,226
2024,405,Metropolitan South,Short-term restorative care,65–69,5
2024,405,Metropolitan South,Short-term restorative care,70–74,14
2024,405,Metropolitan South,Short-term restorative care,75–79,20
2024,405,Metropolitan South,Short-term restorative care,80–84,35
2024,405,Metropolitan South,Short-term restorative care,85–89,20
2024,405,Metropolitan South,Short-term restorative care,90–94,7
2024,405,Metropolitan South,Short-term restorative care,95–99,4
2024,405,Metropolitan South,Transition care,65–69,11
2024,405,Metropolitan South,Transition care,70–74,27
2024,405,Metropolitan South,Transition care,75–79,50
2024,405,Metropolitan South,Transition care,80–84,41
2024,405,Metropolitan South,Transition care,85–89,48
2024,405,Metropolitan South,Transition care,90–94,34
2024,405,Metropolitan South,Transition care,95–99,12
2024,406,Metropolitan West,Home care,100+,1
2024,406,Metropolitan West,Home care,50–54,20
2024,406,Metropolitan West,Home care,55–59,32
2024,406,Metropolitan West,Home care,60–64,36
2024,406,Metropolitan West,Home care,65–69,58
2024,406,Metropolitan West,Home care,70–74,119
2024,406,Metropolitan West,Home care,75–79,209
2024,406,Metropolitan West,Home care,80–84,227
2024,406,Metropolitan West,Home care,85–89,238
2024,406,Metropolitan West,Home care,90–94,124
2024,406,Metropolitan West,Home care,95–99,34
2024,406,Metropolitan West,Permanent residential care,100+,16
2024,406,Metropolitan West,Permanent residential care,50–54,1
2024,406,Metropolitan West,Permanent residential care,55–59,2
2024,406,Metropolitan West,Permanent residential care,60–64,1
2024,406,Metropolitan West,Permanent residential care,65–69,33
2024,406,Metropolitan West,Permanent residential care,70–74,56
2024,406,Metropolitan West,Permanent residential care,75–79,105
2024,406,Metropolitan West,Permanent residential care,80–84,147
2024,406,Metropolitan West,Permanent residential care,85–89,261
2024,406,Metropolitan West,Permanent residential care,90–94,197
2024,406,Metropolitan West,Permanent residential care,95–99,82
2024,406,Metropolitan West,Respite residential care,100+,18
2024,406,Metropolitan West,Respite residential care,50–54,2
2024,406,Metropolitan West,Respite residential care,55–59,5
2024,406,Metropolitan West,Respite residential care,60–64,3
2024,406,Metropolitan West,Respite residential care,65–69,42
2024,406,Metropolitan West,Respite residential care,70–74,116
2024,406,Metropolitan West,Respite residential care,75–79,190
2024,406,Metropolitan West,Respite residential care,80–84,296
2024,406,Metropolitan West,Respite residential care,85–89,459
2024,406,Metropolitan West,Respite residential care,90–94,331
2024,406,Metropolitan West,Respite residential care,95–99,113
2024,406,Metropolitan West,Short-term restorative care,65–69,4
2024,406,Metropolitan West,Short-term restorative care,70–74,9
2024,406,Metropolitan West,Short-term restorative care,75–79,17
2024,406,Metropolitan West,Short-term restorative care,80–84,13
2024,406,Metropolitan West,Short-term restorative care,85–89,19
2024,406,Metropolitan West,Short-term restorative care,90–94,6
2024,406,Metropolitan West,Short-term restorative care,95–99,2
2024,406,Metropolitan West,Transition care,100+,2
2024,406,Metropolitan West,Transition care,60–64,1
2024,406,Metropolitan West,Transition care,65–69,24
2024,406,Metropolitan West,Transition care,70–74,40
2024,406,Metropolitan West,Transition care,75–79,69
2024,406,Metropolitan West,Transition care,80–84,89
2024,406,Metropolitan West,Transition care,85–89,106
2024,406,Metropolitan West,Transition care,90–94,42
2024,406,Metropolitan West,Transition care,95–99,16
2024,407,Mid North,Home care,50–54,1
2024,407,Mid North,Home care,60–64,1
2024,407,Mid North,Home care,65–69,8
2024,407,Mid North,Home care,70–74,15
2024,407,Mid North,Home care,75–79,28
2024,407,Mid North,Home care,80–84,35
2024,407,Mid North,Home care,85–89,31
2024,407,Mid North,Home care,90–94,12
2024,407,Mid North,Home care,95–99,1
2024,407,Mid North,Permanent residential care,65–69,4
2024,407,Mid North,Permanent residential care,70–74,10
2024,407,Mid North,Permanent residential care,75–79,16
2024,407,Mid North,Permanent residential care,80–84,39
2024,407,Mid North,Permanent residential care,85–89,30
2024,407,Mid North,Permanent residential care,90–94,35
2024,407,Mid North,Permanent residential care,95–99,9
2024,407,Mid North,Respite residential care,100+,1
2024,407,Mid North,Respite residential care,65–69,6
2024,407,Mid North,Respite residential care,70–74,8
2024,407,Mid North,Respite residential care,75–79,21
2024,407,Mid North,Respite residential care,80–84,41
2024,407,Mid North,Respite residential care,85–89,42
2024,407,Mid North,Respite residential care,90–94,27
2024,407,Mid North,Respite residential care,95–99,13
2024,408,Riverland,Home care,100+,1
2024,408,Riverland,Home care,50–54,1
2024,408,Riverland,Home care,55–59,1
2024,408,Riverland,Home care,60–64,6
2024,408,Riverland,Home care,65–69,18
2024,408,Riverland,Home care,70–74,30
2024,408,Riverland,Home care,75–79,57
2024,408,Riverland,Home care,80–84,42
2024,408,Riverland,Home care,85–89,48
2024,408,Riverland,Home care,90–94,34
2024,408,Riverland,Home care,95–99,8
2024,408,Riverland,Permanent residential care,100+,1
2024,408,Riverland,Permanent residential care,60–64,2
2024,408,Riverland,Permanent residential care,65–69,2
2024,408,Riverland,Permanent residential care,70–74,7
2024,408,Riverland,Permanent residential care,75–79,19
2024,408,Riverland,Permanent residential care,80–84,28
2024,408,Riverland,Permanent residential care,85–89,43
2024,408,Riverland,Permanent residential care,90–94,26
2024,408,Riverland,Permanent residential care,95–99,6
2024,408,Riverland,Respite residential care,100+,1
2024,408,Riverland,Respite residential care,60–64,3
2024,408,Riverland,Respite residential care,65–69,8
2024,408,Riverland,Respite residential care,70–74,15
2024,408,Riverland,Respite residential care,75–79,41
2024,408,Riverland,Respite residential care,80–84,43
2024,408,Riverland,Respite residential care,85–89,69
2024,408,Riverland,Respite residential care,90–94,41
2024,408,Riverland,Respite residential care,95–99,17
2024,409,South East,Home care,50–54,2
2024,409,South East,Home care,55–59,1
2024,409,South East,Home care,60–64,1
2024,409,South East,Home care,65–69,11
2024,409,South East,Home care,70–74,25
2024,409,South East,Home care,75–79,39
2024,409,South East,Home care,80–84,43
2024,409,South East,Home care,85–89,45
2024,409,South East,Home care,90–94,29
2024,409,South East,Home care,95–99,4
2024,409,South East,Permanent residential care,65–69,3
2024,409,South East,Permanent residential care,70–74,14
2024,409,South East,Permanent residential care,75–79,32
2024,409,South East,Permanent residential care,80–84,44
2024,409,South East,Permanent residential care,85–89,62
2024,409,South East,Permanent residential care,90–94,49
2024,409,South East,Permanent residential care,95–99,12
2024,409,South East,Respite residential care,0–49,2
2024,409,South East,Respite residential care,100+,1
2024,409,South East,Respite residential care,50–54,2
2024,409,South East,Respite residential care,65–69,9
2024,409,South East,Respite residential care,70–74,48
2024,409,South East,Respite residential care,75–79,62
2024,409,South East,Respite residential care,80–84,97
2024,409,South East,Respite residential care,85–89,92
2024,409,South East,Respite residential care,90–94,79
2024,409,South East,Respite residential care,95–99,20
2024,410,Flinders & Far North,Home care,65–69,8
2024,410,Flinders & Far North,Home care,70–74,8
2024,410,Flinders & Far North,Home care,75–79,21
2024,410,Flinders & Far North,Home care,80–84,19
2024,410,Flinders & Far North,Home care,85–89,12
2024,410,Flinders & Far North,Home care,90–94,8
2024,410,Flinders & Far North,Home care,95–99,1
2024,410,Flinders & Far North,Permanent residential care,65–69,3
2024,410,Flinders & Far North,Permanent residential care,70–74,3
2024,410,Flinders & Far North,Permanent residential care,75–79,10
2024,410,Flinders & Far North,Permanent residential care,80–84,18
2024,410,Flinders & Far North,Permanent residential care,85–89,21
2024,410,Flinders & Far North,Permanent residential care,90–94,6
2024,410,Flinders & Far North,Permanent residential care,95–99,4
2024,410,Flinders & Far North,Respite residential care,60–64,5
2024,410,Flinders & Far North,Respite residential care,65–69,6
2024,410,Flinders & Far North,Respite residential care,70–74,8
2024,410,Flinders & Far North,Respite residential care,75–79,13
2024,410,Flinders & Far North,Respite residential care,80–84,24
2024,410,Flinders & Far North,Respite residential care,85–89,28
2024,410,Flinders & Far North,Respite residential care,90–94,9
2024,410,Flinders & Far North,Respite residential care,95–99,5
2024,411,"Yorke, Lower North & Barossa",Home care,100+,1
2024,411,"Yorke, Lower North & Barossa",Home care,60–64,1
2024,411,"Yorke, Lower North & Barossa",Home care,65–69,24
2024,411,"Yorke, Lower North & Barossa",Home care,70–74,36
2024,411,"Yorke, Lower North & Barossa",Home care,75–79,66
2024,411,"Yorke, Lower North & Barossa",Home care,80–84,70
2024,411,"Yorke, Lower North & Barossa",Home care,85–89,74
2024,411,"Yorke, Lower North & Barossa",Home care,90–94,31
2024,411,"Yorke, Lower North & Barossa",Home care,95–99,13
2024,411,"Yorke, Lower North & Barossa",Permanent residential care,100+,5
2024,411,"Yorke, Lower North & Barossa",Permanent residential care,60–64,2
2024,411,"Yorke, Lower North & Barossa",Permanent residential care,65–69,13
2024,411,"Yorke, Lower North & Barossa",Permanent residential care,70–74,21
2024,411,"Yorke, Lower North & Barossa",Permanent residential care,75–79,50
2024,411,"Yorke, Lower North & Barossa",Permanent residential care,80–84,90
2024,411,"Yorke, Lower North & Barossa",Permanent residential care,85–89,114
2024,411,"Yorke, Lower North & Barossa",Permanent residential care,90–94,95
2024,411,"Yorke, Lower North & Barossa",Permanent residential care,95–99,42
2024,411,"Yorke, Lower North & Barossa",Respite residential care,100+,9
2024,411,"Yorke, Lower North & Barossa",Respite residential care,60–64,1
2024,411,"Yorke, Lower North & Barossa",Respite residential care,65–69,24
2024,411,"Yorke, Lower North & Barossa",Respite residential care,70–74,53
2024,411,"Yorke, Lower North & Barossa",Respite residential care,75–79,101
2024,411,"Yorke, Lower North & Barossa",Respite residential care,80–84,162
2024,411,"Yorke, Lower North & Barossa",Respite residential care,85–89,181
2024,411,"Yorke, Lower North & Barossa",Respite residential care,90–94,122
2024,411,"Yorke, Lower North & Barossa",Respite residential care,95–99,55
2024,501,Goldfields,Home care,65–69,6
2024,501,Goldfields,Home care,70–74,4
2024,501,Goldfields,Home care,75–79,10
2024,501,Goldfields,Home care,80–84,13
2024,501,Goldfields,Home care,85–89,18
2024,501,Goldfields,Home care,90–94,7
2024,501,Goldfields,Permanent residential care,60–64,1
2024,501,Goldfields,Permanent residential care,65–69,5
2024,501,Goldfields,Permanent residential care,70–74,14
2024,501,Goldfields,Permanent residential care,75–79,20
2024,501,Goldfields,Permanent residential care,80–84,29
2024,501,Goldfields,Permanent residential care,85–89,25
2024,501,Goldfields,Permanent residential care,90–94,20
2024,501,Goldfields,Permanent residential care,95–99,4
2024,501,Goldfields,Respite residential care,60–64,1
2024,501,Goldfields,Respite residential care,65–69,4
2024,501,Goldfields,Respite residential care,70–74,4
2024,501,Goldfields,Respite residential care,75–79,10
2024,501,Goldfields,Respite residential care,80–84,19
2024,501,Goldfields,Respite residential care,85–89,18
2024,501,Goldfields,Respite residential care,90–94,19
2024,501,Goldfields,Respite residential care,95–99,4
2024,502,Great Southern,Home care,65–69,10
2024,502,Great Southern,Home care,70–74,15
2024,502,Great Southern,Home care,75–79,32
2024,502,Great Southern,Home care,80–84,37
2024,502,Great Southern,Home care,85–89,33
2024,502,Great Southern,Home care,90–94,26
2024,502,Great Southern,Home care,95–99,4
2024,502,Great Southern,Permanent residential care,100+,2
2024,502,Great Southern,Permanent residential care,60–64,1
2024,502,Great Southern,Permanent residential care,65–69,4
2024,502,Great Southern,Permanent residential care,70–74,18
2024,502,Great Southern,Permanent residential care,75–79,22
2024,502,Great Southern,Permanent residential care,80–84,33
2024,502,Great Southern,Permanent residential care,85–89,50
2024,502,Great Southern,Permanent residential care,90–94,39
2024,502,Great Southern,Permanent residential care,95–99,17
2024,502,Great Southern,Respite residential care,55–59,1
2024,502,Great Southern,Respite residential care,65–69,1
2024,502,Great Southern,Respite residential care,70–74,12
2024,502,Great Southern,Respite residential care,75–79,10
2024,502,Great Southern,Respite residential care,80–84,16
2024,502,Great Southern,Respite residential care,85–89,18
2024,502,Great Southern,Respite residential care,90–94,18
2024,502,Great Southern,Respite residential care,95–99,10
2024,502,Great Southern,Short-term restorative care,70–74,3
2024,502,Great Southern,Short-term restorative care,80–84,2
2024,502,Great Southern,Short-term restorative care,85–89,1
2024,502,Great Southern,Short-term restorative care,90–94,2
2024,502,Great Southern,Short-term restorative care,95–99,1
2024,502,Great Southern,Transition care,65–69,1
2024,502,Great Southern,Transition care,70–74,7
2024,502,Great Southern,Transition care,75–79,5
2024,502,Great Southern,Transition care,80–84,8
2024,502,Great Southern,Transition care,85–89,11
2024,502,Great Southern,Transition care,90–94,9
2024,502,Great Southern,Transition care,95–99,2
2024,503,Kimberley,Home care,50–54,1
2024,503,Kimberley,Home care,55–59,5
2024,503,Kimberley,Home care,65–69,1
2024,503,Kimberley,Home care,70–74,7
2024,503,Kimberley,Home care,75–79,1
2024,503,Kimberley,Home care,80–84,1
2024,503,Kimberley,Home care,85–89,1
2024,503,Kimberley,Home care,90–94,1
2024,503,Kimberley,Permanent residential care,50–54,1
2024,503,Kimberley,Permanent residential care,55–59,2
2024,503,Kimberley,Permanent residential care,60–64,3
2024,503,Kimberley,Permanent residential care,65–69,12
2024,503,Kimberley,Permanent residential care,70–74,12
2024,503,Kimberley,Permanent residential care,75–79,5
2024,503,Kimberley,Permanent residential care,80–84,7
2024,503,Kimberley,Permanent residential care,85–89,3
2024,503,Kimberley,Permanent residential care,90–94,1
2024,503,Kimberley,Respite residential care,55–59,3
2024,503,Kimberley,Respite residential care,60–64,4
2024,503,Kimberley,Respite residential care,65–69,5
2024,503,Kimberley,Respite residential care,70–74,7
2024,503,Kimberley,Respite residential care,75–79,7
2024,503,Kimberley,Respite residential care,80–84,9
2024,503,Kimberley,Respite residential care,85–89,4
2024,503,Kimberley,Transition care,0–49,2
2024,503,Kimberley,Transition care,50–54,2
2024,503,Kimberley,Transition care,55–59,3
2024,503,Kimberley,Transition care,60–64,5
2024,503,Kimberley,Transition care,65–69,2
2024,503,Kimberley,Transition care,70–74,2
2024,503,Kimberley,Transition care,75–79,1
2024,503,Kimberley,Transition care,80–84,4
2024,503,Kimberley,Transition care,90–94,1
2024,504,Metropolitan East,Home care,0–49,3
2024,504,Metropolitan East,Home care,100+,7
2024,504,Metropolitan East,Home care,50–54,7
2024,504,Metropolitan East,Home care,55–59,15
2024,504,Metropolitan East,Home care,60–64,14
2024,504,Metropolitan East,Home care,65–69,147
2024,504,Metropolitan East,Home care,70–74,252
2024,504,Metropolitan East,Home care,75–79,368
2024,504,Metropolitan East,Home care,80–84,393
2024,504,Metropolitan East,Home care,85–89,350
2024,504,Metropolitan East,Home care,90–94,228
2024,504,Metropolitan East,Home care,95–99,54
2024,504,Metropolitan East,Permanent residential care,100+,14
2024,504,Metropolitan East,Permanent residential care,55–59,4
2024,504,Metropolitan East,Permanent residential care,60–64,1
2024,504,Metropolitan East,Permanent residential care,65–69,58
2024,504,Metropolitan East,Permanent residential care,70–74,97
2024,504,Metropolitan East,Permanent residential care,75–79,140
2024,504,Metropolitan East,Permanent residential care,80–84,274
2024,504,Metropolitan East,Permanent residential care,85–89,319
2024,504,Metropolitan East,Permanent residential care,90–94,232
2024,504,Metropolitan East,Permanent residential care,95–99,75
2024,504,Metropolitan East,Respite residential care,100+,9
2024,504,Metropolitan East,Respite residential care,55–59,1
2024,504,Metropolitan East,Respite residential care,60–64,3
2024,504,Metropolitan East,Respite residential care,65–69,34
2024,504,Metropolitan East,Respite residential care,70–74,61
2024,504,Metropolitan East,Respite residential care,75–79,105
2024,504,Metropolitan East,Respite residential care,80–84,162
2024,504,Metropolitan East,Respite residential care,85–89,175
2024,504,Metropolitan East,Respite residential care,90–94,125
2024,504,Metropolitan East,Respite residential care,95–99,64
2024,504,Metropolitan East,Short-term restorative care,100+,2
2024,504,Metropolitan East,Short-term restorative care,50–54,4
2024,504,Metropolitan East,Short-term restorative care,55–59,7
2024,504,Metropolitan East,Short-term restorative care,60–64,4
2024,504,Metropolitan East,Short-term restorative care,65–69,47
2024,504,Metropolitan East,Short-term restorative care,70–74,58
2024,504,Metropolitan East,Short-term restorative care,75–79,80
2024,504,Metropolitan East,Short-term restorative care,80–84,127
2024,504,Metropolitan East,Short-term restorative care,85–89,91
2024,504,Metropolitan East,Short-term restorative care,90–94,47
2024,504,Metropolitan East,Short-term restorative care,95–99,5
2024,504,Metropolitan East,Transition care,100+,6
2024,504,Metropolitan East,Transition care,55–59,1
2024,504,Metropolitan East,Transition care,65–69,16
2024,504,Metropolitan East,Transition care,70–74,30
2024,504,Metropolitan East,Transition care,75–79,54
2024,504,Metropolitan East,Transition care,80–84,96
2024,504,Metropolitan East,Transition care,85–89,85
2024,504,Metropolitan East,Transition care,90–94,49
2024,504,Metropolitan East,Transition care,95–99,14
2024,505,Metropolitan North,Home care,0–49,2
2024,505,Metropolitan North,Home care,100+,9
2024,505,Metropolitan North,Home care,50–54,4
2024,505,Metropolitan North,Home care,55–59,10
2024,505,Metropolitan North,Home care,60–64,22
2024,505,Metropolitan North,Home care,65–69,155
2024,505,Metropolitan North,Home care,70–74,352
2024,505,Metropolitan North,Home care,75–79,464
2024,505,Metropolitan North,Home care,80–84,565
2024,505,Metropolitan North,Home care,85–89,534
2024,505,Metropolitan North,Home care,90–94,325
2024,505,Metropolitan North,Home care,95–99,77
2024,505,Metropolitan North,Permanent residential care,100+,16
2024,505,Metropolitan North,Permanent residential care,55–59,1
2024,505,Metropolitan North,Permanent residential care,60–64,4
2024,505,Metropolitan North,Permanent residential care,65–69,64
2024,505,Metropolitan North,Permanent residential care,70–74,137
2024,505,Metropolitan North,Permanent residential care,75–79,247
2024,505,Metropolitan North,Permanent residential care,80–84,381
2024,505,Metropolitan North,Permanent residential care,85–89,500
2024,505,Metropolitan North,Permanent residential care,90–94,399
2024,505,Metropolitan North,Permanent residential care,95–99,146
2024,505,Metropolitan North,Respite residential care,100+,13
2024,505,Metropolitan North,Respite residential care,60–64,5
2024,505,Metropolitan North,Respite residential care,65–69,35
2024,505,Metropolitan North,Respite residential care,70–74,95
2024,505,Metropolitan North,Respite residential care,75–79,182
2024,505,Metropolitan North,Respite residential care,80–84,246
2024,505,Metropolitan North,Respite residential care,85–89,303
2024,505,Metropolitan North,Respite residential care,90–94,229
2024,505,Metropolitan North,Respite residential care,95–99,95
2024,505,Metropolitan North,Transition care,60–64,3
2024,505,Metropolitan North,Transition care,65–69,30
2024,505,Metropolitan North,Transition care,70–74,71
2024,505,Metropolitan North,Transition care,75–79,115
2024,505,Metropolitan North,Transition care,80–84,167
2024,505,Metropolitan North,Transition care,85–89,167
2024,505,Metropolitan North,Transition care,90–94,104
2024,505,Metropolitan North,Transition care,95–99,34
2024,506,Metropolitan South East,Home care,0–49,5
2024,506,Metropolitan South East,Home care,100+,5
2024,506,Metropolitan South East,Home care,50–54,2
2024,506,Metropolitan South East,Home care,55–59,9
2024,506,Metropolitan South East,Home care,60–64,19
2024,506,Metropolitan South East,Home care,65–69,104
2024,506,Metropolitan South East,Home care,70–74,204
2024,506,Metropolitan South East,Home care,75–79,312
2024,506,Metropolitan South East,Home care,80–84,419
2024,506,Metropolitan South East,Home care,85–89,402
2024,506,Metropolitan South East,Home care,90–94,206
2024,506,Metropolitan South East,Home care,95–99,64
2024,506,Metropolitan South East,Permanent residential care,100+,13
2024,506,Metropolitan South East,Permanent residential care,50–54,2
2024,506,Metropolitan South East,Permanent residential care,55–59,3
2024,506,Metropolitan South East,Permanent residential care,60–64,7
2024,506,Metropolitan South East,Permanent residential care,65–69,51
2024,506,Metropolitan South East,Permanent residential care,70–74,113
2024,506,Metropolitan South East,Permanent residential care,75–79,200
2024,506,Metropolitan South East,Permanent residential care,80–84,273
2024,506,Metropolitan South East,Permanent residential care,85–89,341
2024,506,Metropolitan South East,Permanent residential care,90–94,222
2024,506,Metropolitan South East,Permanent residential care,95–99,110
2024,506,Metropolitan South East,Respite residential care,100+,13
2024,506,Metropolitan South East,Respite residential care,50–54,1
2024,506,Metropolitan South East,Respite residential care,55–59,3
2024,506,Metropolitan South East,Respite residential care,60–64,2
2024,506,Metropolitan South East,Respite residential care,65–69,24
2024,506,Metropolitan South East,Respite residential care,70–74,91
2024,506,Metropolitan South East,Respite residential care,75–79,142
2024,506,Metropolitan South East,Respite residential care,80–84,154
2024,506,Metropolitan South East,Respite residential care,85–89,224
2024,506,Metropolitan South East,Respite residential care,90–94,151
2024,506,Metropolitan South East,Respite residential care,95–99,80
2024,506,Metropolitan South East,Short-term restorative care,100+,1
2024,506,Metropolitan South East,Short-term restorative care,55–59,2
2024,506,Metropolitan South East,Short-term restorative care,60–64,4
2024,506,Metropolitan South East,Short-term restorative care,65–69,45
2024,506,Metropolitan South East,Short-term restorative care,70–74,70
2024,506,Metropolitan South East,Short-term restorative care,75–79,111
2024,506,Metropolitan South East,Short-term restorative care,80–84,114
2024,506,Metropolitan South East,Short-term restorative care,85–89,115
2024,506,Metropolitan South East,Short-term restorative care,90–94,80
2024,506,Metropolitan South East,Short-term restorative care,95–99,10
2024,506,Metropolitan South East,Transition care,100+,1
2024,506,Metropolitan South East,Transition care,50–54,1
2024,506,Metropolitan South East,Transition care,60–64,2
2024,506,Metropolitan South East,Transition care,65–69,17
2024,506,Metropolitan South East,Transition care,70–74,20
2024,506,Metropolitan South East,Transition care,75–79,39
2024,506,Metropolitan South East,Transition care,80–84,36
2024,506,Metropolitan South East,Transition care,85–89,44
2024,506,Metropolitan South East,Transition care,90–94,34
2024,506,Metropolitan South East,Transition care,95–99,11
2024,507,Metropolitan South West,Home care,0–49,1
2024,507,Metropolitan South West,Home care,100+,8
2024,507,Metropolitan South West,Home care,50–54,3
2024,507,Metropolitan South West,Home care,55–59,6
2024,507,Metropolitan South West,Home care,60–64,16
2024,507,Metropolitan South West,Home care,65–69,57
2024,507,Metropolitan South West,Home care,70–74,136
2024,507,Metropolitan South West,Home care,75–79,255
2024,507,Metropolitan South West,Home care,80–84,342
2024,507,Metropolitan South West,Home care,85–89,334
2024,507,Metropolitan South West,Home care,90–94,194
2024,507,Metropolitan South West,Home care,95–99,40
2024,507,Metropolitan South West,Permanent residential care,100+,16
2024,507,Metropolitan South West,Permanent residential care,55–59,2
2024,507,Metropolitan South West,Permanent residential care,60–64,4
2024,507,Metropolitan South West,Permanent residential care,65–69,49
2024,507,Metropolitan South West,Permanent residential care,70–74,118
2024,507,Metropolitan South West,Permanent residential care,75–79,224
2024,507,Metropolitan South West,Permanent residential care,80–84,397
2024,507,Metropolitan South West,Permanent residential care,85–89,420
2024,507,Metropolitan South West,Permanent residential care,90–94,363
2024,507,Metropolitan South West,Permanent residential care,95–99,108
2024,507,Metropolitan South West,Respite residential care,100+,14
2024,507,Metropolitan South West,Respite residential care,60–64,3
2024,507,Metropolitan South West,Respite residential care,65–69,33
2024,507,Metropolitan South West,Respite residential care,70–74,85
2024,507,Metropolitan South West,Respite residential care,75–79,183
2024,507,Metropolitan South West,Respite residential care,80–84,267
2024,507,Metropolitan South West,Respite residential care,85–89,298
2024,507,Metropolitan South West,Respite residential care,90–94,249
2024,507,Metropolitan South West,Respite residential care,95–99,78
2024,507,Metropolitan South West,Transition care,100+,3
2024,507,Metropolitan South West,Transition care,60–64,2
2024,507,Metropolitan South West,Transition care,65–69,5
2024,507,Metropolitan South West,Transition care,70–74,12
2024,507,Metropolitan South West,Transition care,75–79,28
2024,507,Metropolitan South West,Transition care,80–84,28
2024,507,Metropolitan South West,Transition care,85–89,38
2024,507,Metropolitan South West,Transition care,90–94,27
2024,507,Metropolitan South West,Transition care,95–99,7
2024,508,Mid West,Home care,55–59,2
2024,508,Mid West,Home care,65–69,2
2024,508,Mid West,Home care,70–74,10
2024,508,Mid West,Home care,75–79,15
2024,508,Mid West,Home care,80–84,19
2024,508,Mid West,Home care,85–89,16
2024,508,Mid West,Home care,90–94,12
2024,508,Mid West,Permanent residential care,100+,1
2024,508,Mid West,Permanent residential care,65–69,3
2024,508,Mid West,Permanent residential care,70–74,16
2024,508,Mid West,Permanent residential care,75–79,15
2024,508,Mid West,Permanent residential care,80–84,29
2024,508,Mid West,Permanent residential care,85–89,29
2024,508,Mid West,Permanent residential care,90–94,21
2024,508,Mid West,Permanent residential care,95–99,3
2024,508,Mid West,Respite residential care,70–74,1
2024,508,Mid West,Respite residential care,75–79,1
2024,508,Mid West,Respite residential care,80–84,4
2024,508,Mid West,Respite residential care,85–89,1
2024,508,Mid West,Respite residential care,90–94,1
2024,508,Mid West,Short-term restorative care,65–69,3
2024,508,Mid West,Short-term restorative care,70–74,6
2024,508,Mid West,Short-term restorative care,75–79,8
2024,508,Mid West,Short-term restorative care,80–84,10
2024,508,Mid West,Short-term restorative care,85–89,11
2024,508,Mid West,Short-term restorative care,90–94,6
2024,508,Mid West,Short-term restorative care,95–99,1
2024,508,Mid West,Transition care,50–54,1
2024,508,Mid West,Transition care,55–59,2
2024,508,Mid West,Transition care,60–64,2
2024,508,Mid West,Transition care,65–69,11
2024,508,Mid West,Transition care,70–74,5
2024,508,Mid West,Transition care,75–79,13
2024,508,Mid West,Transition care,80–84,13
2024,508,Mid West,Transition care,85–89,13
2024,508,Mid West,Transition care,90–94,12
2024,508,Mid West,Transition care,95–99,1
2024,509,Pilbara,Home care,50–54,2
2024,509,Pilbara,Home care,55–59,2
2024,509,Pilbara,Home care,65–69,1
2024,509,Pilbara,Home care,70–74,2
2024,509,Pilbara,Home care,75–79,3
2024,509,Pilbara,Home care,80–84,4
2024,509,Pilbara,Home care,85–89,4
2024,509,Pilbara,Home care,90–94,1
2024,509,Pilbara,Permanent residential care,55–59,1
2024,509,Pilbara,Permanent residential care,65–69,8
2024,509,Pilbara,Permanent residential care,70–74,4
2024,509,Pilbara,Permanent residential care,75–79,6
2024,509,Pilbara,Permanent residential care,80–84,5
2024,509,Pilbara,Permanent residential care,85–89,2
2024,509,Pilbara,Respite residential care,55–59,2
2024,509,Pilbara,Respite residential care,60–64,2
2024,509,Pilbara,Respite residential care,65–69,6
2024,509,Pilbara,Respite residential care,70–74,7
2024,509,Pilbara,Respite residential care,75–79,3
2024,509,Pilbara,Respite residential care,80–84,7
2024,509,Pilbara,Respite residential care,85–89,1
2024,510,South West,Home care,0–49,1
2024,510,South West,Home care,100+,1
2024,510,South West,Home care,50–54,3
2024,510,South West,Home care,55–59,6
2024,510,South West,Home care,60–64,9
2024,510,South West,Home care,65–69,42
2024,510,South West,Home care,70–74,66
2024,510,South West,Home care,75–79,120
2024,510,South West,Home care,80–84,120
2024,510,South West,Home care,85–89,136
2024,510,South West,Home care,90–94,79
2024,510,South West,Home care,95–99,20
2024,510,South West,Permanent residential care,100+,3
2024,510,South West,Permanent residential care,60–64,2
2024,510,South West,Permanent residential care,65–69,13
2024,510,South West,Permanent residential care,70–74,23
2024,510,South West,Permanent residential care,75–79,89
2024,510,South West,Permanent residential care,80–84,104
2024,510,South West,Permanent residential care,85–89,147
2024,510,South West,Permanent residential care,90–94,111
2024,510,South West,Permanent residential care,95–99,39
2024,510,South West,Respite residential care,100+,4
2024,510,South West,Respite residential care,65–69,6
2024,510,South West,Respite residential care,70–74,12
2024,510,South West,Respite residential care,75–79,35
2024,510,South West,Respite residential care,80–84,43
2024,510,South West,Respite residential care,85–89,65
2024,510,South West,Respite residential care,90–94,39
2024,510,South West,Respite residential care,95–99,16
2024,510,South West,Short-term restorative care,50–54,1
2024,510,South West,Short-term restorative care,65–69,1
2024,510,South West,Short-term restorative care,70–74,4
2024,510,South West,Short-term restorative care,75–79,4
2024,510,South West,Short-term restorative care,80–84,5
2024,510,South West,Short-term restorative care,85–89,4
2024,510,South West,Short-term restorative care,90–94,2
2024,510,South West,Transition care,50–54,5
2024,510,South West,Transition care,60–64,4
2024,510,South West,Transition care,65–69,3
2024,510,South West,Transition care,70–74,2
2024,510,South West,Transition care,75–79,4
2024,510,South West,Transition care,80–84,2
2024,511,Wheatbelt,Home care,50–54,2
2024,511,Wheatbelt,Home care,55–59,3
2024,511,Wheatbelt,Home care,60–64,2
2024,511,Wheatbelt,Home care,65–69,19
2024,511,Wheatbelt,Home care,70–74,41
2024,511,Wheatbelt,Home care,75–79,62
2024,511,Wheatbelt,Home care,80–84,58
2024,511,Wheatbelt,Home care,85–89,36
2024,511,Wheatbelt,Home care,90–94,16
2024,511,Wheatbelt,Home care,95–99,6
2024,511,Wheatbelt,Permanent residential care,60–64,1
2024,511,Wheatbelt,Permanent residential care,65–69,5
2024,511,Wheatbelt,Permanent residential care,70–74,4
2024,511,Wheatbelt,Permanent residential care,75–79,18
2024,511,Wheatbelt,Permanent residential care,80–84,36
2024,511,Wheatbelt,Permanent residential care,85–89,34
2024,511,Wheatbelt,Permanent residential care,90–94,19
2024,511,Wheatbelt,Permanent residential care,95–99,6
2024,511,Wheatbelt,Respite residential care,100+,1
2024,511,Wheatbelt,Respite residential care,65–69,7
2024,511,Wheatbelt,Respite residential care,70–74,7
2024,511,Wheatbelt,Respite residential care,75–79,20
2024,511,Wheatbelt,Respite residential care,80–84,33
2024,511,Wheatbelt,Respite residential care,85–89,22
2024,511,Wheatbelt,Respite residential care,90–94,14
2024,511,Wheatbelt,Respite residential care,95–99,9
2024,601,North Western,Home care,60–64,3
2024,601,North Western,Home care,65–69,36
2024,601,North Western,Home care,70–74,85
2024,601,North Western,Home care,75–79,102
2024,601,North Western,Home care,80–84,117
2024,601,North Western,Home care,85–89,110
2024,601,North Western,Home care,90–94,56
2024,601,North Western,Home care,95–99,16
2024,601,North Western,Permanent residential care,100+,1
2024,601,North Western,Permanent residential care,55–59,1
2024,601,North Western,Permanent residential care,60–64,2
2024,601,North Western,Permanent residential care,65–69,15
2024,601,North Western,Permanent residential care,70–74,34
2024,601,North Western,Permanent residential care,75–79,68
2024,601,North Western,Permanent residential care,80–84,101
2024,601,North Western,Permanent residential care,85–89,122
2024,601,North Western,Permanent residential care,90–94,88
2024,601,North Western,Permanent residential care,95–99,29
2024,601,North Western,Respite residential care,100+,2
2024,601,North Western,Respite residential care,60–64,5
2024,601,North Western,Respite residential care,65–69,11
2024,601,North Western,Respite residential care,70–74,52
2024,601,North Western,Respite residential care,75–79,94
2024,601,North Western,Respite residential care,80–84,118
2024,601,North Western,Respite residential care,85–89,155
2024,601,North Western,Respite residential care,90–94,109
2024,601,North Western,Respite residential care,95–99,31
2024,601,North Western,Short-term restorative care,50–54,1
2024,601,North Western,Short-term restorative care,55–59,1
2024,601,North Western,Short-term restorative care,60–64,1
2024,601,North Western,Short-term restorative care,65–69,8
2024,601,North Western,Short-term restorative care,70–74,13
2024,601,North Western,Short-term restorative care,75–79,22
2024,601,North Western,Short-term restorative care,80–84,19
2024,601,North Western,Short-term restorative care,85–89,13
2024,601,North Western,Short-term restorative care,90–94,3
2024,601,North Western,Transition care,65–69,3
2024,601,North Western,Transition care,70–74,7
2024,601,North Western,Transition care,75–79,8
2024,601,North Western,Transition care,80–84,4
2024,601,North Western,Transition care,85–89,10
2024,601,North Western,Transition care,90–94,2
2024,601,North Western,Transition care,95–99,1
2024,602,Northern,Home care,50–54,1
2024,602,Northern,Home care,55–59,4
2024,602,Northern,Home care,60–64,2
2024,602,Northern,Home care,65–69,52
2024,602,Northern,Home care,70–74,105
2024,602,Northern,Home care,75–79,147
2024,602,Northern,Home care,80–84,180
2024,602,Northern,Home care,85–89,149
2024,602,Northern,Home care,90–94,69
2024,602,Northern,Home care,95–99,18
2024,602,Northern,Permanent residential care,0–49,1
2024,602,Northern,Permanent residential care,100+,3
2024,602,Northern,Permanent residential care,55–59,1
2024,602,Northern,Permanent residential care,60–64,3
2024,602,Northern,Permanent residential care,65–69,12
2024,602,Northern,Permanent residential care,70–74,48
2024,602,Northern,Permanent residential care,75–79,85
2024,602,Northern,Permanent residential care,80–84,126
2024,602,Northern,Permanent residential care,85–89,153
2024,602,Northern,Permanent residential care,90–94,99
2024,602,Northern,Permanent residential care,95–99,38
2024,602,Northern,Respite residential care,0–49,1
2024,602,Northern,Respite residential care,55–59,2
2024,602,Northern,Respite residential care,60–64,3
2024,602,Northern,Respite residential care,65–69,18
2024,602,Northern,Respite residential care,70–74,72
2024,602,Northern,Respite residential care,75–79,103
2024,602,Northern,Respite residential care,80–84,157
2024,602,Northern,Respite residential care,85–89,209
2024,602,Northern,Respite residential care,90–94,116
2024,602,Northern,Respite residential care,95–99,54
2024,602,Northern,Short-term restorative care,65–69,6
2024,602,Northern,Short-term restorative care,70–74,11
2024,602,Northern,Short-term restorative care,75–79,17
2024,602,Northern,Short-term restorative care,80–84,13
2024,602,Northern,Short-term restorative care,85–89,9
2024,602,Northern,Short-term restorative care,90–94,8
2024,602,Northern,Short-term restorative care,95–99,1
2024,602,Northern,Transition care,65–69,7
2024,602,Northern,Transition care,70–74,18
2024,602,Northern,Transition care,75–79,26
2024,602,Northern,Transition care,80–84,14
2024,602,Northern,Transition care,85–89,25
2024,602,Northern,Transition care,90–94,18
2024,602,Northern,Transition care,95–99,3
2024,603,Southern,Home care,100+,3
2024,603,Southern,Home care,50–54,5
2024,603,Southern,Home care,55–59,1
2024,603,Southern,Home care,60–64,2
2024,603,Southern,Home care,65–69,67
2024,603,Southern,Home care,70–74,145
2024,603,Southern,Home care,75–79,257
2024,603,Southern,Home care,80–84,255
2024,603,Southern,Home care,85–89,245
2024,603,Southern,Home care,90–94,125
2024,603,Southern,Home care,95–99,26
2024,603,Southern,Permanent residential care,100+,6
2024,603,Southern,Permanent residential care,50–54,2
2024,603,Southern,Permanent residential care,60–64,3
2024,603,Southern,Permanent residential care,65–69,32
2024,603,Southern,Permanent residential care,70–74,69
2024,603,Southern,Permanent residential care,75–79,128
2024,603,Southern,Permanent residential care,80–84,178
2024,603,Southern,Permanent residential care,85–89,204
2024,603,Southern,Permanent residential care,90–94,164
2024,603,Southern,Permanent residential care,95–99,61
2024,603,Southern,Respite residential care,100+,8
2024,603,Southern,Respite residential care,50–54,1
2024,603,Southern,Respite residential care,55–59,1
2024,603,Southern,Respite residential care,60–64,1
2024,603,Southern,Respite residential care,65–69,32
2024,603,Southern,Respite residential care,70–74,86
2024,603,Southern,Respite residential care,75–79,165
2024,603,Southern,Respite residential care,80–84,202
2024,603,Southern,Respite residential care,85–89,238
2024,603,Southern,Respite residential care,90–94,169
2024,603,Southern,Respite residential care,95–99,77
2024,603,Southern,Short-term restorative care,55–59,2
2024,603,Southern,Short-term restorative care,65–69,9
2024,603,Southern,Short-term restorative care,70–74,22
2024,603,Southern,Short-term restorative care,75–79,32
2024,603,Southern,Short-term restorative care,80–84,39
2024,603,Southern,Short-term restorative care,85–89,19
2024,603,Southern,Short-term restorative care,90–94,9
2024,603,Southern,Transition care,65–69,17
2024,603,Southern,Transition care,70–74,39
2024,603,Southern,Transition care,75–79,63
2024,603,Southern,Transition care,80–84,60
2024,603,Southern,Transition care,85–89,42
2024,603,Southern,Transition care,90–94,20
2024,603,Southern,Transition care,95–99,8
2024,701,Alice Springs,Home care,50–54,3
2024,701,Alice Springs,Home care,55–59,6
2024,701,Alice Springs,Home care,60–64,5
2024,701,Alice Springs,Home care,65–69,7
2024,701,Alice Springs,Home care,70–74,8
2024,701,Alice Springs,Home care,75–79,7
2024,701,Alice Springs,Home care,80–84,11
2024,701,Alice Springs,Home care,85–89,8
2024,701,Alice Springs,Home care,90–94,3
2024,701,Alice Springs,Permanent residential care,50–54,1
2024,701,Alice Springs,Permanent residential care,55–59,2
2024,701,Alice Springs,Permanent residential care,60–64,4
2024,701,Alice Springs,Permanent residential care,65–69,8
2024,701,Alice Springs,Permanent residential care,70–74,13
2024,701,Alice Springs,Permanent residential care,75–79,18
2024,701,Alice Springs,Permanent residential care,80–84,16
2024,701,Alice Springs,Permanent residential care,85–89,13
2024,701,Alice Springs,Permanent residential care,90–94,6
2024,701,Alice Springs,Permanent residential care,95–99,1
2024,701,Alice Springs,Respite residential care,55–59,2
2024,701,Alice Springs,Respite residential care,60–64,10
2024,701,Alice Springs,Respite residential care,65–69,5
2024,701,Alice Springs,Respite residential care,70–74,9
2024,701,Alice Springs,Respite residential care,75–79,21
2024,701,Alice Springs,Respite residential care,80–84,7
2024,701,Alice Springs,Respite residential care,85–89,12
2024,701,Alice Springs,Respite residential care,90–94,2
2024,701,Alice Springs,Short-term restorative care,70–74,1
2024,701,Alice Springs,Short-term restorative care,80–84,1
2024,703,Darwin,Home care,100+,1
2024,703,Darwin,Home care,50–54,3
2024,703,Darwin,Home care,55–59,3
2024,703,Darwin,Home care,60–64,5
2024,703,Darwin,Home care,65–69,19
2024,703,Darwin,Home care,70–74,36
2024,703,Darwin,Home care,75–79,39
2024,703,Darwin,Home care,80–84,41
2024,703,Darwin,Home care,85–89,30
2024,703,Darwin,Home care,90–94,11
2024,703,Darwin,Home care,95–99,5
2024,703,Darwin,Permanent residential care,55–59,1
2024,703,Darwin,Permanent residential care,60–64,4
2024,703,Darwin,Permanent residential care,65–69,4
2024,703,Darwin,Permanent residential care,70–74,20
2024,703,Darwin,Permanent residential care,75–79,21
2024,703,Darwin,Permanent residential care,80–84,26
2024,703,Darwin,Permanent residential care,85–89,22
2024,703,Darwin,Permanent residential care,90–94,17
2024,703,Darwin,Permanent residential care,95–99,3
2024,703,Darwin,Respite residential care,60–64,4
2024,703,Darwin,Respite residential care,65–69,3
2024,703,Darwin,Respite residential care,70–74,12
2024,703,Darwin,Respite residential care,75–79,12
2024,703,Darwin,Respite residential care,80–84,20
2024,703,Darwin,Respite residential care,85–89,16
2024,703,Darwin,Respite residential care,90–94,14
2024,703,Darwin,Respite residential care,95–99,3
2024,703,Darwin,Short-term restorative care,65–69,11
2024,703,Darwin,Short-term restorative care,70–74,17
2024,703,Darwin,Short-term restorative care,75–79,17
2024,703,Darwin,Short-term restorative care,80–84,24
2024,703,Darwin,Short-term restorative care,85–89,9
2024,703,Darwin,Short-term restorative care,90–94,6
2024,703,Darwin,Short-term restorative care,95–99,1
2024,703,Darwin,Transition care,50–54,1
2024,703,Darwin,Transition care,60–64,2
2024,703,Darwin,Transition care,65–69,16
2024,703,Darwin,Transition care,70–74,26
2024,703,Darwin,Transition care,75–79,39
2024,703,Darwin,Transition care,80–84,29
2024,703,Darwin,Transition care,85–89,21
2024,703,Darwin,Transition care,90–94,5
2024,704,East Arnhem,Home care,50–54,7
2024,704,East Arnhem,Home care,55–59,8
2024,704,East Arnhem,Home care,60–64,9
2024,704,East Arnhem,Home care,65–69,8
2024,704,East Arnhem,Home care,70–74,6
2024,704,East Arnhem,Home care,75–79,2
2024,704,East Arnhem,Home care,80–84,2
2024,705,Katherine,Home care,50–54,1
2024,705,Katherine,Home care,55–59,2
2024,705,Katherine,Home care,65–69,10
2024,705,Katherine,Home care,70–74,11
2024,705,Katherine,Home care,75–79,3
2024,705,Katherine,Home care,80–84,2
2024,705,Katherine,Home care,85–89,2
2024,705,Katherine,Home care,90–94,1
2024,705,Katherine,Home care,95–99,1
2024,705,Katherine,Permanent residential care,55–59,1
2024,705,Katherine,Permanent residential care,60–64,1
2024,705,Katherine,Permanent residential care,65–69,3
2024,705,Katherine,Permanent residential care,70–74,4
2024,705,Katherine,Permanent residential care,75–79,5
2024,705,Katherine,Permanent residential care,80–84,3
2024,705,Katherine,Permanent residential care,85–89,1
2024,705,Katherine,Respite residential care,55–59,2
2024,705,Katherine,Respite residential care,60–64,3
2024,705,Katherine,Respite residential care,65–69,3
2024,705,Katherine,Respite residential care,70–74,12
2024,705,Katherine,Respite residential care,75–79,12
2024,705,Katherine,Respite residential care,80–84,3
2024,705,Katherine,Respite residential care,85–89,4
2024,801,ACT,Home care,55–59,3
2024,801,ACT,Home care,60–64,5
2024,801,ACT,Home care,65–69,62
2024,801,ACT,Home care,70–74,98
2024,801,ACT,Home care,75–79,181
2024,801,ACT,Home care,80–84,189
2024,801,ACT,Home care,85–89,213
2024,801,ACT,Home care,90–94,118
2024,801,ACT,Home care,95–99,20
2024,801,ACT,Permanent residential care,100+,8
2024,801,ACT,Permanent residential care,55–59,1
2024,801,ACT,Permanent residential care,65–69,28
2024,801,ACT,Permanent residential care,70–74,52
2024,801,ACT,Permanent residential care,75–79,143
2024,801,ACT,Permanent residential care,80–84,182
2024,801,ACT,Permanent residential care,85–89,246
2024,801,ACT,Permanent residential care,90–94,216
2024,801,ACT,Permanent residential care,95–99,52
2024,801,ACT,Respite residential care,100+,8
2024,801,ACT,Respite residential care,55–59,1
2024,801,ACT,Respite residential care,65–69,26
2024,801,ACT,Respite residential care,70–74,59
2024,801,ACT,Respite residential care,75–79,143
2024,801,ACT,Respite residential care,80–84,174
2024,801,ACT,Respite residential care,85–89,229
2024,801,ACT,Respite residential care,90–94,188
2024,801,ACT,Respite residential care,95–99,48
2024,801,ACT,Short-term restorative care,100+,1
2024,801,ACT,Short-term restorative care,55–59,1
2024,801,ACT,Short-term restorative care,65–69,7
2024,801,ACT,Short-term restorative care,70–74,18
2024,801,ACT,Short-term restorative care,75–79,50
2024,801,ACT,Short-term restorative care,80–84,55
2024,801,ACT,Short-term restorative care,85–89,40
2024,801,ACT,Short-term restorative care,90–94,26
2024,801,ACT,Short-term restorative care,95–99,1
2024,801,ACT,Transition care,100+,1
2024,801,ACT,Transition care,65–69,16
2024,801,ACT,Transition care,70–74,17
2024,801,ACT,Transition care,75–79,38
2024,801,ACT,Transition care,80–84,61
2024,801,ACT,Transition care,85–89,56
2024,801,ACT,Transition care,90–94,29
2024,801,ACT,Transition care,95–99,7
