sa3_code,sa3_name,state,year,mmm_code,pop_65_plus,total_pop,n_facilities,n_residential,residential_places,n_nfp,n_government,n_private,total_residential,total_homecare,total_users,hcp_level1,hcp_level2,hcp_level3,hcp_level4,hcp_high_needs,quality_score,access_rate,care_gap_index,waitlist_pressure,beds_per_1k,private_share,supply_change
10102,Queanbeyan,NSW,2023,MM1,9020.0,66882.0,6,4,364.0,4,1,1,261.0,441,702.0,12,189,151,89,240,3.4444444444444446,2.893569844789357,0.8400686646162648,0.6593406593406593,40.354767184035474,0.16666666666666666,1.0
10103,Snowy Mountains,NSW,2023,MM4,4308.0,21165.0,7,5,146.0,1,6,0,93.0,129,222.0,4,58,39,28,67,3.825,2.1587743732590527,0.5643854570611903,0.4589041095890411,33.89043639740019,0.0,-1.0
10104,South Coast,NSW,2023,MM5,24417.0,77442.0,26,14,1060.0,23,1,2,872.0,1724,2596.0,67,917,510,230,740,3.5518018018018016,3.5712823033132652,1.0054846814654976,0.6981132075471698,43.41237662284474,0.07692307692307693,-1.0
10105,Goulburn - Mulwaree,NSW,2023,MM3,8526.0,39134.0,12,6,409.0,12,0,0,369.0,629,998.0,19,291,235,84,319,3.55,4.327938071780436,1.2191374850085737,0.7799511002444988,47.97091250293221,0.0,0.0
10106,Young - Yass,NSW,2023,MM4,8171.0,38446.0,13,8,397.0,7,2,4,312.0,395,707.0,21,188,123,63,186,3.3385416666666665,3.81838208297638,1.1437275505951092,0.46851385390428213,48.58646432505201,0.3076923076923077,0.0
10201,Gosford,NSW,2023,MM1,41739.0,180280.0,38,16,1954.0,15,1,22,1642.0,2373,4015.0,135,1071,833,334,1167,3.1759259259259256,3.9339706269915427,1.2386846289069582,0.5972364380757421,46.81472962936342,0.5789473684210527,-3.0
10202,Wyong,NSW,2023,MM1,36500.0,171620.0,40,21,1971.0,25,0,15,1745.0,2612,4357.0,173,1159,920,360,1280,3.1,4.780821917808219,1.5422006186478125,0.6494165398274987,54.0,0.375,0.0
10301,Bathurst,NSW,2023,MM3,9647.0,50187.0,15,7,584.0,11,1,3,516.0,369,885.0,10,165,112,82,194,3.4027777777777777,5.348813102518918,1.571896095434131,0.3321917808219178,60.53695449362496,0.2,0.0
10302,Lachlan Valley,NSW,2023,MM4,12906.0,54427.0,28,19,810.0,16,8,4,584.0,558,1142.0,37,230,205,86,291,3.2916666666666665,4.525027119169379,1.3746917830387988,0.3592592592592593,62.76150627615063,0.14285714285714285,-1.0
10303,Lithgow - Mudgee,NSW,2023,MM4,10929.0,47953.0,14,11,485.0,8,4,2,375.0,480,855.0,39,201,168,72,240,3.659722222222222,3.4312379906670327,0.9375678760076902,0.4948453608247423,44.37734467929362,0.14285714285714285,0.0
10304,Orange,NSW,2023,MM3,11582.0,62260.0,18,12,691.0,13,2,3,600.0,447,1047.0,23,209,147,68,215,3.0303030303030307,5.180452426178553,1.7095493006389222,0.3111432706222865,59.661543774823,0.16666666666666666,-1.0
10401,Clarence Valley,NSW,2023,MM3,15163.0,54879.0,15,9,683.0,11,1,3,592.0,1123,1715.0,112,541,348,122,470,3.425,3.9042405856360882,1.13992425857988,0.6881405563689604,45.04385675657851,0.2,0.0
10402,Coffs Harbour,NSW,2023,MM3,22429.0,94153.0,29,14,972.0,20,2,7,810.0,1306,2116.0,121,593,449,143,592,3.4692982456140355,3.6113959605867407,1.040958633392891,0.6090534979423868,43.33675152704088,0.2413793103448276,0.0
10501,Bourke - Cobar - Coonamble,NSW,2023,MM6,4357.0,22095.0,15,13,247.0,2,12,1,72.0,225,297.0,39,114,48,24,72,3.6041666666666665,1.6525131971540052,0.4585007714646951,0.291497975708502,56.69038329125546,0.06666666666666667,-2.0
10502,Broken Hill and Far West,NSW,2023,MM3,4543.0,19935.0,12,4,222.0,9,2,1,188.0,198,386.0,28,103,42,25,67,3.0277777777777777,4.138234646709223,1.3667563970782755,0.30180180180180183,48.866387849438695,0.08333333333333333,0.0
10503,Dubbo,NSW,2023,MM3,14627.0,75852.0,35,19,963.0,24,9,2,753.0,1079,1832.0,135,476,329,139,468,3.26984126984127,5.148013946810693,1.574392614801328,0.48598130841121495,65.83715047514869,0.05714285714285714,0.0
10601,Lower Hunter,NSW,2023,MM3,17280.0,102821.0,18,11,818.0,17,1,0,683.0,747,1430.0,81,335,180,151,331,3.296875,3.9525462962962963,1.1988766017202037,0.40464547677261614,47.33796296296296,0.0,0.0
10602,Maitland,NSW,2023,MM1,14266.0,92716.0,6,6,549.0,4,0,2,437.0,788,1225.0,84,367,215,122,337,3.4722222222222223,3.063227253609982,0.8822094490396747,0.6138433515482696,38.48310668722837,0.3333333333333333,0.0
10603,Port Stephens,NSW,2023,MM4,21720.0,78426.0,13,7,652.0,7,0,6,594.0,1305,1899.0,98,533,433,241,674,3.2261904761904763,2.7348066298342544,0.8476891398748242,1.0337423312883436,30.01841620626151,0.46153846153846156,-1.0
10604,Upper Hunter,NSW,2023,MM5,5642.0,31109.0,10,7,249.0,7,3,0,209.0,259,468.0,20,119,80,40,120,3.183333333333333,3.7043601559730592,1.163673347426092,0.4819277108433735,44.13328606876994,0.0,-2.0
10701,Dapto - Port Kembla,NSW,2023,MM1,15539.0,81571.0,20,9,923.0,17,1,2,793.0,924,1717.0,66,422,324,112,436,3.152173913043478,5.103288499903469,1.6189742827279971,0.4723726977248104,59.39893172018791,0.1,0.0
10703,Kiama - Shellharbour,NSW,2023,MM1,21125.0,102619.0,13,7,825.0,10,2,1,765.0,993,1758.0,90,405,354,144,498,3.2261904761904763,3.621301775147929,1.1224699229240813,0.6036363636363636,39.05325443786982,0.07692307692307693,-2.0
10704,Wollongong,NSW,2023,MM1,24650.0,137576.0,26,12,1317.0,20,1,5,1134.0,1265,2399.0,94,608,396,167,563,3.25,4.600405679513185,1.4155094398502106,0.4274867122247532,53.427991886409735,0.19230769230769232,-2.0
10801,Great Lakes,NSW,2023,MM3,12072.0,33565.0,10,5,561.0,5,1,4,497.0,1173,1670.0,15,405,470,283,753,3.3833333333333333,4.116964877402253,1.2168369095770206,1.3422459893048129,46.47117296222664,0.4,0.0
10802,Kempsey - Nambucca,NSW,2023,MM4,14662.0,52283.0,19,9,826.0,14,0,5,691.0,1076,1767.0,115,464,315,182,497,3.1574074074074074,4.712863183740281,1.4926370200702357,0.6016949152542372,56.33610694311827,0.2631578947368421,0.0
10804,Port Macquarie,NSW,2023,MM3,26053.0,89567.0,35,12,1183.0,23,1,11,1045.0,2060,3105.0,282,953,544,281,825,3.380952380952381,4.011054389129851,1.1863681996017867,0.6973795435333897,45.407438682685296,0.3142857142857143,0.0
10805,Taree - Gloucester,NSW,2023,MM3,17733.0,58418.0,16,9,766.0,14,1,1,601.0,1894,2495.0,16,605,857,416,1273,3.138888888888889,3.3891614504032033,1.0797328514558877,1.6618798955613576,43.196300682343654,0.0625,-1.0
10901,Albury,NSW,2023,MM2,13782.0,68737.0,29,15,804.0,21,4,4,657.0,933,1590.0,86,476,265,106,371,3.4926470588235294,4.76708750544188,1.364892422610728,0.4614427860696517,58.336961253809314,0.13793103448275862,0.0
10902,Lower Murray,NSW,2023,MM5,2897.0,13193.0,6,4,119.0,3,2,1,93.0,186,279.0,30,94,47,15,62,3.2222222222222223,3.2102174663444942,0.996274386106912,0.5210084033613446,41.07697618225751,0.16666666666666666,0.0
10903,Upper Murray exc. Albury,NSW,2023,MM5,13128.0,44074.0,19,16,609.0,13,5,1,468.0,751,1219.0,142,416,146,47,193,3.4357142857142855,3.5648994515539303,1.037600671969959,0.3169129720853859,46.389396709323584,0.05263157894736842,0.0
11001,Armidale,NSW,2023,MM3,7664.0,38018.0,15,9,372.0,6,6,3,267.0,336,603.0,20,148,112,56,168,3.5,3.483820459290188,0.9953772740829108,0.45161290322580644,48.53862212943633,0.2,0.0
11002,Inverell - Tenterfield,NSW,2023,MM5,10620.0,39221.0,21,14,520.0,12,7,2,366.0,403,769.0,25,181,153,44,197,3.61,3.446327683615819,0.954661408203828,0.37884615384615383,48.964218455743875,0.09523809523809523,0.0
11003,Moree - Narrabri,NSW,2023,MM4,4509.0,24901.0,8,5,237.0,6,1,1,160.0,197,357.0,16,99,62,20,82,3.8392857142857144,3.5484586382789978,0.9242496918308087,0.3459915611814346,52.56154357950765,0.125,1.0
11004,Tamworth - Gunnedah,NSW,2023,MM3,17461.0,87164.0,27,15,759.0,18,8,1,608.0,678,1286.0,40,291,240,107,347,3.2045454545454546,3.4820457018498367,1.0865958218538498,0.45718050065876153,43.468300784605695,0.037037037037037035,0.0
11101,Lake Macquarie - East,NSW,2023,MM1,27558.0,128399.0,24,12,1074.0,19,0,5,928.0,1743,2671.0,249,775,440,279,719,3.1774193548387095,3.367443210682923,1.059804462245387,0.6694599627560521,38.97234922708469,0.20833333333333334,-6.0
11102,Lake Macquarie - West,NSW,2023,MM1,19724.0,88416.0,18,12,1223.0,15,0,3,1108.0,1214,2322.0,144,502,336,232,568,2.9044117647058822,5.617521800851754,1.934134088394528,0.46443172526574,62.00567836138715,0.16666666666666666,1.0
11103,Newcastle,NSW,2023,MM1,31277.0,185040.0,49,23,2254.0,36,2,11,1964.0,2115,4079.0,196,909,584,426,1010,3.2386363636363638,6.279374620328036,1.93889461961006,0.44809228039041704,72.06573520478307,0.22448979591836735,0.0
11201,Richmond Valley - Coastal,NSW,2023,MM3,21272.0,89922.0,21,12,932.0,20,0,1,789.0,1457,2246.0,135,673,425,224,649,3.2045454545454546,3.709101165851824,1.1574500092019875,0.6963519313304721,43.81346370816097,0.047619047619047616,0.0
11202,Richmond Valley - Hinterland,NSW,2023,MM3,16265.0,71549.0,24,12,700.0,19,4,1,565.0,1286,1851.0,77,638,370,201,571,3.3703703703703702,3.473716569320627,1.030663157930296,0.8157142857142857,43.03719643406086,0.041666666666666664,-1.0
11203,Tweed Valley,NSW,2023,MM1,26335.0,98963.0,32,14,1346.0,23,0,9,1129.0,2185,3314.0,162,1070,664,289,953,3.3214285714285716,4.287070438579836,1.290730884733714,0.7080237741456167,51.11068919688627,0.28125,-1.0
11301,Griffith - Murrumbidgee (West),NSW,2023,MM3,8835.0,49649.0,19,11,574.0,13,3,3,488.0,706,1194.0,73,314,231,88,319,3.375,5.523486134691567,1.636588484353057,0.5557491289198606,64.96887379739671,0.15789473684210525,0.0
11302,Tumut - Tumbarumba,NSW,2023,MM4,3596.0,14947.0,8,4,191.0,5,3,0,98.0,206,304.0,23,100,59,24,83,3.2083333333333335,2.7252502780867633,0.8494286581049652,0.43455497382198954,53.11457174638487,0.0,0.0
11303,Wagga Wagga,NSW,2023,MM5,19541.0,100611.0,39,20,1031.0,25,8,6,838.0,1621,2459.0,130,680,551,260,811,3.2246376811594204,4.288419221124815,1.3298918034049987,0.7866149369544132,52.76086177780052,0.15384615384615385,1.0
11401,Shoalhaven,NSW,2023,MM3,30798.0,109639.0,30,19,1374.0,26,0,4,1140.0,1449,2589.0,114,654,491,190,681,3.349056603773585,3.7015390609779852,1.1052482829962436,0.49563318777292575,44.61328657705046,0.13333333333333333,1.0
11402,Southern Highlands,NSW,2023,MM3,14884.0,53123.0,22,6,655.0,9,0,13,583.0,369,952.0,22,172,128,47,175,3.5416666666666665,3.916957807041118,1.1059645572821981,0.26717557251908397,44.006987368986834,0.5909090909090909,-1.0
11501,Baulkham Hills,NSW,2023,MM1,28336.0,158091.0,74,16,2106.0,27,0,47,1738.0,1116,2854.0,105,452,402,157,559,3.3229166666666665,6.133540372670807,1.845830331587453,0.2654320987654321,74.32241671372105,0.6351351351351351,-3.0
11502,Dural - Wisemans Ferry,NSW,2023,MM1,5938.0,28226.0,5,4,374.0,2,0,3,331.0,217,548.0,20,90,61,46,107,3.4166666666666665,5.574267430111148,1.6314929063739947,0.28609625668449196,62.984169754125965,0.6,1.0
11503,Hawkesbury,NSW,2023,MM2,4295.0,25175.0,3,1,36.0,1,0,2,33.0,107,140.0,2,40,44,21,65,4.0,0.7683352735739232,0.1920838183934808,1.8055555555555556,8.381839348079161,0.6666666666666666,0.0
11504,Rouse Hill - McGraths Hill,NSW,2023,MM1,6162.0,68565.0,2,1,122.0,1,0,1,104.0,168,272.0,8,62,57,41,98,3.3333333333333335,1.6877637130801686,0.5063291139240506,0.8032786885245902,19.798766634209674,0.5,
11601,Blacktown,NSW,2023,MM1,20411.0,145853.0,17,8,909.0,10,0,7,757.0,1290,2047.0,71,554,466,199,665,3.6041666666666665,3.708784478957425,1.0290269074563954,0.7315731573157316,44.53480966145706,0.4117647058823529,-1.0
11602,Blacktown - North,NSW,2023,MM1,12075.0,166901.0,3,2,231.0,1,0,2,227.0,539,766.0,51,226,162,100,262,3.7916666666666665,1.8799171842650102,0.49580233431165105,1.1341991341991342,19.130434782608695,0.6666666666666666,0.0
11603,Mount Druitt,NSW,2023,MM1,14114.0,117656.0,34,8,872.0,33,0,1,675.0,929,1604.0,54,395,333,147,480,3.59375,4.782485475414482,1.330778567071856,0.5504587155963303,61.782627178687825,0.029411764705882353,0.0
11701,Botany,NSW,2023,MM1,7353.0,61984.0,6,2,170.0,3,0,3,155.0,450,605.0,35,188,143,84,227,3.2083333333333335,2.1079831361349113,0.657033704769323,1.3352941176470587,23.11981504147967,0.5,0.0
11702,"Marrickville - Sydenham -
Petersham",NSW,2023,MM1,6956.0,56327.0,5,5,321.0,4,0,1,306.0,419,725.0,9,161,161,88,249,3.519230769230769,4.399079930994825,1.2500117836706606,0.7757009345794392,46.14721104082806,0.2,0.0
11703,Sydney Inner City,NSW,2023,MM1,21545.0,237897.0,61,9,704.0,44,2,15,628.0,1295,1923.0,83,568,464,180,644,3.75,2.9148294267811554,0.7772878471416415,0.9147727272727273,32.67579484799257,0.2459016393442623,1.0
11801,Eastern Suburbs - North,NSW,2023,MM1,20521.0,131322.0,20,14,1017.0,11,0,9,882.0,816,1698.0,67,316,264,169,433,3.3841463414634148,4.298036158081965,1.270050324189986,0.4257620452310718,49.558988353394085,0.45,-2.0
11802,Eastern Suburbs - South,NSW,2023,MM1,20618.0,141819.0,18,15,1200.0,12,0,6,1065.0,1197,2262.0,78,513,404,202,606,3.5,5.165389465515569,1.475825561575877,0.505,58.20157144242895,0.3333333333333333,-1.0
11901,Bankstown,NSW,2023,MM1,28407.0,190315.0,27,16,1838.0,15,0,12,1559.0,2059,3618.0,261,926,596,276,872,3.3097826086956523,5.488083922976731,1.6581402985676823,0.47442872687704024,64.70236209385011,0.4444444444444444,0.0
11902,Canterbury,NSW,2023,MM1,21325.0,144815.0,29,10,830.0,20,0,9,737.0,1784,2521.0,71,712,648,353,1001,3.523809523809524,3.4560375146541618,0.980767402807262,1.2060240963855422,38.921453692848765,0.3103448275862069,-1.0
11903,Hurstville,NSW,2023,MM1,24331.0,136244.0,29,16,1399.0,17,0,12,1158.0,1623,2781.0,114,764,596,149,745,3.546875,4.759360486622005,1.3418461283868208,0.5325232308791994,57.498664255476555,0.41379310344827586,2.0
11904,Kogarah - Rockdale,NSW,2023,MM1,23667.0,151949.0,28,19,1521.0,12,0,16,1335.0,1422,2757.0,74,673,503,172,675,3.4454545454545453,5.640765623019394,1.637161526470009,0.4437869822485207,64.26670046900747,0.5714285714285714,-2.0
12001,Canada Bay,NSW,2023,MM1,15313.0,88729.0,9,8,740.0,5,1,3,665.0,843,1508.0,35,348,313,147,460,3.5681818181818183,4.342715339907268,1.217066719464457,0.6216216216216216,48.3249526546072,0.3333333333333333,-2.0
12002,Leichhardt,NSW,2023,MM1,8261.0,57417.0,17,4,342.0,15,0,2,339.0,344,683.0,13,135,140,56,196,3.5208333333333335,4.103619416535528,1.1655250413828717,0.5730994152046783,41.399346326110646,0.11764705882352941,-1.0
12003,Strathfield - Burwood - Ashfield,NSW,2023,MM1,23363.0,168612.0,35,23,1699.0,19,0,16,1551.0,1696,3247.0,62,713,637,284,921,3.5434782608695654,6.638702221461284,1.8734987864246568,0.5420835785756327,72.72182510807687,0.45714285714285713,-5.0
12101,Chatswood - Lane Cove,NSW,2023,MM1,18201.0,121928.0,28,12,867.0,19,0,9,753.0,833,1586.0,60,341,264,168,432,3.426470588235294,4.137135322235042,1.2074043000514287,0.4982698961937716,47.63474534366244,0.32142857142857145,-2.0
12102,Hornsby,NSW,2023,MM1,14215.0,89638.0,15,10,882.0,7,0,8,771.0,757,1528.0,82,335,228,112,340,3.5277777777777777,5.423848047836792,1.5374687379694842,0.3854875283446712,62.047133309883925,0.5333333333333333,-4.0
12103,Ku-ring-gai,NSW,2023,MM1,24435.0,127328.0,27,17,1421.0,19,0,8,1166.0,1097,2263.0,104,448,345,200,545,3.519097222222222,4.771843666871291,1.3559851761804953,0.38353272343420125,58.154286883568645,0.2962962962962963,1.0
12104,North Sydney - Mosman,NSW,2023,MM1,18295.0,98494.0,11,8,487.0,3,0,8,412.0,596,1008.0,37,213,206,140,346,3.6354166666666665,2.251981415687346,0.6194562060343416,0.7104722792607803,26.61929488931402,0.7272727272727273,0.0
12201,Manly,NSW,2023,MM1,6943.0,44483.0,3,2,173.0,1,0,2,165.0,233,398.0,21,86,75,51,126,3.1666666666666665,2.37649431081665,0.7504718876263106,0.7283236994219653,24.917182774016997,0.6666666666666666,-1.0
12202,Pittwater,NSW,2023,MM1,14490.0,64000.0,10,8,671.0,3,0,7,621.0,592,1213.0,54,264,165,109,274,3.5208333333333335,4.285714285714286,1.217244294167371,0.4083457526080477,46.30779848171152,0.7,-1.0
12203,Warringah,NSW,2023,MM1,26912.0,159416.0,31,16,1685.0,18,1,12,1395.0,1455,2850.0,134,650,417,254,671,3.3206521739130435,5.183561236623068,1.5610069845149663,0.39821958456973294,62.6114744351962,0.3870967741935484,-2.0
12301,Camden,NSW,2023,MM1,9058.0,76325.0,10,5,574.0,1,0,9,513.0,243,756.0,34,95,83,31,114,3.4,5.663501876793994,1.6657358461158807,0.1986062717770035,63.369397217928906,0.9,0.0
12302,Campbelltown (NSW),NSW,2023,MM1,24909.0,186339.0,16,8,1148.0,12,0,4,970.0,964,1934.0,119,425,313,107,420,3.46875,3.89417479625838,1.1226449863087222,0.36585365853658536,46.08775944437753,0.25,2.0
12303,Wollondilly,NSW,2023,MM1,7670.0,48613.0,5,3,271.0,4,0,1,261.0,193,454.0,24,84,60,25,85,3.2037037037037037,3.402868318122555,1.0621669894717802,0.31365313653136534,35.33246414602346,0.2,0.0
12401,Blue Mountains,NSW,2023,MM1,17932.0,78297.0,15,7,661.0,12,0,3,581.0,750,1331.0,40,326,258,126,384,3.607142857142857,3.240017845192951,0.8982227689643825,0.5809379727685325,36.8614766897167,0.2,0.0
12403,Penrith,NSW,2023,MM1,21636.0,165892.0,25,11,1087.0,15,1,9,967.0,1077,2044.0,51,429,425,172,597,3.1458333333333335,4.469402847106673,1.4207373288815914,0.5492180312787488,50.24034017378443,0.36,2.0
12404,Richmond - Windsor,NSW,2023,MM1,6460.0,38881.0,8,4,403.0,6,0,2,373.0,302,675.0,12,135,114,41,155,3.0416666666666665,5.773993808049536,1.8982993341532721,0.38461538461538464,62.38390092879257,0.25,-1.0
12405,St Marys,NSW,2023,MM1,7669.0,58029.0,2,2,260.0,0,0,2,246.0,416,662.0,11,176,156,73,229,3.2083333333333335,3.2077193897509453,0.9998086409613336,0.8807692307692307,33.90272525753032,1.0,1.0
12501,Auburn,NSW,2023,MM1,11033.0,109672.0,13,5,431.0,6,0,7,373.0,921,1294.0,78,368,338,137,475,3.3944444444444444,3.380766790537478,0.9959705765904191,1.1020881670533642,39.06462430889151,0.5384615384615384,0.0
12502,Carlingford,NSW,2023,MM1,11969.0,76868.0,4,3,289.0,2,0,2,206.0,775,981.0,62,299,273,141,414,3.25,1.7211128749268945,0.5295731922851983,1.4325259515570934,24.145709750187986,0.5,-1.0
12503,Merrylands - Guildford,NSW,2023,MM1,22144.0,169045.0,20,12,1184.0,11,0,9,966.0,1831,2797.0,133,746,637,315,952,3.4,4.362355491329479,1.2830457327439646,0.8040540540540541,53.46820809248555,0.45,4.0
12504,Parramatta,NSW,2023,MM1,18643.0,159191.0,38,17,1648.0,22,1,15,1267.0,1341,2608.0,91,563,472,215,687,3.5726950354609928,6.796116504854369,1.902238068852538,0.41686893203883496,88.39779005524862,0.39473684210526316,-1.0
12601,Pennant Hills - Epping,NSW,2023,MM1,9227.0,56627.0,7,3,224.0,1,0,6,202.0,473,675.0,40,189,161,83,244,3.111111111111111,2.1892272678010185,0.7036801932217559,1.0892857142857142,24.27657960333803,0.8571428571428571,1.0
12602,Ryde - Hunters Hill,NSW,2023,MM1,23988.0,154428.0,30,17,1564.0,28,0,2,1369.0,1661,3030.0,129,731,559,242,801,3.5784313725490198,5.707020176755044,1.594838515147985,0.5121483375959079,65.19926629981659,0.06666666666666667,-1.0
12701,Bringelly - Green Valley,NSW,2023,MM1,15403.0,161912.0,4,4,566.0,3,0,1,385.0,782,1167.0,71,335,267,109,376,3.4930555555555554,2.4995130818671685,0.7155663693615751,0.6643109540636042,36.74608842433292,0.25,2.0
12702,Fairfield,NSW,2023,MM1,34207.0,196113.0,27,13,1408.0,15,0,12,1238.0,2791,4029.0,303,1317,811,360,1171,3.519230769230769,3.6191422808197156,1.0283901562984985,0.8316761363636364,41.161165843248455,0.4444444444444444,0.0
12703,Liverpool,NSW,2023,MM1,17122.0,143950.0,27,8,799.0,17,1,9,715.0,1218,1933.0,120,559,388,151,539,3.393939393939394,4.175914028734961,1.230403240609408,0.6745932415519399,46.66510921621306,0.3333333333333333,-2.0
12801,Cronulla - Miranda - Caringbah,NSW,2023,MM1,24234.0,121280.0,19,13,1309.0,13,0,6,1114.0,1005,2119.0,36,444,367,158,525,3.3333333333333335,4.5968474044730545,1.3790542213419164,0.40106951871657753,54.015020219526285,0.3157894736842105,0.0
12802,Sutherland - Menai - Heathcote,NSW,2023,MM1,20052.0,113142.0,14,11,1305.0,7,0,7,1162.0,893,2055.0,25,401,342,125,467,3.2916666666666665,5.794933173748254,1.7604860274678242,0.3578544061302682,65.08078994614004,0.5,-1.0
20101,Ballarat,VIC,2023,MM2,22441.0,120649.0,30,17,1260.0,11,15,4,1081.0,1308,2389.0,27,602,429,250,679,3.771276595744681,4.817075887883784,1.277306441357054,0.5388888888888889,56.14723051557417,0.13333333333333333,1.0
20102,Creswick - Daylesford - Ballan,VIC,2023,MM5,7642.0,31115.0,10,8,271.0,3,6,1,241.0,305,546.0,9,139,95,62,157,4.21875,3.1536247055744573,0.7475258561361676,0.5793357933579336,35.46192096309866,0.1,-1.0
20103,Maryborough - Pyrenees,VIC,2023,MM5,7618.0,27038.0,10,8,287.0,2,7,1,274.0,190,464.0,0,89,61,40,101,4.368055555555555,3.5967445523759514,0.8234200565057822,0.3519163763066202,37.67393016539774,0.1,0.0
20201,Bendigo,VIC,2023,MM2,20676.0,104871.0,24,15,1272.0,9,11,4,1065.0,730,1795.0,27,284,226,193,419,3.3313953488372094,5.150899593731863,1.546168813476231,0.32940251572327045,61.520603598374926,0.16666666666666666,-1.0
20202,"Heathcote - Castlemaine -
Kyneton",VIC,2023,MM5,13643.0,53575.0,12,9,612.0,1,6,5,483.0,347,830.0,19,130,106,92,198,3.8173076923076925,3.540277065161621,0.9274277450297446,0.3235294117647059,44.85816902440813,0.4166666666666667,1.0
20203,Loddon - Elmore,VIC,2023,MM5,3278.0,12409.0,4,4,63.0,0,4,0,58.0,83,141.0,2,29,27,25,52,4.333333333333333,1.7693715680292863,0.4083165156990661,0.8253968253968254,19.219035997559487,0.0,0.0
20301,Barwon - West,VIC,2023,MM5,3679.0,23386.0,4,3,176.0,1,2,1,157.0,163,320.0,5,78,45,35,80,3.7222222222222223,4.267463984778472,1.1464828615822762,0.45454545454545453,47.83908670834466,0.25,0.0
20302,Geelong,VIC,2023,MM1,39097.0,219243.0,55,27,2620.0,33,4,18,2159.0,2516,4675.0,56,982,812,666,1478,3.4546413502109705,5.52216282579226,1.598476445450706,0.5641221374045802,67.01281428242577,0.32727272727272727,1.0
20303,"Surf Coast - Bellarine
Peninsula",VIC,2023,MM2,24542.0,99279.0,14,10,1062.0,2,2,10,790.0,893,1683.0,33,367,280,213,493,3.525,3.21897155896015,0.9131834209816029,0.4642184557438795,43.27275690652758,0.7142857142857143,-1.0
20401,Upper Goulburn Valley,VIC,2023,MM5,15643.0,61224.0,18,14,632.0,9,7,2,572.0,404,976.0,46,199,99,60,159,3.5297619047619047,3.656587611072045,1.0359303855988256,0.25158227848101267,40.40145752093588,0.1111111111111111,0.0
20402,Wangaratta - Benalla,VIC,2023,MM4,12790.0,48723.0,17,9,679.0,10,5,2,613.0,484,1097.0,12,272,127,73,200,3.5,4.792806880375293,1.369373394392941,0.29455081001472755,53.08835027365129,0.11764705882352941,0.0
20403,Wodonga - Alpine,VIC,2023,MM5,16512.0,77679.0,18,13,776.0,3,11,4,553.0,580,1133.0,10,314,166,90,256,3.6153846153846154,3.3490794573643408,0.9263411265050304,0.32989690721649484,46.99612403100775,0.2222222222222222,0.0
20501,Baw Baw,VIC,2023,MM4,13100.0,60766.0,10,7,524.0,5,2,3,460.0,697,1157.0,33,270,244,150,394,3.6184210526315788,3.5114503816793894,0.9704371963913949,0.7519083969465649,40.0,0.3,0.0
20502,Gippsland - East,VIC,2023,MM4,15531.0,49303.0,19,11,580.0,5,9,5,463.0,1241,1704.0,84,513,395,249,644,3.5555555555555554,2.981134505183182,0.83844407958277,1.110344827586207,37.34466550769429,0.2631578947368421,0.0
20503,Gippsland - South West,VIC,2023,MM4,21377.0,73723.0,19,14,811.0,7,8,4,676.0,1461,2137.0,98,585,415,363,778,3.6468253968253967,3.1622772138279456,0.8671315102117979,0.9593094944512947,37.93797071619029,0.21052631578947367,0.0
20504,Latrobe Valley,VIC,2023,MM3,16649.0,77996.0,31,12,1108.0,16,12,3,862.0,1455,2317.0,95,626,481,253,734,3.5784313725490198,5.177488137425671,1.4468596986778588,0.6624548736462094,66.55054357619076,0.0967741935483871,0.0
20505,Wellington,VIC,2023,MM5,10926.0,45993.0,13,9,526.0,4,7,2,432.0,928,1360.0,118,442,247,121,368,3.8796296296296298,3.9538714991762767,1.0191363291432884,0.6996197718631179,48.14204649460004,0.15384615384615385,0.0
20601,Brunswick - Coburg,VIC,2023,MM1,11133.0,96029.0,20,7,481.0,14,2,4,388.0,1122,1510.0,19,436,345,322,667,3.4523809523809526,3.4851342854576486,1.0094871723394567,1.3866943866943866,43.20488637384353,0.2,-1.0
20602,Darebin - South,VIC,2023,MM1,7264.0,55408.0,10,6,430.0,7,0,3,362.0,745,1107.0,28,305,249,163,412,3.6029411764705883,4.983480176211454,1.3831700080913423,0.958139534883721,59.19603524229075,0.3,0.0
20603,Essendon,VIC,2023,MM1,10462.0,72019.0,24,9,666.0,18,1,5,552.0,715,1267.0,12,303,225,175,400,3.6805555555555554,5.27623781303766,1.4335438586366474,0.6006006006006006,63.65895622251959,0.20833333333333334,0.0
20604,Melbourne City,VIC,2023,MM1,11368.0,177770.0,41,6,724.0,29,3,9,636.0,554,1190.0,18,181,180,175,355,3.2916666666666665,5.594651653764955,1.6996410087387206,0.4903314917127072,63.68754398311048,0.21951219512195122,1.0
20605,Port Phillip,VIC,2023,MM1,14562.0,109601.0,13,7,610.0,11,0,2,458.0,651,1109.0,1,195,243,212,455,3.28125,3.145172366433182,0.958528721198684,0.7459016393442623,41.889850295289115,0.15384615384615385,0.0
20606,Stonnington - West,VIC,2023,MM1,10250.0,66877.0,7,5,244.0,2,0,5,213.0,473,686.0,1,126,186,160,346,3.673076923076923,2.078048780487805,0.5657515004469417,1.4180327868852458,23.804878048780488,0.7142857142857143,-1.0
20607,Yarra,VIC,2023,MM1,11152.0,98489.0,12,3,270.0,6,0,6,249.0,1074,1323.0,55,457,312,250,562,3.8333333333333335,2.2327833572453373,0.5824652236292184,2.0814814814814815,24.21090387374462,0.5,-2.0
20701,Boroondara,VIC,2023,MM1,31410.0,174633.0,47,26,2156.0,24,2,21,1799.0,1897,3696.0,98,798,483,518,1001,3.550865800865801,5.727475326329195,1.6129799456044425,0.4642857142857143,68.64056033110474,0.44680851063829785,-1.0
20702,Manningham - West,VIC,2023,MM1,22682.0,102959.0,27,16,1408.0,17,0,10,1127.0,1808,2935.0,186,812,446,364,810,3.227777777777778,4.968697645710255,1.5393555528878586,0.5752840909090909,62.07565470417071,0.37037037037037035,0.0
20703,Whitehorse - West,VIC,2023,MM1,19363.0,114874.0,20,9,1078.0,7,0,13,927.0,1686,2613.0,150,787,452,297,749,3.435185185185185,4.78748127872747,1.3936603183357594,0.6948051948051948,55.67319113773692,0.65,-5.0
20801,Bayside,VIC,2023,MM1,22170.0,104307.0,34,15,1322.0,8,1,25,1195.0,821,2016.0,20,268,317,216,533,3.361788617886179,5.390166892196662,1.6033628240391522,0.4031770045385779,59.63013080739738,0.7352941176470589,0.0
20802,Glen Eira,VIC,2023,MM1,25961.0,164832.0,36,20,1699.0,21,4,11,1406.0,1723,3129.0,19,610,613,481,1094,3.586309523809524,5.415816031739917,1.5101362544934538,0.6439081812831077,65.4443203266438,0.3055555555555556,-2.0
20803,Kingston,VIC,2023,MM1,22777.0,126641.0,39,17,1230.0,11,4,24,1019.0,1310,2329.0,39,503,486,282,768,3.4722222222222223,4.473811300873688,1.2884576546516222,0.624390243902439,54.001843965403694,0.6153846153846154,-2.0
20804,Stonnington - East,VIC,2023,MM1,7885.0,44539.0,16,7,699.0,10,0,6,639.0,306,945.0,2,106,95,103,198,3.4431818181818183,8.103994927076728,2.353635490372119,0.2832618025751073,88.64933417882055,0.375,1.0
20901,Banyule,VIC,2023,MM1,24124.0,129607.0,19,13,1308.0,7,1,11,1039.0,1350,2389.0,147,635,339,229,568,3.198717948717949,4.3069142762394295,1.3464501544956933,0.43425076452599387,54.21986403581496,0.5789473684210527,-2.0
20902,Darebin - North,VIC,2023,MM1,14761.0,100305.0,29,13,1058.0,9,5,15,875.0,1478,2353.0,48,703,439,288,727,3.391891891891892,5.9277826705507755,1.7476331379313041,0.6871455576559546,71.67536074791681,0.5172413793103449,4.0
20903,Nillumbik - Kinglake,VIC,2023,MM1,11828.0,67611.0,9,6,575.0,3,1,5,408.0,280,688.0,10,108,88,74,162,3.269607843137255,3.4494420020290835,1.055001751745027,0.2817391304347826,48.61345958741968,0.5555555555555556,1.0
20904,Whittlesea - Wallan,VIC,2023,MM1,33539.0,271309.0,30,15,1603.0,16,0,14,1220.0,1940,3160.0,71,823,633,413,1046,3.3920454545454546,3.6375562777661825,1.0723784001454741,0.6525265127885215,47.79510420704255,0.4666666666666667,-3.0
21001,Keilor,VIC,2023,MM1,13274.0,63041.0,8,8,644.0,4,1,3,536.0,1099,1635.0,19,480,333,267,600,3.4734848484848486,4.037968961880368,1.1625123292654493,0.9316770186335404,48.515895736025314,0.375,0.0
21002,Macedon Ranges,VIC,2023,MM3,5957.0,34317.0,2,2,157.0,1,0,1,147.0,140,287.0,4,44,46,46,92,3.4375,2.4676850763807283,0.7178720222198482,0.5859872611464968,26.35554809467853,0.5,0.0
21003,Moreland - North,VIC,2023,MM1,11334.0,84252.0,13,11,1128.0,2,0,11,792.0,1285,2077.0,20,606,365,294,659,3.3046875,6.987824245632609,2.114518920664241,0.5842198581560284,99.52355743779778,0.8461538461538461,0.0
21004,Sunbury,VIC,2023,MM1,6958.0,48087.0,3,2,192.0,2,0,1,178.0,309,487.0,1,129,77,102,179,2.9,2.5582063811440072,0.8821401314289681,0.9322916666666666,27.594136246047714,0.3333333333333333,-1.0
21005,Tullamarine - Broadmeadows,VIC,2023,MM1,21943.0,221090.0,20,10,707.0,8,2,10,589.0,1608,2197.0,25,574,526,483,1009,3.463888888888889,2.68422731622841,0.7749172685182258,1.4271570014144273,32.219842318734905,0.5,0.0
21101,Knox,VIC,2023,MM1,29387.0,161808.0,34,19,1618.0,21,1,12,1418.0,2073,3491.0,219,974,537,343,880,3.43859649122807,4.825262871337666,1.4032652227869744,0.5438813349814586,55.05835913839453,0.35294117647058826,-3.0
21102,Manningham - East,VIC,2023,MM1,5510.0,26655.0,4,4,435.0,2,0,2,320.0,247,567.0,20,116,50,61,111,3.4166666666666665,5.807622504537205,1.6997919525474747,0.25517241379310346,78.94736842105263,0.5,0.0
21103,Maroondah,VIC,2023,MM1,20528.0,116967.0,37,15,1328.0,22,1,14,1157.0,1638,2795.0,191,808,363,276,639,3.3222222222222224,5.636204208885425,1.6965163170558133,0.4811746987951807,64.6921278254092,0.3783783783783784,2.0
21104,Whitehorse - East,VIC,2023,MM1,12619.0,64612.0,13,5,783.0,7,1,5,641.0,958,1599.0,97,452,232,177,409,3.15,5.079641809969094,1.6125847015774903,0.5223499361430396,62.04929075204058,0.38461538461538464,0.0
21105,Yarra Ranges,VIC,2023,MM1,28549.0,157846.0,19,14,1203.0,9,2,8,864.0,1893,2757.0,226,927,464,276,740,3.6013513513513513,3.026375704928369,0.8403444734135058,0.6151288445552785,42.138078391537356,0.42105263157894735,0.0
21201,Cardinia,VIC,2023,MM1,16034.0,127090.0,18,9,766.0,11,3,4,674.0,606,1280.0,10,223,226,147,373,3.2884615384615383,4.203567419234128,1.2782778116969278,0.4869451697127937,47.77348135212673,0.2222222222222222,1.0
21202,Casey - North,VIC,2023,MM1,20583.0,141806.0,12,11,1210.0,2,1,9,1045.0,1314,2359.0,21,557,460,276,736,3.227272727272727,5.0770052956323175,1.5731565704776196,0.6082644628099173,58.78637710732158,0.75,-1.0
21203,Casey - South,VIC,2023,MM1,21918.0,250254.0,11,7,742.0,4,0,7,704.0,1199,1903.0,28,493,396,282,678,3.013157894736842,3.2119718952459166,1.0659819390335794,0.9137466307277629,33.85345378227941,0.6363636363636364,2.0
21204,Dandenong,VIC,2023,MM1,32885.0,200919.0,40,19,1818.0,23,5,12,1569.0,3044,4613.0,113,1186,1168,577,1745,3.3839285714285716,4.771172266991029,1.4099506435435232,0.9598459845984598,55.283563934924736,0.3,-3.0
21205,Monash,VIC,2023,MM1,33410.0,195752.0,53,23,2357.0,16,0,37,2011.0,2736,4747.0,224,1222,692,598,1290,3.2365196078431375,6.01915594133493,1.8597619265919356,0.5473058973271108,70.54774019754565,0.6981132075471698,5.0
21301,Brimbank,VIC,2023,MM1,30686.0,187500.0,36,16,1246.0,23,1,12,1126.0,2412,3538.0,17,973,895,527,1422,3.265625,3.669425796780291,1.1236519186312852,1.1412520064205458,40.60483608160073,0.3333333333333333,-3.0
21302,Hobsons Bay,VIC,2023,MM1,14704.0,88934.0,9,9,859.0,3,0,6,725.0,836,1561.0,4,344,302,186,488,3.2037037037037037,4.9306311207834606,1.5390409278746062,0.5681024447031432,58.41947769314472,0.6666666666666666,0.0
21303,Maribyrnong,VIC,2023,MM1,9627.0,91776.0,36,7,599.0,28,1,7,504.0,831,1335.0,5,362,273,191,464,3.380952380952381,5.235275786849486,1.5484618524484395,0.7746243739565943,62.22083722862782,0.19444444444444445,-1.0
21304,Melton - Bacchus Marsh,VIC,2023,MM1,21678.0,225632.0,9,7,637.0,2,1,6,581.0,1130,1711.0,9,478,398,245,643,3.2625,2.6801365439616203,0.8214977912526039,1.0094191522762952,29.38462957837439,0.6666666666666666,1.0
21305,Wyndham,VIC,2023,MM1,24918.0,328867.0,17,11,1286.0,8,1,8,933.0,1028,1961.0,13,399,394,222,616,3.0775862068965516,3.744281242475319,1.216629199235678,0.47900466562986005,51.609278433261096,0.47058823529411764,2.0
21401,Frankston,VIC,2023,MM1,23754.0,142808.0,28,14,1366.0,15,1,12,1146.0,1358,2504.0,26,614,413,305,718,3.5238095238095237,4.824450618843143,1.3691008512933243,0.5256222547584187,57.506104235076194,0.42857142857142855,0.0
21402,Mornington Peninsula,VIC,2023,MM1,47347.0,170245.0,34,24,2460.0,10,2,22,2037.0,2507,4544.0,73,1233,751,450,1201,3.464788732394366,4.302278919466914,1.2417146474884184,0.48821138211382115,51.956829366168925,0.6470588235294118,2.0
21501,Grampians,VIC,2023,MM5,15025.0,59569.0,43,31,900.0,11,29,3,749.0,796,1545.0,29,455,216,96,312,4.052304964539007,4.985024958402662,1.2301702369455705,0.3466666666666667,59.900166389351085,0.06976744186046512,-1.0
21502,Mildura,VIC,2023,MM3,11377.0,57553.0,24,8,656.0,17,2,5,535.0,1060,1595.0,93,590,227,150,377,3.2976190476190474,4.702469895403006,1.4260197516745579,0.5746951219512195,57.66019161466116,0.20833333333333334,0.0
21503,Murray River - Swan Hill,VIC,2023,MM5,9202.0,37668.0,19,18,578.0,5,13,1,461.0,400,861.0,5,196,132,67,199,3.7552083333333335,5.009780482503803,1.3340885612215398,0.34429065743944637,62.81243207998262,0.05263157894736842,1.0
21601,Campaspe,VIC,2023,MM5,9705.0,38457.0,16,11,570.0,8,7,1,479.0,587,1066.0,30,275,175,107,282,3.558333333333333,4.935600206079341,1.3870539220831872,0.49473684210526314,58.73261205564142,0.0625,0.0
21602,Moira,VIC,2023,MM4,8608.0,30771.0,15,9,416.0,4,9,2,361.0,382,743.0,59,222,64,37,101,3.564814814814815,4.193773234200743,1.1764350890744943,0.24278846153846154,48.32713754646841,0.13333333333333333,-1.0
21603,Shepparton,VIC,2023,MM3,13388.0,68948.0,54,11,752.0,41,12,1,658.0,544,1202.0,74,297,112,61,173,3.3870967741935485,4.914849118613684,1.4510506921621351,0.2300531914893617,56.169704212727815,0.018518518518518517,0.0
21701,Glenelg - Southern Grampians,VIC,2023,MM5,9695.0,36539.0,19,13,504.0,3,15,1,406.0,750,1156.0,13,366,231,140,371,3.885135135135135,4.187725631768953,1.077884162611835,0.7361111111111112,51.985559566787,0.05263157894736842,0.0
21703,Colac - Corangamite,VIC,2023,MM5,9522.0,38180.0,21,13,489.0,7,11,3,346.0,512,858.0,9,208,186,109,295,3.838709677419355,3.6336904011762234,0.9465916171131338,0.6032719836400818,51.354757403906746,0.14285714285714285,0.0
21704,Warrnambool,VIC,2023,MM3,11594.0,53516.0,23,8,585.0,13,7,3,514.0,957,1471.0,16,428,295,218,513,3.4375,4.433327583232707,1.2896952969404238,0.8769230769230769,50.4571329998275,0.13043478260869565,0.0
30101,Capalaba,QLD,2023,MM1,13891.0,75708.0,18,7,702.0,5,0,13,596.0,454,1050.0,18,164,186,86,272,3.2857142857142856,4.290547836728817,1.3058189068305095,0.38746438746438744,50.5363184795911,0.7222222222222222,0.0
30102,Cleveland - Stradbroke,QLD,2023,MM1,22983.0,98920.0,14,10,1020.0,9,1,4,898.0,1042,1940.0,66,430,378,168,546,3.4971264367816093,3.9072357829700213,1.1172703800111483,0.5352941176470588,44.38062916068399,0.2857142857142857,0.0
30103,Wynnum - Manly,QLD,2023,MM1,11663.0,75567.0,9,5,509.0,6,0,3,474.0,458,932.0,27,179,165,87,252,3.566666666666667,4.0641344422532795,1.1394769464261532,0.4950884086444008,43.64228757609535,0.3333333333333333,0.0
30201,Bald Hills - Everton Park,QLD,2023,MM1,7725.0,48849.0,4,4,503.0,1,0,3,480.0,368,848.0,11,126,140,91,231,3.6666666666666665,6.213592233009709,1.6946160635481025,0.4592445328031809,65.11326860841423,0.75,-2.0
30202,Chermside,QLD,2023,MM1,12050.0,77531.0,16,7,736.0,13,0,3,709.0,753,1462.0,26,300,268,159,427,3.488095238095238,5.8838174273858925,1.6868282044382763,0.5801630434782609,61.078838174273855,0.1875,2.0
30203,Nundah,QLD,2023,MM1,5962.0,45561.0,11,3,319.0,11,0,0,303.0,316,619.0,10,124,113,69,182,3.6875,5.082187185508219,1.3782202536971442,0.5705329153605015,53.50553505535055,0.0,1.0
30204,Sandgate,QLD,2023,MM1,10724.0,63679.0,13,7,824.0,6,2,5,684.0,599,1283.0,23,229,216,131,347,3.619047619047619,6.378217083177919,1.762402088772846,0.4211165048543689,76.83700111898546,0.38461538461538464,0.0
30301,Carindale,QLD,2023,MM1,8239.0,57005.0,7,4,473.0,2,0,5,456.0,361,817.0,9,119,146,87,233,3.6875,5.534652263624226,1.500922647762502,0.492600422832981,57.409879839786385,0.7142857142857143,1.0
30302,Holland Park - Yeronga,QLD,2023,MM1,9617.0,84058.0,12,8,714.0,4,0,8,666.0,497,1163.0,22,143,211,121,332,3.75,6.9252365602578765,1.8467297494021004,0.4649859943977591,74.24352708744931,0.6666666666666666,0.0
30303,Mt Gravatt,QLD,2023,MM1,11422.0,84411.0,29,7,794.0,20,1,8,632.0,582,1214.0,34,213,211,124,335,3.3055555555555554,5.53318157940816,1.67390367108146,0.42191435768261965,69.51497110838733,0.27586206896551724,-1.0
30304,Nathan,QLD,2023,MM1,5330.0,42109.0,5,1,136.0,3,0,2,117.0,281,398.0,11,91,107,72,179,3.0833333333333335,2.195121951219512,0.7119314436387606,1.3161764705882353,25.515947467166978,0.4,0.0
30305,Rocklea - Acacia Ridge,QLD,2023,MM1,8293.0,74958.0,11,7,684.0,7,0,4,625.0,362,987.0,10,137,125,90,215,3.4285714285714284,7.5364765464849865,2.198138992724788,0.31432748538011696,82.47919932473171,0.36363636363636365,0.0
30306,Sunnybank,QLD,2023,MM1,7659.0,53213.0,9,4,375.0,6,0,3,348.0,441,789.0,27,164,158,92,250,3.517857142857143,4.5436741088915005,1.2916027923752489,0.6666666666666666,48.96200548374462,0.3333333333333333,1.0
30401,Centenary,QLD,2023,MM1,6243.0,33615.0,7,7,474.0,6,0,1,436.0,257,693.0,16,87,91,63,154,3.5238095238095237,6.9838218805061665,1.9818953985220202,0.32489451476793246,75.92503604036521,0.14285714285714285,1.0
30402,Kenmore - Brookfield - Moggill,QLD,2023,MM1,8515.0,49354.0,5,4,512.0,5,0,0,444.0,315,759.0,8,113,117,77,194,3.3194444444444446,5.214327657075748,1.5708434782822338,0.37890625,60.129183793305934,0.0,0.0
30403,Sherwood - Indooroopilly,QLD,2023,MM1,7771.0,58899.0,6,4,399.0,4,0,2,346.0,270,616.0,7,93,104,66,170,3.4791666666666665,4.452451421953416,1.2797465164896047,0.42606516290726815,51.344743276283616,0.3333333333333333,2.0
30404,The Gap - Enoggera,QLD,2023,MM1,8155.0,56777.0,7,5,581.0,5,0,2,548.0,387,935.0,10,131,164,82,246,3.380952380952381,6.719803801348865,1.9875476032158617,0.423407917383821,71.24463519313305,0.2857142857142857,-1.0
30501,Brisbane Inner,QLD,2023,MM1,9504.0,99944.0,30,6,589.0,23,0,7,485.0,276,761.0,3,86,108,79,187,3.6527777777777777,5.103114478114478,1.397050351422975,0.3174872665534805,61.97390572390572,0.23333333333333334,-1.0
30502,Brisbane Inner - East,QLD,2023,MM1,4703.0,47193.0,4,2,282.0,1,0,3,247.0,154,401.0,3,41,74,36,110,3.25,5.251966829683181,1.6159897937486711,0.3900709219858156,59.96172655751648,0.75,1.0
30503,Brisbane Inner - North,QLD,2023,MM1,11799.0,108240.0,19,7,768.0,12,0,7,635.0,431,1066.0,7,154,166,104,270,3.25,5.381812017967624,1.6559421593746535,0.3515625,65.09026188660056,0.3684210526315789,-1.0
30504,Brisbane Inner - West,QLD,2023,MM1,6837.0,64473.0,11,3,200.0,8,0,3,175.0,253,428.0,7,81,97,68,165,3.9166666666666665,2.5596021646921163,0.6535154463043702,0.825,29.252596167909903,0.2727272727272727,1.0
30601,Cairns - North,QLD,2023,MM2,9887.0,61525.0,6,3,432.0,2,0,4,400.0,486,886.0,8,262,160,56,216,3.2222222222222223,4.0457165975523415,1.255567219930037,0.5,43.69373925356529,0.6666666666666666,1.0
30602,Cairns - South,QLD,2023,MM2,17093.0,110135.0,27,9,989.0,15,2,10,950.0,1119,2069.0,20,575,349,175,524,3.240740740740741,5.55783069092611,1.7149877560571996,0.5298281092012134,57.859942666588665,0.37037037037037035,-2.0
30603,Innisfail - Cassowary Coast,QLD,2023,MM5,8257.0,36348.0,11,5,338.0,10,1,0,239.0,387,626.0,24,222,104,37,141,3.1136363636363638,2.894513745912559,0.9296248527018438,0.4171597633136095,40.93496427273828,0.0,-4.0
30604,Port Douglas - Daintree,QLD,2023,MM5,2704.0,12736.0,3,3,145.0,2,1,0,95.0,144,239.0,0,58,79,7,86,3.625,3.5133136094674553,0.9691899612324014,0.593103448275862,53.62426035502959,0.0,2.0
30605,Tablelands (East) - Kuranda,QLD,2023,MM4,11090.0,44620.0,9,3,294.0,9,0,0,254.0,575,829.0,15,319,179,62,241,3.6666666666666665,2.290351668169522,0.6246413640462334,0.8197278911564626,26.510369702434627,0.0,-1.0
30701,"Darling Downs (West) -
Maranoa",QLD,2023,MM4,8010.0,45329.0,23,15,427.0,11,11,1,299.0,299,598.0,19,129,92,59,151,3.90625,3.7328339575530585,0.955605493133583,0.35362997658079626,53.3083645443196,0.043478260869565216,-1.0
30702,Darling Downs - East,QLD,2023,MM5,9265.0,44291.0,15,10,538.0,10,5,0,458.0,552,1010.0,54,268,156,74,230,3.8796296296296298,4.943335132218025,1.274177074652856,0.4275092936802974,58.06799784133837,0.0,1.0
30703,Granite Belt,QLD,2023,MM5,11390.0,42854.0,19,10,468.0,17,2,0,450.0,649,1099.0,53,272,207,117,324,3.783333333333333,3.9508340649692713,1.0442733211372524,0.6923076923076923,41.08867427568042,0.0,0.0
30801,Central Highlands (Qld),QLD,2023,MM4,3049.0,30050.0,9,5,105.0,6,3,0,56.0,124,180.0,4,40,60,20,80,4.0,1.8366677599212857,0.45916693998032143,0.7619047619047619,34.4375204985241,0.0,0.0
30803,Rockhampton,QLD,2023,MM2,22961.0,126409.0,31,15,1120.0,22,4,5,960.0,2104,3064.0,54,820,941,289,1230,3.457317073170732,4.181002569574496,1.2093199672137873,1.0982142857142858,48.778363311702456,0.16129032258064516,1.0
30804,Biloela,QLD,2023,MM4,2425.0,14917.0,14,5,118.0,9,5,0,86.0,127,213.0,3,46,52,26,78,3.5833333333333335,3.5463917525773194,0.9896907216494845,0.6610169491525424,48.659793814432994,0.0,-2.0
30805,Gladstone,QLD,2023,MM3,9774.0,66829.0,9,3,220.0,8,0,1,210.0,524,734.0,6,186,242,90,332,3.6666666666666665,2.148557397176182,0.5859701992298678,1.509090909090909,22.508696541845712,0.1111111111111111,0.0
30901,Broadbeach - Burleigh,QLD,2023,MM1,13469.0,70531.0,4,4,469.0,1,0,3,426.0,493,919.0,18,183,169,123,292,3.55,3.1628183235577993,0.890934739030366,0.6226012793176973,34.82069938377014,0.75,1.0
30902,Coolangatta,QLD,2023,MM1,11893.0,60296.0,24,5,503.0,21,0,3,464.0,412,876.0,18,143,155,96,251,3.3,3.9014546371815353,1.1822589809641018,0.4990059642147117,42.2937862608257,0.125,0.0
30903,Gold Coast - North,QLD,2023,MM1,18954.0,72324.0,15,12,1141.0,8,0,7,992.0,783,1775.0,32,277,261,213,474,3.4722222222222223,5.2337237522422715,1.507312440645774,0.4154250657318142,60.19837501318983,0.4666666666666667,6.0
30904,Gold Coast Hinterland,QLD,2023,MM1,4429.0,20965.0,1,1,41.0,0,0,1,35.0,124,159.0,2,33,49,40,89,3.75,0.7902461052156242,0.21073229472416646,2.1707317073170733,9.257168661097314,1.0,0.0
30905,Mudgeeraba - Tallebudgera,QLD,2023,MM1,5429.0,37480.0,8,4,383.0,7,0,1,358.0,150,508.0,7,56,45,42,87,3.3541666666666665,6.594216246085835,1.9659775143609943,0.22715404699738903,70.54706207404679,0.125,0.0
30906,Nerang,QLD,2023,MM1,12095.0,72372.0,5,2,81.0,4,0,1,77.0,461,538.0,21,183,152,105,257,3.5357142857142856,0.6366267052501033,0.1800560378485141,3.1728395061728394,6.6969822240595285,0.2,-2.0
30907,Ormeau - Oxenford,QLD,2023,MM1,21004.0,174695.0,16,8,800.0,1,0,15,737.0,673,1410.0,26,237,243,167,410,3.215909090909091,3.5088554561036,1.0910928626753245,0.5125,38.08798324128737,0.9375,0.0
30908,Robina,QLD,2023,MM1,10091.0,56589.0,12,7,876.0,5,0,7,795.0,459,1254.0,15,162,155,127,282,3.183333333333333,7.878307402636012,2.474860964178852,0.3219178082191781,86.81002873847983,0.5833333333333334,1.0
30909,Southport,QLD,2023,MM1,12170.0,67763.0,17,12,1128.0,8,0,9,1032.0,626,1658.0,20,247,201,158,359,3.360294117647059,8.47986852917009,2.5235494966458036,0.3182624113475177,92.68693508627773,0.5294117647058824,-5.0
30910,Surfers Paradise,QLD,2023,MM1,10901.0,49494.0,9,1,72.0,4,1,4,54.0,275,329.0,16,106,74,79,153,3.5833333333333335,0.49536739748646913,0.13824206441482859,2.125,6.6048986331529225,0.4444444444444444,0.0
31001,Forest Lake - Oxley,QLD,2023,MM1,10201.0,83552.0,7,3,416.0,4,0,3,351.0,702,1053.0,24,238,282,158,440,3.138888888888889,3.440839133418292,1.096196538080164,1.0576923076923077,40.78031565532791,0.42857142857142855,-5.0
31002,Ipswich Hinterland,QLD,2023,MM5,14401.0,71745.0,12,6,420.0,12,0,0,359.0,536,895.0,71,247,131,87,218,3.6944444444444446,2.4928824387195334,0.6747651713827308,0.5190476190476191,29.164641344351086,0.0,-1.0
31003,Ipswich Inner,QLD,2023,MM1,17799.0,125146.0,26,9,973.0,23,1,2,891.0,658,1549.0,67,293,209,89,298,3.435185185185185,5.005899207820664,1.4572428960771744,0.3062692702980473,54.665992471487165,0.07692307692307693,1.0
31004,Springfield - Redbank,QLD,2023,,9205.0,116830.0,2,0,0.0,0,0,2,,388,388.0,48,153,130,57,187,,,,,0.0,1.0,0.0
31101,Beaudesert,QLD,2023,MM4,3590.0,15670.0,8,2,227.0,8,0,0,216.0,223,439.0,6,88,77,52,129,3.5,6.016713091922005,1.7190608834062873,0.5682819383259912,63.23119777158774,0.0,-1.0
31102,Beenleigh,QLD,2023,MM1,7739.0,50615.0,6,3,248.0,5,0,1,240.0,379,619.0,9,145,123,102,225,3.6944444444444446,3.1011758625145367,0.8394160229362655,0.907258064516129,32.04548391265021,0.16666666666666666,-1.0
31103,Browns Plains,QLD,2023,MM1,11624.0,105829.0,5,5,550.0,2,0,3,488.0,589,1077.0,22,214,230,123,353,3.316666666666667,4.198210598761184,1.2657921403300052,0.6418181818181818,47.315898141775634,0.6,1.0
31104,Jimboomba,QLD,2023,MM2,7494.0,70923.0,1,1,144.0,0,0,1,145.0,231,376.0,2,71,99,59,158,2.75,1.9348812383239926,0.703593177572361,1.0972222222222223,19.215372297838268,1.0,
31105,Loganlea - Carbrook,QLD,2023,MM1,10500.0,68219.0,13,7,764.0,8,0,5,690.0,605,1295.0,27,218,209,151,360,3.0476190476190474,6.571428571428571,2.15625,0.4712041884816754,72.76190476190476,0.38461538461538464,0.0
31106,Springwood - Kingston,QLD,2023,MM1,11771.0,82138.0,16,5,573.0,5,0,11,539.0,638,1177.0,26,216,240,156,396,3.316666666666667,4.5790502081386455,1.3806181532076318,0.6910994764397905,48.6789567581344,0.6875,1.0
31201,Bowen Basin - North,QLD,2023,MM4,4509.0,37719.0,13,5,205.0,10,3,0,134.0,142,276.0,7,65,52,18,70,3.3333333333333335,2.9718341095586602,0.891550232867598,0.34146341463414637,45.46462630294966,0.0,0.0
31202,Mackay,QLD,2023,MM2,19974.0,126887.0,24,9,847.0,19,2,3,781.0,537,1318.0,16,269,180,72,252,3.2916666666666665,3.910083108040453,1.1878733492781124,0.2975206611570248,42.40512666466406,0.125,1.0
31203,Whitsunday,QLD,2023,MM5,3814.0,25015.0,3,1,103.0,2,1,0,98.0,61,159.0,3,30,19,9,28,3.6666666666666665,2.5694808599895125,0.700767507269867,0.27184466019417475,27.00576822233875,0.0,0.0
31301,Bribie - Beachmere,QLD,2023,MM2,16096.0,39191.0,7,4,324.0,5,0,2,294.0,841,1135.0,50,344,303,144,447,3.15,1.8265407554671969,0.5798542080848245,1.3796296296296295,20.129224652087476,0.2857142857142857,1.0
31302,Caboolture,QLD,2023,MM1,13682.0,88318.0,19,10,1270.0,8,0,11,1185.0,897,2082.0,47,355,334,161,495,3.307471264367816,8.661014471568485,2.6186212303265273,0.38976377952755903,92.82268674170443,0.5789473684210527,1.0
31303,Caboolture Hinterland,QLD,2023,MM5,3036.0,16026.0,2,2,115.0,1,0,1,109.0,94,203.0,2,34,27,31,58,3.5166666666666666,3.590250329380764,1.0209242642788903,0.5043478260869565,37.87878787878788,0.5,0.0
31304,Narangba - Burpengary,QLD,2023,MM1,11682.0,74106.0,6,6,613.0,0,0,6,586.0,622,1208.0,32,235,246,109,355,3.2222222222222223,5.016264338298237,1.5567716911960046,0.5791190864600326,52.473891456942305,1.0,2.0
31305,Redcliffe,QLD,2023,MM1,17346.0,66731.0,18,10,992.0,12,1,5,853.0,969,1822.0,31,392,353,193,546,3.808333333333333,4.917560244436758,1.291263083878361,0.5504032258064516,57.18897728582959,0.2777777777777778,-1.0
31401,The Hills District,QLD,2023,MM1,13809.0,93912.0,4,2,170.0,1,0,3,163.0,541,704.0,11,197,224,109,333,3.2,1.180389600984865,0.36887175030777025,1.9588235294117646,12.310811789412702,0.75,0.0
31402,North Lakes,QLD,2023,MM1,10091.0,96009.0,14,6,588.0,6,0,8,530.0,720,1250.0,40,285,245,150,395,3.5555555555555554,5.252204935090675,1.4771826379942523,0.6717687074829932,58.26974531760975,0.5714285714285714,1.0
31403,Strathpine,QLD,2023,MM1,6115.0,42109.0,6,2,214.0,2,0,4,205.0,339,544.0,15,117,140,67,207,3.7916666666666665,3.3524121013900245,0.8841526421248417,0.9672897196261683,34.995911692559275,0.6666666666666666,0.0
31501,Far North,QLD,2023,MM5,3623.0,33456.0,17,6,117.0,4,12,1,63.0,220,283.0,3,124,68,25,93,3.1666666666666665,1.7388904223019597,0.5491232912532504,0.7948717948717948,32.29367927132211,0.058823529411764705,1.0
31502,Outback - North,QLD,2023,MM6,2982.0,31154.0,17,6,150.0,10,7,0,50.0,110,160.0,3,49,39,19,58,3.1666666666666665,1.676727028839705,0.5294927459493806,0.38666666666666666,50.30181086519115,0.0,0.0
31503,Outback - South,QLD,2023,MM7,3475.0,17532.0,20,10,200.0,9,11,0,78.0,135,213.0,17,67,31,20,51,3.5,2.2446043165467624,0.6413155190133607,0.255,57.55395683453238,0.0,0.0
31601,Buderim,QLD,2023,MM1,12696.0,62119.0,10,4,505.0,5,0,5,432.0,1155,1587.0,26,394,410,325,735,3.4791666666666665,3.402646502835539,0.9780061804557237,1.4554455445544554,39.7763074984247,0.5,-1.0
31602,Caloundra,QLD,2023,MM1,23710.0,103068.0,32,15,1457.0,14,0,18,1220.0,1979,3199.0,43,625,728,583,1311,3.532051282051282,5.1455082243779,1.4568045063574453,0.8997940974605353,61.45086461408689,0.5625,2.0
31603,Maroochy,QLD,2023,MM1,16108.0,66777.0,25,11,1181.0,16,0,9,1112.0,1015,2127.0,14,318,361,322,683,3.424731182795699,6.903402036255277,2.015750045123205,0.5783234546994073,73.31760615843059,0.36,0.0
31605,Noosa,QLD,2023,MM1,12720.0,48460.0,9,5,665.0,2,0,7,544.0,738,1282.0,7,230,258,243,501,3.3,4.276729559748428,1.2959786544692204,0.7533834586466165,52.27987421383648,0.7777777777777778,2.0
31606,Sunshine Coast Hinterland,QLD,2023,MM1,13640.0,65136.0,6,3,252.0,5,0,1,229.0,865,1094.0,17,290,288,270,558,3.6666666666666665,1.6788856304985338,0.4578778992268729,2.2142857142857144,18.47507331378299,0.16666666666666666,0.0
31607,Nambour,QLD,2023,MM1,10208.0,53169.0,15,8,531.0,11,2,2,414.0,808,1222.0,17,256,271,264,535,3.888888888888889,4.055642633228841,1.0428795342588448,1.0075329566854991,52.0180250783699,0.13333333333333333,-1.0
31608,Noosa Hinterland,QLD,2023,MM2,6246.0,25578.0,3,1,86.0,2,0,1,78.0,305,383.0,3,85,98,119,217,3.6666666666666665,1.248799231508165,0.34058160859313596,2.5232558139534884,13.768812039705411,0.3333333333333333,0.0
31701,Toowoomba,QLD,2023,MM2,31947.0,170781.0,40,19,1744.0,28,3,9,1545.0,2453,3998.0,167,1016,787,483,1270,3.5330188679245285,4.836134848342567,1.3688392361129829,0.7282110091743119,54.59041537546561,0.225,1.0
31801,Charters Towers - Ayr - Ingham,QLD,2023,MM4,10138.0,42314.0,16,8,535.0,11,2,3,436.0,656,1092.0,9,231,243,173,416,3.4375,4.300651015979483,1.2510984773758496,0.7775700934579439,52.77174985204183,0.1875,-1.0
31802,Townsville,QLD,2023,MM2,29479.0,201458.0,34,12,1275.0,27,2,5,1167.0,2106,3273.0,51,708,810,537,1347,3.4444444444444446,3.958750296821466,1.149314602303006,1.056470588235294,43.25112792157128,0.14705882352941177,-1.0
31901,Bundaberg,QLD,2023,MM2,25843.0,98525.0,24,11,936.0,17,2,5,826.0,1524,2350.0,112,644,538,230,768,3.2844827586206895,3.196223348682428,0.9731283686277209,0.8205128205128205,36.218705258677396,0.20833333333333334,0.0
31902,Burnett,QLD,2023,MM5,13655.0,51556.0,25,14,476.0,21,4,0,415.0,562,977.0,62,276,163,61,224,3.663793103448276,3.0391797876235813,0.8295173067396128,0.47058823529411764,34.859025997803,0.0,-1.0
31903,Gympie - Cooloola,QLD,2023,MM3,14374.0,56060.0,10,5,445.0,8,0,2,388.0,1281,1669.0,27,432,458,364,822,3.183333333333333,2.699318213440935,0.8479533654788278,1.847191011235955,30.958675386113818,0.2,0.0
31904,Hervey Bay,QLD,2023,MM2,21042.0,67798.0,22,9,898.0,16,0,6,810.0,1445,2255.0,143,654,452,196,648,3.2596153846153846,3.849443969204448,1.1809503622338131,0.7216035634743875,42.676551658587584,0.2727272727272727,0.0
31905,Maryborough,QLD,2023,MM3,14836.0,50230.0,8,6,536.0,5,0,3,460.0,748,1208.0,63,344,227,114,341,3.4558823529411766,3.1005661903478026,0.897185110398513,0.6361940298507462,36.128336478835266,0.375,1.0
40101,Adelaide City,SA,2023,MM1,4151.0,27984.0,17,2,165.0,13,1,3,149.0,122,271.0,1,32,49,40,89,3.25,3.5894965068658156,1.1044604636510202,0.5393939393939394,39.749457961936876,0.17647058823529413,0.0
40102,Adelaide Hills,SA,2023,MM2,16024.0,83754.0,11,9,565.0,6,3,2,530.0,595,1125.0,28,266,171,130,301,3.608695652173913,3.307538691962057,0.916546866447317,0.5327433628318584,35.25961058412381,0.18181818181818182,-2.0
40103,Burnside,SA,2023,MM1,11041.0,47489.0,12,5,496.0,8,0,4,458.0,479,937.0,4,130,239,106,345,3.1607142857142856,4.148174984149986,1.3124169441378488,0.6955645161290323,44.92346707725749,0.3333333333333333,3.0
40104,Campbelltown (SA),SA,2023,MM1,11350.0,57583.0,17,9,630.0,14,0,3,596.0,913,1509.0,6,281,427,199,626,3.4074074074074074,5.251101321585903,1.5410840835089064,0.9936507936507937,55.50660792951542,0.17647058823529413,-1.0
40105,"Norwood - Payneham - St
Peters",SA,2023,MM1,8078.0,39352.0,15,5,427.0,6,0,9,406.0,614,1020.0,5,183,300,126,426,3.392857142857143,5.025996533795494,1.4813463468028825,0.9976580796252927,52.85961871750433,0.6,-4.0
40106,Prospect - Walkerville,SA,2023,MM1,5479.0,31583.0,8,3,257.0,7,0,1,247.0,316,563.0,0,94,154,68,222,3.607142857142857,4.508121920058405,1.2497763738775776,0.8638132295719845,46.906369775506484,0.125,-2.0
40107,Unley,SA,2023,MM1,8787.0,39969.0,22,12,958.0,14,0,8,916.0,478,1394.0,3,134,222,119,341,3.727272727272727,10.424490724934563,2.7968145847385415,0.3559498956158664,109.02469557300557,0.36363636363636365,-1.0
40201,Gawler - Two Wells,SA,2023,MM1,7494.0,40754.0,4,4,375.0,2,0,2,316.0,335,651.0,6,124,141,64,205,3.1041666666666665,4.216706698692287,1.3584021579679852,0.5466666666666666,50.0400320256205,0.5,0.0
40202,Playford,SA,2023,MM1,13665.0,107772.0,12,8,779.0,10,0,2,721.0,1089,1810.0,42,394,451,202,653,3.1287878787878785,5.276253201609952,1.6863569554782416,0.8382541720154044,57.00695206732529,0.16666666666666666,0.0
40203,Port Adelaide - East,SA,2023,MM1,11067.0,80635.0,13,10,674.0,3,2,8,590.0,979,1569.0,55,380,385,159,544,3.4732142857142856,5.331164723954098,1.5349368871024653,0.8071216617210683,60.901780066865456,0.6153846153846154,0.0
40204,Salisbury,SA,2023,MM1,22871.0,148009.0,21,14,1145.0,12,0,9,1058.0,1604,2662.0,87,607,623,287,910,3.11875,4.625945520528179,1.4832691047785747,0.7947598253275109,50.06339906431725,0.42857142857142855,0.0
40205,Tea Tree Gully,SA,2023,MM1,20421.0,99087.0,9,8,975.0,6,0,3,867.0,1437,2304.0,130,636,505,166,671,2.9761904761904763,4.2456294990451005,1.4265315116791537,0.6882051282051282,47.744968414867046,0.3333333333333333,-1.0
40301,Holdfast Bay,SA,2023,MM1,10089.0,36867.0,8,6,551.0,5,2,1,522.0,483,1005.0,1,102,223,157,380,3.3823529411764706,5.173951828724353,1.5296901058837218,0.6896551724137931,54.61393596986817,0.125,-2.0
40302,Marion,SA,2023,MM1,18773.0,100192.0,15,8,1021.0,12,1,2,945.0,1206,2151.0,5,248,502,451,953,3.358695652173913,5.033825174452671,1.498744064885585,0.9333986287952988,54.38661908059447,0.13333333333333333,1.0
40303,Mitcham,SA,2023,MM1,14173.0,68213.0,11,9,799.0,8,0,3,759.0,735,1494.0,2,149,321,263,584,3.4074074074074074,5.355252945741904,1.57165032103295,0.7309136420525657,56.37479714950963,0.2727272727272727,0.0
40304,Onkaparinga,SA,2023,MM1,36647.0,182249.0,19,17,1668.0,15,0,4,1598.0,2085,3683.0,7,451,904,723,1627,3.4308510638297873,4.360520642890277,1.2709734587029025,0.9754196642685852,45.515321854449205,0.21052631578947367,-1.0
40401,Charles Sturt,SA,2023,MM1,24128.0,123964.0,31,16,1425.0,27,0,4,1311.0,1880,3191.0,21,516,912,431,1343,3.34375,5.433521220159151,1.6249783088326433,0.9424561403508772,59.06001326259947,0.12903225806451613,3.0
40402,Port Adelaide - West,SA,2023,MM1,11567.0,63498.0,8,6,569.0,6,1,1,538.0,826,1364.0,9,231,395,191,586,3.426470588235294,4.651162790697675,1.3574209002894502,1.0298769771528997,49.19166594622634,0.125,-4.0
40403,West Torrens,SA,2023,MM1,11857.0,68084.0,18,9,861.0,8,0,10,818.0,962,1780.0,12,303,460,187,647,3.185185185185185,6.89887829973855,2.1659269080574517,0.7514518002322881,72.61533271485199,0.5555555555555556,0.0
40501,Barossa,SA,2023,MM4,8562.0,39852.0,13,7,372.0,11,2,0,329.0,295,624.0,8,122,110,55,165,3.6666666666666665,3.8425601494977806,1.0479709498630312,0.4435483870967742,43.44779257182901,0.0,1.0
40502,Lower North,SA,2023,MM5,6153.0,23209.0,14,11,390.0,8,6,0,314.0,270,584.0,6,135,85,44,129,4.108695652173913,5.103201690232407,1.2420490886279931,0.33076923076923076,63.38371526084836,0.0,0.0
40503,Mid North,SA,2023,MM5,7065.0,27694.0,17,12,388.0,11,6,0,313.0,351,664.0,15,197,113,26,139,3.6944444444444446,4.430290162774239,1.1991762846606961,0.3582474226804124,54.91861288039632,0.0,0.0
40504,Yorke Peninsula,SA,2023,MM5,9698.0,28001.0,12,8,365.0,9,2,1,338.0,309,647.0,3,149,120,37,157,3.642857142857143,3.485254691689008,0.9567365820322767,0.4301369863013699,37.63662610847598,0.08333333333333333,-1.0
40601,Eyre Peninsula and South West,SA,2023,MM6,12464.0,59206.0,23,14,489.0,11,11,1,247.0,908,1155.0,114,493,237,64,301,2.9375,1.9817073170731707,0.6746237675142709,0.6155419222903885,39.232991014120664,0.043478260869565216,-1.0
40602,Outback - North and East,SA,2023,MM4,4098.0,26556.0,10,5,216.0,4,4,2,94.0,292,386.0,28,142,101,21,122,3.125,2.2938018545632017,0.7340165934602245,0.5648148148148148,52.7086383601757,0.2,0.0
40701,Fleurieu - Kangaroo Island,SA,2023,MM3,20791.0,58424.0,15,10,766.0,11,2,2,613.0,1439,2052.0,89,674,464,212,676,3.42,2.94839113077774,0.8621026698180527,0.8825065274151436,36.84286470107258,0.13333333333333333,0.0
40702,Limestone Coast,SA,2023,MM3,15343.0,69141.0,16,13,742.0,9,6,1,619.0,637,1256.0,45,320,209,63,272,3.4140625,4.034413087401421,1.1817045198795924,0.3665768194070081,48.360816007299746,0.0625,-1.0
40703,Murray and Mallee,SA,2023,MM5,18533.0,73851.0,22,16,825.0,10,12,0,591.0,1229,1820.0,32,509,444,244,688,3.091666666666667,3.188906275292721,1.0314521645151657,0.833939393939394,44.51518912210651,0.0,-5.0
50101,"Augusta - Margaret River -
Busselton",WA,2023,MM3,13841.0,62498.0,11,6,499.0,9,1,1,374.0,356,730.0,3,46,112,195,307,3.272727272727273,2.7021168990679865,0.8256468302707736,0.6152304609218436,36.0523083592226,0.09090909090909091,1.0
50102,Bunbury,WA,2023,MM2,22058.0,114492.0,31,10,814.0,25,2,4,688.0,764,1452.0,1,134,279,350,629,2.892857142857143,3.1190497778583732,1.078190046667092,0.7727272727272727,36.90271103454529,0.12903225806451613,1.0
50103,Manjimup,WA,2023,MM5,6415.0,25136.0,9,7,171.0,4,4,1,125.0,175,300.0,0,25,60,90,150,3.0625,1.9485580670303975,0.6362638586221706,0.8771929824561403,26.65627435697584,0.1111111111111111,0.0
50201,Mandurah,WA,2023,MM1,30160.0,118394.0,15,10,860.0,13,0,2,805.0,1319,2124.0,20,420,563,316,879,3.2327586206896552,2.6690981432360745,0.8256410256410257,1.0220930232558139,28.514588859416445,0.13333333333333333,0.0
50301,Cottesloe - Claremont,WA,2023,MM1,15684.0,77871.0,16,10,909.0,5,1,10,761.0,526,1287.0,5,89,203,229,432,3.45,4.852078551389952,1.4063995801130296,0.4752475247524752,57.95715378729916,0.625,1.0
50302,Perth City,WA,2023,MM1,16838.0,122576.0,50,24,1798.0,26,0,24,1510.0,651,2161.0,7,103,249,292,541,3.4035714285714285,8.967810903907827,2.6348237702982074,0.30088987764182423,106.78227818030645,0.48,0.0
50401,Bayswater - Bassendean,WA,2023,MM1,15395.0,90520.0,15,11,778.0,8,3,4,710.0,775,1485.0,4,150,294,327,621,3.2338709677419355,4.611886976291004,1.4261196634914826,0.7982005141388174,50.535888275414095,0.26666666666666666,1.0
50402,Mundaring,WA,2023,MM1,9226.0,46824.0,2,2,167.0,1,0,1,161.0,322,483.0,2,71,114,135,249,3.0,1.7450682852807284,0.5816894284269095,1.4910179640718564,18.101018859744205,0.5,1.0
50403,Swan,WA,2023,MM1,18939.0,166232.0,14,8,714.0,7,0,7,521.0,771,1292.0,5,202,278,286,564,3.223684210526316,2.7509372194941655,0.8533519538022717,0.7899159663865546,37.69998415967052,0.5,-1.0
50501,Joondalup,WA,2023,MM1,31343.0,170653.0,24,11,658.0,18,2,4,617.0,1040,1657.0,36,376,377,251,628,3.4765625,1.968541620138468,0.5662321963544358,0.9544072948328267,20.993523274734393,0.16666666666666666,0.0
50502,Stirling,WA,2023,MM1,38282.0,224648.0,35,20,1857.0,26,0,9,1787.0,1965,3752.0,50,578,743,594,1337,3.1293103448275863,4.667990178151612,1.4916993406765482,0.7199784598815293,48.508437385716526,0.2571428571428571,-1.0
50503,Wanneroo,WA,2023,MM1,27825.0,228814.0,13,11,1159.0,10,0,3,1054.0,1197,2251.0,38,460,420,279,699,3.2333333333333334,3.7879604672057505,1.1715341651151805,0.6031061259706644,41.65318957771788,0.23076923076923078,0.0
50601,Armadale,WA,2023,MM1,12489.0,105158.0,8,6,330.0,7,0,1,310.0,534,844.0,2,126,232,174,406,3.25,2.482184322203539,0.7637490222164736,1.2303030303030302,26.423252462166705,0.125,0.0
50602,Belmont - Victoria Park,WA,2023,MM1,10785.0,82657.0,45,8,622.0,27,0,18,540.0,602,1142.0,12,152,163,275,438,3.35,5.006954102920723,1.494613165050962,0.7041800643086816,57.672693555864626,0.4,0.0
50603,Canning,WA,2023,MM1,16058.0,107566.0,25,14,1171.0,20,2,3,1033.0,814,1847.0,18,221,266,309,575,3.4,6.432930626479013,1.892038419552651,0.4910333048676345,72.92315356831486,0.12,-1.0
50604,Gosnells,WA,2023,MM1,18636.0,137493.0,16,9,718.0,14,0,2,651.0,901,1552.0,21,213,296,371,667,3.2211538461538463,3.4932388924661946,1.0844681934820424,0.9289693593314763,38.52758102597124,0.125,2.0
50605,Kalamunda,WA,2023,MM1,11846.0,62705.0,9,6,405.0,5,0,4,367.0,445,812.0,1,118,170,156,326,3.3333333333333335,3.098092183015364,0.9294276549046092,0.8049382716049382,34.188755698125945,0.4444444444444444,1.0
50606,Serpentine - Jarrahdale,WA,2023,MM1,3761.0,36810.0,1,1,68.0,1,0,0,67.0,123,190.0,2,21,47,53,100,3.25,1.781441106088806,0.5481357249504019,1.4705882352941178,18.080297793140122,0.0,0.0
50607,South Perth,WA,2023,MM1,8929.0,46822.0,13,9,923.0,8,0,5,808.0,344,1152.0,12,78,107,147,254,3.11,9.049165640049278,2.90969956271681,0.27518959913326113,103.37103819016687,0.38461538461538464,0.0
50701,Cockburn,WA,2023,MM1,17134.0,128044.0,16,10,846.0,8,1,7,791.0,889,1680.0,0,120,266,503,769,3.3482142857142856,4.616551885140656,1.378810163028676,0.9089834515366431,49.37551068051827,0.4375,-1.0
50702,Fremantle,WA,2023,MM1,8443.0,43578.0,9,7,762.0,3,0,6,617.0,426,1043.0,2,58,120,246,366,3.513157894736842,7.307828970744996,2.0801310927963286,0.48031496062992124,90.25227999526236,0.6666666666666666,1.0
50703,Kwinana,WA,2023,MM1,4878.0,52139.0,1,1,131.0,0,0,1,127.0,272,399.0,0,35,89,148,237,3.0833333333333335,2.603526035260353,0.8443868222466009,1.8091603053435115,26.855268552685526,1.0,0.0
50704,Melville,WA,2023,MM1,23697.0,113214.0,19,15,1237.0,8,1,10,1070.0,1159,2229.0,3,185,363,608,971,3.711382113821138,4.5153394944507745,1.2166194037622022,0.7849636216653193,52.20070051061316,0.5263157894736842,1.0
50705,Rockingham,WA,2023,MM1,21066.0,148911.0,14,8,770.0,10,0,4,711.0,999,1710.0,3,288,416,292,708,3.1096491228070176,3.3751068071774424,1.0853657997693327,0.9194805194805195,36.55178961359537,0.2857142857142857,1.0
50901,Albany,WA,2023,MM3,15140.0,65239.0,20,13,627.0,8,7,5,390.0,684,1074.0,5,110,271,298,569,3.2934782608695654,2.5759577278731833,0.7821389800803065,0.9074960127591707,41.41347424042272,0.25,0.0
50902,Wheat Belt - North,WA,2023,MM4,14032.0,59524.0,29,18,374.0,12,16,1,137.0,1026,1163.0,7,205,411,403,814,2.8,0.976339794754846,0.34869278384101643,2.176470588235294,26.653363740022805,0.034482758620689655,0.0
50903,Wheat Belt - South,WA,2023,MM5,4593.0,20056.0,10,8,202.0,3,6,1,134.0,203,337.0,0,29,85,89,174,3.388888888888889,2.917483126496843,0.860896660277757,0.8613861386138614,43.979969518833,0.1,0.0
51001,Kimberley,WA,2023,MM7,3117.0,39410.0,18,4,207.0,15,3,0,103.0,158,261.0,1,83,48,26,74,3.4375,3.3044594161052294,0.9612972846851576,0.357487922705314,66.41000962463909,0.0,-2.0
51002,East Pilbara,WA,2023,MM6,1080.0,27663.0,4,1,56.0,3,1,0,34.0,33,67.0,0,4,16,13,29,3.3333333333333335,3.148148148148148,0.9444444444444443,0.5178571428571429,51.85185185185185,0.0,0.0
51003,West Pilbara,WA,2023,MM6,1118.0,32334.0,3,1,30.0,3,0,0,15.0,30,45.0,0,7,14,9,23,3.5,1.3416815742397137,0.3833375926399182,0.7666666666666667,26.833631484794275,0.0,0.0
51101,Esperance,WA,2023,MM6,3315.0,16833.0,4,2,112.0,1,3,0,61.0,80,141.0,1,13,36,30,66,3.5833333333333335,1.8401206636500755,0.5135220456697885,0.5892857142857143,33.78582202111614,0.0,0.0
51102,Gascoyne,WA,2023,,1597.0,10330.0,2,2,42.0,0,2,0,,23,23.0,0,6,9,8,17,,,,0.40476190476190477,26.299311208515967,0.0,0.0
51103,Goldfields,WA,2023,MM3,3922.0,40411.0,12,6,176.0,9,3,0,88.0,124,212.0,0,39,52,33,85,3.3333333333333335,2.243753187149413,0.673125956144824,0.48295454545454547,44.87506374298827,0.0,0.0
51104,Mid West,WA,2023,MM3,11517.0,58207.0,20,8,371.0,11,8,1,279.0,238,517.0,1,54,86,97,183,3.0277777777777777,2.4225058609012766,0.8000936788297794,0.49326145552560646,32.21324997829296,0.05,0.0
60101,Brighton,TAS,2023,MM2,3029.0,20581.0,1,1,80.0,1,0,0,74.0,128,202.0,5,46,61,16,77,3.1666666666666665,2.4430505117200396,0.7714896352800126,0.9625,26.411356883459888,0.0,0.0
60102,Hobart - North East,TAS,2023,MM2,12773.0,61310.0,13,6,624.0,11,0,2,509.0,611,1120.0,22,226,239,124,363,3.3125,3.984968292491975,1.2030092958466339,0.5817307692307693,48.8530494010804,0.15384615384615385,1.0
60103,Hobart - North West,TAS,2023,MM2,10515.0,58744.0,21,7,613.0,14,0,7,545.0,749,1294.0,20,295,308,126,434,3.357142857142857,5.183071802187351,1.5438937283111258,0.7079934747145188,58.29766999524489,0.3333333333333333,0.0
60104,Hobart - South and West,TAS,2023,MM2,7516.0,37648.0,7,3,226.0,7,0,0,193.0,367,560.0,14,149,141,63,204,3.611111111111111,2.56785524215008,0.711098374749253,0.9026548672566371,30.069185737094198,0.0,-1.0
60105,Hobart Inner,TAS,2023,MM2,10204.0,56202.0,24,9,704.0,17,1,6,593.0,401,994.0,6,146,155,94,249,3.3645833333333335,5.811446491571933,1.7272410625105434,0.3536931818181818,68.99255194041552,0.25,0.0
60106,Sorell - Dodges Ferry,TAS,2023,MM2,4096.0,19499.0,3,1,72.0,3,0,0,68.0,158,226.0,2,66,59,31,90,3.5833333333333335,1.66015625,0.4632994186046511,1.25,17.578125,0.0,0.0
60201,Launceston,TAS,2023,MM2,17493.0,89713.0,31,13,1191.0,21,1,9,1071.0,911,1982.0,49,325,341,196,537,3.35,6.122448979591836,1.8275967103259212,0.4508816120906801,68.08437660778597,0.2903225806451613,0.0
60202,Meander Valley - West Tamar,TAS,2023,MM5,6550.0,25202.0,4,3,124.0,2,1,1,80.0,207,287.0,6,72,82,47,129,3.5833333333333335,1.2213740458015268,0.3408485709213563,1.0403225806451613,18.931297709923665,0.25,0.0
60203,North East,TAS,2023,MM5,10838.0,41126.0,14,8,285.0,12,2,0,223.0,407,630.0,11,149,175,72,247,3.84375,2.057575198376084,0.5353041166506886,0.8666666666666667,26.29636464292305,0.0,-1.0
60301,Central Highlands (Tas.),TAS,2023,MM5,2694.0,12883.0,1,1,18.0,0,1,0,18.0,86,104.0,2,28,44,12,56,4.333333333333333,0.6681514476614699,0.1541887956141854,3.111111111111111,6.6815144766147,0.0,0.0
60302,Huon - Bruny Island,TAS,2023,MM5,5598.0,23055.0,7,3,105.0,7,0,0,91.0,245,336.0,16,95,92,42,134,4.0,1.6255805644873171,0.4063951411218293,1.276190476190476,18.756698821007504,0.0,0.0
60303,South East Coast,TAS,2023,MM6,2793.0,7908.0,5,3,78.0,5,0,0,46.0,102,148.0,0,43,41,18,59,3.75,1.6469745793054065,0.4391932211481084,0.7564102564102564,27.92696025778733,0.0,0.0
60401,Burnie - Ulverstone,TAS,2023,MM3,12112.0,51399.0,14,6,580.0,11,1,2,524.0,694,1218.0,38,258,264,134,398,3.3472222222222223,4.326287978863936,1.2925009729386034,0.6862068965517242,47.88639365918098,0.14285714285714285,0.0
60402,Devonport,TAS,2023,MM3,12236.0,50147.0,19,7,493.0,17,0,2,476.0,648,1124.0,32,269,249,98,347,3.5,3.8901601830663615,1.1114743380189605,0.7038539553752535,40.29094475318731,0.10526315789473684,0.0
60403,West Coast,TAS,2023,MM5,3886.0,18321.0,5,3,97.0,2,3,0,87.0,149,236.0,10,56,52,31,83,3.9166666666666665,2.2388059701492535,0.5716100349317244,0.8556701030927835,24.961399897066393,0.0,0.0
70101,Darwin City,NT,2023,MM2,2958.0,28894.0,7,1,85.0,7,0,0,83.0,103,186.0,0,27,38,38,76,4.0,2.805949966193374,0.7014874915483434,0.8941176470588236,28.735632183908045,0.0,0.0
70102,Darwin Suburbs,NT,2023,MM2,6865.0,58278.0,9,3,161.0,4,2,3,160.0,307,467.0,0,76,127,104,231,3.236111111111111,2.3306627822286963,0.7202048082423439,1.434782608695652,23.452294246176255,0.3333333333333333,0.0
70104,Palmerston,NT,2023,MM2,2757.0,41008.0,1,1,88.0,1,0,0,79.0,142,221.0,0,41,51,50,101,2.9166666666666665,2.8654334421472614,0.9824343230219182,1.1477272727272727,31.91875226695684,0.0,0.0
70201,Alice Springs,NT,2023,MM6,3519.0,41526.0,22,4,218.0,17,3,2,151.0,211,362.0,0,86,81,44,125,3.546296296296296,4.290991759022449,1.2099924542413174,0.573394495412844,61.94941744813868,0.09090909090909091,0.0
70202,Barkly,NT,2023,,459.0,6045.0,3,0,25.0,2,1,0,,9,9.0,1,5,1,2,3,,,,0.12,54.46623093681917,0.0,0.0
70203,Daly - Tiwi - West Arnhem,NT,2023,,1580.0,18277.0,9,0,41.0,5,4,0,,76,76.0,0,35,23,18,41,,,,1.0,25.949367088607595,0.0,0.0
70204,East Arnhem,NT,2023,,629.0,14687.0,6,1,18.0,3,3,0,,126,126.0,0,69,36,21,57,,,,3.1666666666666665,28.616852146263913,0.0,0.0
70205,Katherine,NT,2023,MM6,1654.0,21405.0,16,3,87.0,9,6,1,45.0,57,102.0,0,20,25,12,37,3.5,2.720677146311971,0.7773363275177061,0.42528735632183906,52.59975816203144,0.0625,0.0
80101,Belconnen,ACT,2023,MM1,16092.0,107782.0,18,6,584.0,14,0,4,539.0,626,1165.0,5,202,195,224,419,3.1805555555555554,3.349490430027343,1.053114895030431,0.7174657534246576,36.291324881928915,0.2222222222222222,1.0
80103,Canberra East,ACT,2023,,300.0,2003.0,1,0,0.0,1,0,0,,15,15.0,0,3,8,4,12,,,,,0.0,0.0,
80104,Gungahlin,ACT,2023,,6821.0,90579.0,5,0,0.0,4,0,1,,243,243.0,5,84,72,82,154,,,,,0.0,0.2,0.0
80105,North Canberra,ACT,2023,MM1,7066.0,64788.0,10,4,343.0,8,0,2,300.0,334,634.0,6,98,110,120,230,3.4791666666666665,4.245683555052363,1.220316231392296,0.6705539358600583,48.54231531276536,0.2,0.0
80106,South Canberra,ACT,2023,MM1,6175.0,33022.0,15,4,465.0,8,0,7,366.0,222,588.0,5,60,80,77,157,3.5625,5.9271255060728745,1.663754528020456,0.33763440860215055,75.30364372469636,0.4666666666666667,0.0
80107,Tuggeranong,ACT,2023,MM1,14787.0,89199.0,3,3,386.0,3,0,0,353.0,767,1120.0,13,244,241,269,510,3.25,2.387232028132819,0.7345329317331751,1.3212435233160622,26.104010279299388,0.0,0.0
80108,Weston Creek,ACT,2023,MM1,4987.0,24637.0,9,5,393.0,9,0,0,359.0,211,570.0,0,58,63,90,153,3.5625,7.198716663324644,2.020692396722707,0.3893129770992366,78.8048927210748,0.0,0.0
80109,Woden Valley,ACT,2023,MM1,7091.0,39481.0,11,5,574.0,9,1,1,519.0,320,839.0,2,112,109,97,206,3.5,7.319136934141871,2.0911819811833916,0.3588850174216028,80.94768015794669,0.09090909090909091,2.0
10102,Queanbeyan,NSW,2024,MM1,9399.0,68473.0,6,4,364.0,4,1,1,262.0,497,759.0,14,252,157,74,231,3.5625,2.787530588360464,0.7824647265573232,0.6346153846153846,38.72752420470263,0.16666666666666666,1.0
10103,Snowy Mountains,NSW,2024,MM4,4432.0,21296.0,6,4,108.0,2,4,0,77.0,156,233.0,6,71,43,36,79,3.7083333333333335,1.7373646209386282,0.4685028191295177,0.7314814814814815,24.368231046931406,0.0,-2.0
10104,South Coast,NSW,2024,MM4,25219.0,78003.0,23,13,1060.0,20,1,2,909.0,1826,2735.0,74,1016,527,209,736,3.673076923076923,3.604425234941909,0.9813094880470119,0.6943396226415094,42.031801419564616,0.08695652173913043,-2.0
10105,Goulburn - Mulwaree,NSW,2024,MM3,8766.0,39562.0,12,6,409.0,12,0,0,393.0,661,1054.0,20,332,230,79,309,3.6354166666666665,4.483230663928816,1.233209580908786,0.7555012224938875,46.657540497376225,0.0,0.0
10106,Young - Yass,NSW,2024,MM4,8351.0,38753.0,13,8,397.0,7,2,4,341.0,411,752.0,26,206,123,56,179,3.53125,4.083343312178182,1.1563450087584233,0.4508816120906801,47.53921686025626,0.3076923076923077,0.0
10201,Gosford,NSW,2024,MM1,42508.0,181658.0,30,15,1939.0,14,1,15,1715.0,2594,4309.0,169,1237,847,341,1188,3.5,4.034534675825727,1.1527241930930647,0.6126869520371325,45.61494306953985,0.5,-4.0
10202,Wyong,NSW,2024,MM1,37172.0,173145.0,45,20,1971.0,22,0,23,1762.0,2861,4623.0,220,1325,923,393,1316,3.3125,4.7401269772947385,1.430981728994638,0.6676813800101471,53.02378134079415,0.5111111111111111,-1.0
10301,Bathurst,NSW,2024,MM3,9921.0,50529.0,14,7,580.0,10,1,3,522.0,411,933.0,15,176,139,81,220,3.5104166666666665,5.2615663743574235,1.4988438336448446,0.3793103448275862,58.461848603971376,0.21428571428571427,0.0
10302,Lachlan Valley,NSW,2024,MM4,13079.0,54344.0,28,19,810.0,14,8,6,564.0,601,1165.0,36,260,214,91,305,3.505952380952381,4.312256288707088,1.2299814202084733,0.3765432098765432,61.93134031653796,0.21428571428571427,-1.0
10303,Lithgow - Mudgee,NSW,2024,MM4,11224.0,48327.0,14,11,484.0,8,4,2,355.0,496,851.0,36,211,166,83,249,3.783333333333333,3.162865288667142,0.8359996357710507,0.5144628099173554,43.121881682109766,0.14285714285714285,0.0
10304,Orange,NSW,2024,MM3,11827.0,62800.0,17,12,692.0,12,2,3,605.0,561,1166.0,23,268,185,85,270,3.5416666666666665,5.115413883486937,1.4443521553374883,0.3901734104046243,58.51018855161918,0.17647058823529413,-1.0
10401,Clarence Valley,NSW,2024,MM3,15712.0,55716.0,14,9,691.0,10,1,3,607.0,1235,1842.0,127,620,365,123,488,3.625,3.8632892057026478,1.0657349532972822,0.7062228654124457,43.979124236252545,0.21428571428571427,0.0
10402,Coffs Harbour,NSW,2024,MM3,23082.0,94847.0,29,14,972.0,19,2,8,869.0,1466,2335.0,135,660,506,165,671,3.55,3.7648384022181784,1.0605178597797686,0.6903292181069959,42.1107356381596,0.27586206896551724,0.0
10501,Bourke - Cobar - Coonamble,NSW,2024,MM6,4452.0,22005.0,15,13,247.0,2,12,1,73.0,268,341.0,31,156,60,21,81,3.796875,1.6397124887690926,0.43185843325605733,0.32793522267206476,55.480682839173404,0.06666666666666667,-2.0
10502,Broken Hill and Far West,NSW,2024,MM3,4641.0,19840.0,10,4,222.0,7,2,1,167.0,187,354.0,30,101,34,22,56,3.625,3.5983624218918333,0.9926517025908506,0.25225225225225223,47.83451842275371,0.1,0.0
10503,Dubbo,NSW,2024,MM3,14933.0,76236.0,34,17,914.0,23,9,2,730.0,1175,1905.0,120,543,371,141,512,3.275641025641026,4.888501975490525,1.4923802508346806,0.5601750547045952,61.20672336436081,0.058823529411764705,-2.0
10601,Lower Hunter,NSW,2024,MM3,18048.0,105038.0,14,10,818.0,14,0,0,683.0,769,1452.0,77,332,185,175,360,3.725,3.784352836879433,1.0159336474844116,0.4400977995110024,45.32358156028369,0.0,-1.0
10602,Maitland,NSW,2024,MM1,14808.0,94799.0,8,7,724.0,4,0,4,555.0,795,1350.0,82,352,217,144,361,3.55,3.7479740680713127,1.0557673431186796,0.4986187845303867,48.892490545651,0.5,1.0
10603,Port Stephens,NSW,2024,MM4,22569.0,79356.0,12,7,652.0,6,0,6,595.0,1363,1958.0,95,561,432,275,707,3.4375,2.636359608312287,0.7669409769635743,1.084355828220859,28.889184279321192,0.5,-1.0
10604,Upper Hunter,NSW,2024,MM5,5830.0,31223.0,10,7,250.0,7,3,0,208.0,277,485.0,20,111,92,54,146,3.675,3.567753001715266,0.9708171433238819,0.584,42.881646655231556,0.0,-2.0
10701,Dapto - Port Kembla,NSW,2024,MM1,15798.0,82396.0,20,9,923.0,17,1,2,800.0,939,1739.0,60,392,344,143,487,3.5208333333333335,5.06393214330928,1.4382765850819257,0.5276273022751896,58.425117103430814,0.1,0.0
10703,Kiama - Shellharbour,NSW,2024,MM1,21893.0,104623.0,12,7,825.0,8,2,2,787.0,990,1777.0,87,387,363,153,516,3.3392857142857144,3.594756314803819,1.0765045648610365,0.6254545454545455,37.68327776001461,0.16666666666666666,-2.0
10704,Wollongong,NSW,2024,MM1,25158.0,139323.0,25,11,1197.0,20,0,5,1023.0,1281,2304.0,102,575,424,180,604,3.414772727272727,4.066300977820177,1.1907969585629803,0.504594820384294,47.57929883138564,0.2,-3.0
10801,Great Lakes,NSW,2024,MM3,12395.0,33811.0,10,6,649.0,6,1,3,516.0,1265,1781.0,25,449,503,288,791,3.6547619047619047,4.162968939088342,1.139053390499742,1.2187981510015409,52.35982250907624,0.3,1.0
10802,Kempsey - Nambucca,NSW,2024,MM4,15069.0,52761.0,16,9,826.0,11,0,5,686.0,1173,1859.0,124,536,327,186,513,3.442857142857143,4.552392328621674,1.3222716307199882,0.6210653753026635,54.814519875240556,0.3125,0.0
10804,Port Macquarie,NSW,2024,MM3,26813.0,90903.0,34,14,1414.0,20,1,13,1116.0,2259,3375.0,376,1084,543,256,799,3.494565217391304,4.16216014619774,1.1910380511670051,0.5650636492220651,52.735613321896096,0.38235294117647056,2.0
10805,Taree - Gloucester,NSW,2024,MM3,18169.0,58837.0,15,9,766.0,14,0,1,600.0,1999,2599.0,24,662,863,450,1313,3.3472222222222223,3.302328141339644,0.9865876604832131,1.7140992167101827,42.159722604436126,0.06666666666666667,-1.0
10901,Albury,NSW,2024,MM2,14292.0,69679.0,28,15,804.0,21,3,4,664.0,965,1629.0,102,514,252,97,349,3.7760416666666665,4.645955779457038,1.2303772546975882,0.43407960199004975,56.25524769101595,0.14285714285714285,0.0
10902,Lower Murray,NSW,2024,MM5,3013.0,13332.0,7,5,143.0,3,3,1,96.0,185,281.0,34,103,35,13,48,3.4375,3.1861931629605045,0.9268925564976013,0.3356643356643357,47.461002323265845,0.14285714285714285,1.0
10903,Upper Murray exc. Albury,NSW,2024,MM5,13489.0,44453.0,19,15,553.0,13,5,1,444.0,732,1176.0,147,409,140,36,176,3.7621951219512195,3.291570909630069,0.8749070164981059,0.3182640144665461,40.99636741048261,0.05263157894736842,-1.0
11001,Armidale,NSW,2024,MM3,7798.0,38154.0,14,9,372.0,6,5,3,293.0,339,632.0,25,155,101,58,159,3.607142857142857,3.7573736855604,1.041648150452388,0.4274193548387097,47.70453962554501,0.21428571428571427,0.0
11002,Inverell - Tenterfield,NSW,2024,MM5,10886.0,39310.0,21,14,521.0,10,7,4,365.0,420,785.0,28,189,152,51,203,3.7083333333333335,3.352930369281646,0.9041609984579719,0.3896353166986564,47.85963623002021,0.19047619047619047,0.0
11003,Moree - Narrabri,NSW,2024,MM4,4615.0,24828.0,6,4,237.0,5,0,1,152.0,209,361.0,17,107,62,23,85,4.0,3.2936078006500544,0.8234019501625136,0.35864978902953587,51.354279523293606,0.16666666666666666,0.0
11004,Tamworth - Gunnedah,NSW,2024,MM3,17858.0,87997.0,26,16,903.0,16,8,2,677.0,694,1371.0,53,318,223,100,323,3.4488636363636362,3.7910180311345054,1.0992078640521796,0.3576965669988926,50.56557285250308,0.07692307692307693,1.0
11101,Lake Macquarie - East,NSW,2024,MM1,28081.0,129234.0,22,12,1182.0,16,0,6,1013.0,1715,2728.0,242,761,438,274,712,3.4356060606060606,3.6074213881272037,1.0500101945596272,0.6023688663282571,42.09251807271821,0.2727272727272727,-6.0
11102,Lake Macquarie - West,NSW,2024,MM1,20111.0,90226.0,18,12,1223.0,15,0,3,1133.0,1148,2281.0,142,499,307,200,507,3.390625,5.633732783054049,1.6615617424675537,0.4145543744889616,60.81249067674407,0.16666666666666666,1.0
11103,Newcastle,NSW,2024,MM1,31958.0,187897.0,45,23,2253.0,33,1,11,1960.0,2056,4016.0,191,884,522,459,981,3.5,6.133049627636273,1.7522998936103638,0.43541944074567246,70.49877964828838,0.24444444444444444,0.0
11201,Richmond Valley - Coastal,NSW,2024,MM3,21921.0,91379.0,22,12,932.0,20,0,2,841.0,1569,2410.0,161,747,454,207,661,3.369047619047619,3.836503809132795,1.1387502472337625,0.7092274678111588,42.51630856256557,0.09090909090909091,0.0
11202,Richmond Valley - Hinterland,NSW,2024,MM3,16704.0,71639.0,21,12,700.0,16,4,1,574.0,1340,1914.0,99,661,368,212,580,3.576388888888889,3.436302681992337,0.9608302644794107,0.8285714285714286,41.906130268199234,0.047619047619047616,-1.0
11203,Tweed Valley,NSW,2024,MM1,26951.0,99793.0,31,14,1345.0,22,0,9,1190.0,2268,3458.0,202,1124,649,293,942,3.605,4.415420578086157,1.2248045986369367,0.7003717472118959,49.9053838447553,0.2903225806451613,-1.0
11301,Griffith - Murrumbidgee (West),NSW,2024,MM3,9103.0,49946.0,19,11,574.0,13,3,3,503.0,639,1142.0,75,287,195,82,277,3.6125,5.525650884323849,1.5295919402972595,0.48257839721254353,63.05613533999781,0.15789473684210525,0.0
11302,Tumut - Tumbarumba,NSW,2024,MM4,3676.0,14971.0,8,4,191.0,5,3,0,102.0,198,300.0,24,103,53,18,71,3.59375,2.774755168661589,0.7721057860623552,0.3717277486910995,51.95865070729053,0.0,0.0
11303,Wagga Wagga,NSW,2024,MM5,20093.0,100935.0,40,20,1078.0,25,8,7,865.0,1597,2462.0,132,753,483,229,712,3.484126984126984,4.304981834469715,1.2355984308500778,0.660482374768089,53.650525058478074,0.175,1.0
11401,Shoalhaven,NSW,2024,MM3,31663.0,110537.0,28,17,1370.0,24,0,4,1165.0,1514,2679.0,128,647,531,208,739,3.463768115942029,3.6793734011306576,1.0622458773138719,0.5394160583941606,43.26816789312446,0.14285714285714285,-1.0
11402,Southern Highlands,NSW,2024,MM3,15109.0,53517.0,22,6,650.0,9,0,13,607.0,350,957.0,26,160,125,39,164,3.7395833333333335,4.017473029320272,1.0743103365313262,0.2523076923076923,43.02071612945927,0.5909090909090909,-1.0
11501,Baulkham Hills,NSW,2024,MM1,29062.0,159856.0,78,16,2071.0,28,0,50,1766.0,1224,2990.0,127,537,385,175,560,3.62109375,6.076663684536508,1.6781293454599202,0.27040077257363593,71.26144105705045,0.6410256410256411,-3.0
11502,Dural - Wisemans Ferry,NSW,2024,MM1,6028.0,28423.0,5,4,374.0,2,0,3,342.0,227,569.0,24,104,62,37,99,3.640625,5.673523556735235,1.5583927366139703,0.2647058823529412,62.043795620437955,0.6,1.0
11503,Hawkesbury,NSW,2024,MM2,4445.0,25243.0,3,1,36.0,1,0,2,34.0,107,141.0,2,44,39,22,61,4.25,0.7649043869516311,0.1799775028121485,1.6944444444444444,8.09898762654668,0.6666666666666666,0.0
11504,Rouse Hill - McGraths Hill,NSW,2024,MM1,6775.0,74414.0,2,1,122.0,1,0,1,112.0,186,298.0,15,69,57,45,102,3.5,1.6531365313653137,0.47232472324723246,0.8360655737704918,18.00738007380074,0.5,
11601,Blacktown,NSW,2024,MM1,20969.0,147185.0,16,8,909.0,8,0,8,780.0,1361,2141.0,90,599,480,192,672,3.609375,3.7197768133911966,1.0305875153984267,0.7392739273927392,43.34970670990509,0.5,-1.0
11602,Blacktown - North,NSW,2024,MM1,13047.0,176444.0,4,3,379.0,1,0,3,312.0,594,906.0,67,265,161,101,262,3.75,2.3913543343297308,0.6376944891545949,0.6912928759894459,29.0488234843259,0.75,1.0
11603,Mount Druitt,NSW,2024,MM1,14627.0,118825.0,34,8,872.0,33,0,1,704.0,981,1685.0,69,446,322,144,466,3.6953125,4.813017023313051,1.3024654946809102,0.5344036697247706,59.61577903876393,0.029411764705882353,0.0
11701,Botany,NSW,2024,MM1,7479.0,62328.0,6,2,170.0,3,0,3,156.0,491,647.0,26,221,163,81,244,3.4375,2.085840352988367,0.6067899208693431,1.4352941176470588,22.730311538975798,0.5,0.0
11702,Marrickville - Sydenham - Petersham,NSW,2024,MM1,7042.0,57207.0,5,5,321.0,4,0,1,304.0,442,746.0,9,163,174,96,270,3.65,4.316955410394774,1.1827275096971985,0.8411214953271028,45.583641011076395,0.2,0.0
11703,Sydney Inner City,NSW,2024,MM1,22052.0,243970.0,57,9,704.0,44,2,11,654.0,1336,1990.0,78,586,482,190,672,3.9097222222222223,2.9657173952475966,0.7585493870615522,0.9545454545454546,31.924541991656085,0.19298245614035087,1.0
11801,Eastern Suburbs - North,NSW,2024,MM1,20799.0,133328.0,20,14,1027.0,11,0,9,926.0,823,1749.0,63,349,255,156,411,3.7201257861635217,4.452137121977017,1.196770587310813,0.40019474196689386,49.37737391220732,0.45,-2.0
11802,Eastern Suburbs - South,NSW,2024,MM1,20797.0,144589.0,17,14,1148.0,11,0,6,1054.0,1274,2328.0,74,574,421,205,626,3.6666666666666665,5.068038659422032,1.3821923616605543,0.5452961672473867,55.200269269606196,0.35294117647058826,-2.0
11901,Bankstown,NSW,2024,MM1,29160.0,193256.0,25,16,1838.0,13,0,12,1605.0,2244,3849.0,261,1062,644,277,921,3.4609375,5.504115226337449,1.5903538351494209,0.501088139281828,63.0315500685871,0.48,0.0
11902,Canterbury,NSW,2024,MM1,21800.0,146381.0,30,11,944.0,20,0,10,796.0,1804,2600.0,63,734,666,341,1007,3.8452380952380953,3.6513761467889907,0.9495838895674155,1.0667372881355932,43.30275229357798,0.3333333333333333,0.0
11903,Hurstville,NSW,2024,MM1,24832.0,138899.0,33,16,1399.0,18,0,15,1232.0,1795,3027.0,111,815,683,186,869,3.7421875,4.961340206185567,1.325786109377354,0.6211579699785561,56.33859536082474,0.45454545454545453,2.0
11904,Kogarah - Rockdale,NSW,2024,MM1,24180.0,155571.0,26,19,1465.0,11,0,15,1351.0,1592,2943.0,68,767,567,190,757,3.541666666666667,5.5872622001654255,1.5775799153408259,0.5167235494880547,60.587262200165426,0.5769230769230769,-2.0
12001,Canada Bay,NSW,2024,MM1,15746.0,89946.0,11,8,740.0,5,1,5,674.0,843,1517.0,32,355,304,152,456,3.7096774193548385,4.2804521783310046,1.1538610219848795,0.6162162162162163,46.996062492061476,0.45454545454545453,-2.0
12002,Leichhardt,NSW,2024,MM1,8597.0,58273.0,9,4,342.0,7,0,2,335.0,361,696.0,12,155,133,61,194,3.453125,3.896708154007212,1.12845846993874,0.5672514619883041,39.78131906479005,0.2222222222222222,-1.0
12003,Strathfield - Burwood - Ashfield,NSW,2024,MM1,23868.0,172236.0,36,23,1688.0,20,0,16,1532.0,1724,3256.0,62,714,647,301,948,3.659340659340659,6.418635830400536,1.754041623322669,0.5616113744075829,70.72230601642367,0.4444444444444444,-5.0
12101,Chatswood - Lane Cove,NSW,2024,MM1,18720.0,124750.0,24,13,957.0,14,0,10,784.0,863,1647.0,62,380,260,161,421,3.664965986394558,4.188034188034187,1.142721161282646,0.4399164054336468,51.12179487179487,0.4166666666666667,-1.0
12102,Hornsby,NSW,2024,MM1,14592.0,90755.0,16,11,979.0,8,0,8,796.0,815,1611.0,81,383,228,123,351,3.6842105263157894,5.455043859649123,1.480654761904762,0.3585291113381001,67.09155701754386,0.5,-3.0
12103,Ku-ring-gai,NSW,2024,MM1,24800.0,128989.0,27,18,1588.0,18,0,9,1286.0,1135,2421.0,114,486,341,194,535,3.575870646766169,5.185483870967742,1.4501318373071528,0.33690176322418136,64.03225806451613,0.3333333333333333,2.0
12104,North Sydney - Mosman,NSW,2024,MM1,18670.0,99529.0,10,8,549.0,3,0,7,460.0,598,1058.0,32,233,207,126,333,3.8515625,2.4638457418318156,0.6397003143092747,0.6065573770491803,29.405463310123192,0.7,0.0
12201,Manly,NSW,2024,MM1,7087.0,45173.0,3,2,173.0,1,0,2,168.0,235,403.0,24,89,73,49,122,3.5,2.3705376040637787,0.6772964583039368,0.7052023121387283,24.41089318470439,0.6666666666666666,-1.0
12202,Pittwater,NSW,2024,MM1,14895.0,64366.0,10,8,671.0,3,0,7,627.0,600,1227.0,59,276,162,103,265,3.828125,4.209466263846928,1.0996156770865446,0.3949329359165425,45.0486740516952,0.7,-1.0
12203,Warringah,NSW,2024,MM1,27236.0,161233.0,29,15,1601.0,18,1,10,1373.0,1457,2830.0,148,664,403,242,645,3.55,5.041122044353062,1.4200343786910035,0.4028732042473454,58.782493758261126,0.3448275862068966,-3.0
12301,Camden,NSW,2024,MM1,9414.0,77749.0,10,5,574.0,9,0,1,517.0,264,781.0,39,110,85,30,115,3.625,5.491820692585511,1.514985018644279,0.20034843205574912,60.973018908009344,0.1,0.0
12302,Campbelltown (NSW),NSW,2024,MM1,25790.0,189943.0,17,9,1292.0,13,0,4,1088.0,991,2079.0,131,467,301,92,393,3.551470588235294,4.218689414501745,1.1878711394870338,0.3041795665634675,50.096936797208215,0.23529411764705882,3.0
12303,Wollondilly,NSW,2024,MM5,8079.0,50473.0,4,3,271.0,3,0,1,255.0,213,468.0,37,86,70,20,90,3.2708333333333335,3.156331229112514,0.9649929872445903,0.33210332103321033,33.54375541527417,0.25,0.0
12401,Blue Mountains,NSW,2024,MM1,18347.0,78604.0,13,7,693.0,10,0,3,615.0,803,1418.0,43,370,276,114,390,3.669642857142857,3.352046656129067,0.913453103373371,0.5627705627705628,37.771842808088515,0.23076923076923078,0.0
12403,Penrith,NSW,2024,MM1,22519.0,169142.0,26,11,1087.0,15,1,10,1002.0,1162,2164.0,61,494,445,162,607,3.409090909090909,4.4495759136728985,1.3052089346773836,0.5584176632934683,48.27034948265909,0.38461538461538464,2.0
12404,Richmond - Windsor,NSW,2024,MM1,6596.0,39434.0,8,4,403.0,6,0,2,378.0,316,694.0,13,152,108,43,151,3.125,5.730745906610067,1.8338386901152213,0.3746898263027295,61.09763493026076,0.25,-1.0
12405,St Marys,NSW,2024,MM1,8003.0,59138.0,2,2,260.0,0,0,2,240.0,470,710.0,16,207,164,83,247,3.78125,2.998875421716856,0.7930910206193338,0.95,32.48781706859928,1.0,1.0
12501,Auburn,NSW,2024,MM1,11715.0,113554.0,13,5,431.0,6,0,7,357.0,995,1352.0,88,425,362,120,482,3.65,3.0473751600512164,0.834897304123621,1.1183294663573087,36.79043960734102,0.5384615384615384,0.0
12502,Carlingford,NSW,2024,MM1,12266.0,78354.0,3,2,215.0,1,0,2,208.0,799,1007.0,73,327,261,138,399,3.25,1.6957443339311917,0.5217674873634436,1.8558139534883722,17.528126528615683,0.6666666666666666,-2.0
12503,Merrylands - Guildford,NSW,2024,MM1,22930.0,172650.0,21,12,1184.0,11,0,10,995.0,1953,2948.0,162,848,664,279,943,3.5104166666666665,4.339293501962495,1.2361192171762598,0.7964527027027027,51.63541212385521,0.47619047619047616,4.0
12504,Parramatta,NSW,2024,MM1,19086.0,162662.0,37,18,1736.0,21,1,15,1379.0,1431,2810.0,106,627,494,204,698,3.608695652173913,7.225191239652101,2.0021614278554014,0.402073732718894,90.95672220475741,0.40540540540540543,0.0
12601,Pennant Hills - Epping,NSW,2024,MM1,9464.0,57379.0,7,4,296.0,1,0,6,229.0,496,725.0,38,229,148,81,229,3.625,2.419695688926458,0.6675022590141954,0.7736486486486487,31.27641589180051,0.8571428571428571,2.0
12602,Ryde - Hunters Hill,NSW,2024,MM1,24519.0,158204.0,33,17,1567.0,30,0,3,1404.0,1780,3184.0,128,772,609,271,880,3.8088235294117645,5.726171540438028,1.5033963889953124,0.5615826419910658,63.90962111015946,0.09090909090909091,-1.0
12701,Bringelly - Green Valley,NSW,2024,MM1,16461.0,170887.0,4,4,534.0,3,0,1,428.0,902,1330.0,94,395,288,125,413,3.53125,2.6000850495109655,0.7363072706579725,0.7734082397003745,32.44031346819756,0.25,2.0
12702,Fairfield,NSW,2024,MM1,35541.0,198113.0,30,13,1416.0,15,0,15,1304.0,3193,4497.0,332,1545,916,400,1316,3.6586538461538463,3.6690019976928054,1.0028284041000046,0.9293785310734464,39.84131003629611,0.5,0.0
12703,Liverpool,NSW,2024,MM1,17922.0,147623.0,25,8,799.0,16,1,8,736.0,1351,2087.0,142,652,410,147,557,3.5182291666666665,4.106684521816762,1.1672589610493238,0.6971214017521903,44.58207789309228,0.32,-2.0
12801,Cronulla - Miranda - Caringbah,NSW,2024,MM1,24905.0,123132.0,19,12,1240.0,12,0,7,1145.0,1077,2222.0,37,520,373,147,520,3.53125,4.597470387472395,1.301938516806342,0.41935483870967744,49.789198956032926,0.3684210526315789,-1.0
12802,Sutherland - Menai - Heathcote,NSW,2024,MM1,20535.0,114213.0,14,12,1425.0,7,1,6,1296.0,916,2212.0,32,419,339,126,465,3.5597826086956523,6.311176040905771,1.772910521414751,0.3263157894736842,69.39371804236669,0.42857142857142855,0.0
20101,Ballarat,VIC,2024,MM2,23245.0,123562.0,30,17,1260.0,11,15,4,1135.0,1405,2540.0,35,648,437,285,722,3.6363636363636362,4.882770488277049,1.3427618842761886,0.573015873015873,54.20520542052054,0.13333333333333333,1.0
20102,Creswick - Daylesford - Ballan,VIC,2024,MM5,7975.0,31498.0,10,8,317.0,3,6,1,268.0,333,601.0,9,163,103,58,161,3.953125,3.3605015673981193,0.8500873530177061,0.5078864353312302,39.74921630094044,0.1,-1.0
20103,Maryborough - Pyrenees,VIC,2024,MM5,7886.0,27400.0,10,8,290.0,2,7,1,264.0,215,479.0,3,105,62,45,107,4.0625,3.3477047933045907,0.8240504106595915,0.3689655172413793,36.774029926451945,0.1,0.0
20201,Bendigo,VIC,2024,MM2,21268.0,106022.0,20,14,1199.0,9,7,4,1104.0,768,1872.0,30,294,239,205,444,3.6298076923076925,5.190897122437465,1.430074968830454,0.3703085904920767,56.375775813428625,0.2,-2.0
20202,Heathcote - Castlemaine - Kyneton,VIC,2024,MM5,14107.0,54077.0,12,9,608.0,1,6,5,517.0,373,890.0,18,129,123,103,226,3.6838235294117645,3.6648472389593816,0.9948487514939639,0.3717105263157895,43.09917062451266,0.4166666666666667,1.0
20203,Loddon - Elmore,VIC,2024,MM5,3440.0,12655.0,4,4,63.0,0,4,0,57.0,85,142.0,2,36,25,22,47,4.328125,1.6569767441860463,0.38283939215850893,0.746031746031746,18.313953488372093,0.0,0.0
20301,Barwon - West,VIC,2024,MM5,3895.0,24016.0,4,3,176.0,1,2,1,154.0,174,328.0,8,77,51,38,89,4.020833333333333,3.9537869062901154,0.9833252409426194,0.5056818181818182,45.186136071887034,0.25,0.0
20302,Geelong,VIC,2024,MM1,39996.0,223939.0,53,27,2584.0,30,4,19,2245.0,2800,5045.0,60,1060,879,801,1680,3.5492063492063495,5.613061306130613,1.5814975951978023,0.6501547987616099,64.6064606460646,0.3584905660377358,1.0
20303,Surf Coast - Bellarine Peninsula,VIC,2024,MM2,25728.0,101887.0,15,11,1182.0,2,2,11,905.0,998,1903.0,33,398,301,266,567,3.625,3.517568407960199,0.9703636987476412,0.4796954314720812,45.94216417910447,0.7333333333333333,0.0
20401,Upper Goulburn Valley,VIC,2024,MM5,16102.0,62249.0,18,14,632.0,9,7,2,579.0,420,999.0,62,211,99,48,147,3.691358024691358,3.5958266053906347,0.9741202509586669,0.23259493670886075,39.24978263569743,0.1111111111111111,0.0
20402,Wangaratta - Benalla,VIC,2024,MM3,13118.0,49047.0,15,8,619.0,8,5,2,573.0,435,1008.0,12,254,110,59,169,3.4827586206896552,4.36804390913249,1.2541908253944773,0.2730210016155089,47.18707119987803,0.13333333333333333,-1.0
20403,Wodonga - Alpine,VIC,2024,MM5,17101.0,78341.0,18,13,778.0,2,11,5,563.0,521,1084.0,16,277,147,81,228,3.6691176470588234,3.2922051342026784,0.8972743451935156,0.2930591259640103,45.49441553125548,0.2777777777777778,0.0
20501,Baw Baw,VIC,2024,MM4,13587.0,62040.0,11,7,507.0,5,2,4,450.0,746,1196.0,32,305,263,146,409,3.857142857142857,3.311989401633915,0.8586639189421261,0.8067061143984221,37.31508059174211,0.36363636363636365,0.0
20502,Gippsland - East,VIC,2024,MM4,15960.0,49539.0,19,11,580.0,5,9,5,464.0,1300,1764.0,93,524,419,264,683,3.5694444444444446,2.9072681704260654,0.8144875808197537,1.1775862068965517,36.340852130325814,0.2631578947368421,0.0
20503,Gippsland - South West,VIC,2024,MM4,22227.0,74753.0,19,14,814.0,7,8,4,713.0,1598,2311.0,103,630,458,407,865,3.9814814814814814,3.2078103207810322,0.8056825921961662,1.0626535626535627,36.62212624285779,0.21052631578947367,0.0
20504,Latrobe Valley,VIC,2024,MM3,17063.0,78686.0,32,12,1097.0,16,13,3,860.0,1494,2354.0,97,637,471,289,760,3.614130434782609,5.040145343726191,1.3945665311964197,0.6927985414767548,64.29115630311199,0.09375,0.0
20505,Wellington,VIC,2024,MM5,11390.0,46416.0,13,9,472.0,4,7,2,425.0,925,1350.0,101,441,243,140,383,3.757575757575758,3.731343283582089,0.9930187770823301,0.8114406779661016,41.43985952589991,0.15384615384615385,0.0
20601,Brunswick - Coburg,VIC,2024,MM1,11370.0,99537.0,19,7,481.0,13,2,4,392.0,1168,1560.0,15,399,378,376,754,3.580357142857143,3.447669305189094,0.9629400553146596,1.5675675675675675,42.30430958663148,0.21052631578947367,-1.0
20602,Darebin - South,VIC,2024,MM1,7439.0,56543.0,11,6,430.0,7,0,4,388.0,853,1241.0,40,356,279,178,457,3.6818181818181817,5.215754805753462,1.4166247620564958,1.0627906976744186,57.80346820809248,0.36363636363636365,0.0
20603,Essendon,VIC,2024,MM1,10944.0,74369.0,21,9,666.0,15,1,5,592.0,700,1292.0,10,250,230,210,440,3.8738095238095243,5.409356725146199,1.3963920249301802,0.6606606606606606,60.85526315789474,0.23809523809523808,0.0
20604,Melbourne City,VIC,2024,MM1,11878.0,189379.0,39,6,724.0,28,3,8,649.0,555,1204.0,15,159,175,206,381,3.5729166666666665,5.463882808553628,1.5292499988954762,0.5262430939226519,60.95302239434248,0.20512820512820512,1.0
20605,Port Phillip,VIC,2024,MM1,15177.0,112672.0,15,7,621.0,12,0,3,509.0,687,1196.0,2,204,235,246,481,3.743827160493827,3.3537589774000134,0.8958103121826911,0.7745571658615137,40.917177307768334,0.2,0.0
20606,Stonnington - West,VIC,2024,MM1,10459.0,68620.0,6,4,206.0,2,0,4,194.0,464,658.0,0,131,170,163,333,3.75,1.8548618414762403,0.4946298243936641,1.616504854368932,19.6959556362941,0.6666666666666666,-2.0
20607,Yarra,VIC,2024,MM1,11521.0,101733.0,11,3,270.0,6,0,5,245.0,1241,1486.0,100,523,330,288,618,4.041666666666667,2.1265515146254668,0.5261570757836206,2.2888888888888888,23.43546567138269,0.45454545454545453,-2.0
20701,Boroondara,VIC,2024,MM1,32084.0,178008.0,47,26,2156.0,23,2,22,1871.0,1997,3868.0,127,841,504,525,1029,3.693576388888889,5.8315671362672985,1.5788402681503944,0.4772727272727273,67.19860366537839,0.46808510638297873,-1.0
20702,Manningham - West,VIC,2024,MM1,22934.0,104807.0,26,16,1407.0,18,0,8,1213.0,2113,3326.0,197,963,506,447,953,3.4245283018867925,5.289090433417633,1.544472688546196,0.6773276474769012,61.34996075695474,0.3076923076923077,0.0
20703,Whitehorse - West,VIC,2024,MM1,19845.0,118702.0,22,10,1181.0,9,0,13,1027.0,1922,2949.0,161,886,533,342,875,3.657407407407407,5.175107079868985,1.414965986394558,0.7408975444538527,59.511211892164276,0.5909090909090909,-4.0
20801,Bayside,VIC,2024,MM1,22811.0,106118.0,34,15,1322.0,10,1,23,1207.0,843,2050.0,28,258,291,266,557,3.625,5.2913068256542894,1.4596708484563556,0.42133131618759456,57.954495638069346,0.6764705882352942,0.0
20802,Glen Eira,VIC,2024,MM1,26617.0,169145.0,34,19,1659.0,18,4,12,1475.0,1762,3237.0,17,591,628,526,1154,3.574324324324324,5.541571176315888,1.5503828621828952,0.6955997588908981,62.328586993274975,0.35294117647058826,-3.0
20803,Kingston,VIC,2024,MM1,23419.0,128877.0,29,16,1160.0,6,4,19,1035.0,1339,2374.0,41,483,497,318,815,3.6767241379310347,4.419488449549512,1.2020179604870886,0.7025862068965517,49.53243093214911,0.6551724137931034,-3.0
20804,Stonnington - East,VIC,2024,MM1,8002.0,45418.0,16,7,704.0,10,0,6,627.0,317,944.0,2,109,104,102,206,3.5673076923076925,7.83554111472132,2.1964859189515287,0.29261363636363635,87.97800549862535,0.375,1.0
20901,Banyule,VIC,2024,MM1,24705.0,131931.0,21,13,1302.0,9,1,11,1044.0,1535,2579.0,156,741,396,242,638,3.4895833333333335,4.225865209471767,1.2109942092814614,0.49001536098310294,52.701882210078935,0.5238095238095238,-2.0
20902,Darebin - North,VIC,2024,MM1,14902.0,103420.0,28,13,1059.0,11,5,12,916.0,1642,2558.0,59,827,477,279,756,3.611111111111111,6.146825929405448,1.7021979496815087,0.7138810198300283,71.06428667292981,0.42857142857142855,4.0
20903,Nillumbik - Kinglake,VIC,2024,MM1,12277.0,68092.0,9,6,575.0,3,1,5,476.0,344,820.0,16,136,109,83,192,3.3958333333333335,3.877168689419239,1.1417429269455428,0.3339130434782609,46.83554614319459,0.5555555555555556,1.0
20904,Whittlesea - Wallan,VIC,2024,MM1,35118.0,281619.0,32,15,1663.0,16,0,16,1439.0,2185,3624.0,67,993,680,445,1125,3.610632183908046,4.097613759325702,1.1348743241108987,0.6764882742032472,47.354632951762625,0.5,-3.0
21001,Keilor,VIC,2024,MM1,13444.0,64063.0,9,8,682.0,4,1,4,555.0,1115,1670.0,12,442,372,289,661,3.635057471264368,4.128235644153526,1.135672730565555,0.969208211143695,50.728949717346026,0.4444444444444444,0.0
21002,Macedon Ranges,VIC,2024,MM3,6261.0,35115.0,2,2,157.0,1,0,1,144.0,153,297.0,8,39,52,54,106,3.25,2.299952084331576,0.7076775644097157,0.6751592356687898,25.075866475003995,0.5,0.0
21003,Moreland - North,VIC,2024,MM1,11395.0,85970.0,13,11,1128.0,4,0,9,869.0,1310,2179.0,20,507,429,354,783,3.3947368421052633,7.626151820974111,2.246463327108653,0.6941489361702128,98.99078543220712,0.6923076923076923,0.0
21004,Sunbury,VIC,2024,MM1,7266.0,50000.0,3,2,192.0,2,0,1,186.0,304,490.0,1,98,96,109,205,3.1875,2.559867877786953,0.8030958047959068,1.0677083333333333,26.424442609413706,0.3333333333333333,-1.0
21005,Tullamarine - Broadmeadows,VIC,2024,MM1,23007.0,228673.0,20,10,707.0,8,2,10,621.0,1706,2327.0,13,435,630,628,1258,3.5675675675675675,2.6991785108879904,0.7565879159307246,1.7793493635077793,30.72977789368453,0.5,0.0
21101,Knox,VIC,2024,MM1,30065.0,163339.0,32,19,1621.0,19,1,12,1433.0,2262,3695.0,208,1049,576,429,1005,3.539473684210526,4.766339597538667,1.3466238268138986,0.6199876619370759,53.916514219191754,0.375,-3.0
21102,Manningham - East,VIC,2024,MM1,5661.0,27016.0,3,3,315.0,2,0,1,303.0,304,607.0,28,132,69,75,144,3.5,5.352411234764176,1.5292603527897646,0.45714285714285713,55.64387917329094,0.3333333333333333,-1.0
21103,Maroondah,VIC,2024,MM1,21060.0,118885.0,37,15,1330.0,22,1,14,1198.0,1747,2945.0,181,865,404,297,701,3.5,5.688509021842355,1.6252882919549587,0.5270676691729324,63.15289648622982,0.3783783783783784,2.0
21104,Whitehorse - East,VIC,2024,MM1,12798.0,65543.0,10,5,788.0,5,0,5,649.0,1079,1728.0,114,504,259,202,461,3.486111111111111,5.071104860134397,1.454659561472815,0.5850253807106599,61.572120643850596,0.5,0.0
21105,Yarra Ranges,VIC,2024,MM1,29387.0,159320.0,19,14,1203.0,9,2,8,930.0,2156,3086.0,246,1080,533,297,830,3.7058823529411766,3.164664647633307,0.8539571271391463,0.6899418121363259,40.936468506482456,0.42105263157894735,0.0
21201,Cardinia,VIC,2024,MM1,16656.0,130536.0,16,9,766.0,9,3,4,713.0,605,1318.0,13,230,221,141,362,3.4571428571428573,4.28073967339097,1.2382304840387104,0.4725848563968668,45.989433237271854,0.25,1.0
21202,Casey - North,VIC,2024,MM1,21370.0,144349.0,12,11,1213.0,2,1,9,1069.0,1441,2510.0,29,611,468,333,801,3.3488372093023258,5.002339728591483,1.4937542245099567,0.6603462489694971,56.761815629386994,0.75,-1.0
21203,Casey - South,VIC,2024,MM1,23456.0,261066.0,12,7,742.0,5,0,7,697.0,1306,2003.0,32,522,412,340,752,3.223333333333333,2.9715211459754434,0.9218783286376764,1.013477088948787,31.633697135061396,0.5833333333333334,2.0
21204,Dandenong,VIC,2024,MM1,33736.0,204942.0,37,19,1820.0,20,5,12,1606.0,3144,4750.0,107,1180,1164,693,1857,3.5274122807017543,4.760493241640977,1.3495709780468048,1.0203296703296703,53.94830448185914,0.32432432432432434,-3.0
21205,Monash,VIC,2024,MM1,33569.0,201180.0,55,23,2357.0,15,0,40,2073.0,3229,5302.0,270,1459,816,684,1500,3.436046511627907,6.17534034376955,1.7972225704371618,0.6364022061943148,70.21358991927075,0.7272727272727273,5.0
21301,Brimbank,VIC,2024,MM1,31568.0,189454.0,36,16,1248.0,22,0,14,1162.0,2624,3786.0,24,1091,980,529,1509,3.4791666666666665,3.6809427268119617,1.0579955142932584,1.2091346153846154,39.533705017739486,0.3888888888888889,-3.0
21302,Hobsons Bay,VIC,2024,MM1,15125.0,90765.0,9,9,859.0,3,0,6,744.0,886,1630.0,5,381,323,177,500,3.3194444444444446,4.91900826446281,1.4818769667000933,0.5820721769499418,56.79338842975207,0.6666666666666666,0.0
21303,Maribyrnong,VIC,2024,MM1,10003.0,94251.0,29,7,599.0,22,1,6,523.0,885,1408.0,3,390,304,188,492,3.419642857142857,5.228431470558832,1.528940795568118,0.8213689482470785,59.882035389383184,0.20689655172413793,-1.0
21304,Melton - Bacchus Marsh,VIC,2024,MM1,22960.0,239306.0,9,7,637.0,3,1,5,606.0,1231,1837.0,16,547,432,236,668,3.6739130434782608,2.6393728222996513,0.718409170566769,1.0486656200941915,27.743902439024392,0.5555555555555556,1.0
21305,Wyndham,VIC,2024,MM1,26311.0,341877.0,19,11,1286.0,8,1,10,1073.0,1131,2204.0,10,484,412,225,637,3.4166666666666665,4.078142221884383,1.1936026015271364,0.4953343701399689,48.87689559499829,0.5263157894736842,2.0
21401,Frankston,VIC,2024,MM1,24235.0,144615.0,28,14,1366.0,15,1,12,1243.0,1395,2638.0,25,581,419,370,789,3.5045454545454544,5.128945739632763,1.4635124030080517,0.5775988286969254,56.364761708273164,0.42857142857142855,0.0
21402,Mornington Peninsula,VIC,2024,MM1,48518.0,171450.0,36,25,2625.0,10,2,24,2115.0,2666,4781.0,85,1313,750,518,1268,3.6503623188405796,4.359206892287398,1.1941847168946123,0.48304761904761906,54.10363164186487,0.6666666666666666,3.0
21501,Grampians,VIC,2024,MM5,15308.0,59413.0,42,31,891.0,11,28,3,749.0,762,1511.0,29,441,205,87,292,3.9381720430107525,4.892866475045728,1.2424207021959117,0.3277216610549944,58.204860203814995,0.07142857142857142,-1.0
21502,Mildura,VIC,2024,MM3,11666.0,57626.0,24,8,656.0,17,2,5,547.0,1107,1654.0,89,598,266,154,420,3.3839285714285716,4.688839362249271,1.3856200753876473,0.6402439024390244,56.23178467340991,0.20833333333333334,0.0
21503,Murray River - Swan Hill,VIC,2024,MM5,9315.0,37454.0,18,17,578.0,5,12,1,451.0,415,866.0,9,207,128,71,199,4.036885245901639,4.841653247450349,1.1993536978455688,0.34429065743944637,62.05045625335481,0.05555555555555555,0.0
21601,Campaspe,VIC,2024,MM5,9931.0,38317.0,15,10,570.0,7,7,1,474.0,604,1078.0,32,283,172,117,289,3.731981981981982,4.772933239351525,1.2789271926807948,0.5070175438596491,57.39603262511328,0.06666666666666667,-1.0
21602,Moira,VIC,2024,MM4,8818.0,30836.0,14,9,416.0,3,9,2,368.0,386,754.0,73,220,69,24,93,3.826388888888889,4.173281923338625,1.090658070709187,0.22355769230769232,47.17623043774098,0.14285714285714285,-1.0
21603,Shepparton,VIC,2024,MM3,13820.0,69684.0,50,11,752.0,37,12,1,672.0,613,1285.0,99,330,131,53,184,3.3806818181818183,4.862518089725036,1.438324678641355,0.24468085106382978,54.41389290882779,0.02,0.0
21701,Glenelg - Southern Grampians,VIC,2024,MM5,9986.0,36591.0,17,12,519.0,3,13,1,451.0,779,1230.0,12,388,225,154,379,4.067708333333333,4.51632285199279,1.1102867958804299,0.7302504816955684,51.97276186661326,0.058823529411764705,-1.0
21703,Colac - Corangamite,VIC,2024,MM5,9786.0,38110.0,20,12,459.0,6,11,3,355.0,521,876.0,9,203,188,121,309,4.091666666666667,3.6276313100347437,0.8865901368720351,0.673202614379085,46.90374003678725,0.15,-1.0
21704,Warrnambool,VIC,2024,MM3,11967.0,53856.0,24,8,585.0,14,7,3,534.0,953,1487.0,9,408,307,229,536,3.40625,4.462271245926297,1.310024585960014,0.9162393162393162,48.88443218851843,0.125,0.0
30101,Capalaba,QLD,2024,MM1,14360.0,76556.0,16,7,702.0,6,0,10,615.0,489,1104.0,22,160,202,105,307,3.6,4.282729805013927,1.1896471680594243,0.4373219373219373,48.8857938718663,0.625,0.0
30102,Cleveland - Stradbroke,QLD,2024,MM1,24030.0,101572.0,14,10,1020.0,10,1,3,946.0,1174,2120.0,82,518,388,186,574,3.668918918918919,3.936745734498544,1.0729988373955517,0.5627450980392157,42.44694132334582,0.21428571428571427,0.0
30103,Wynnum - Manly,QLD,2024,MM1,12001.0,76920.0,9,5,509.0,6,0,3,468.0,484,952.0,29,199,172,84,256,3.6375,3.8996750270810767,1.07207560881954,0.5029469548133595,42.41313223898008,0.3333333333333333,0.0
30201,Bald Hills - Everton Park,QLD,2024,MM1,7834.0,49958.0,4,4,503.0,2,0,2,494.0,392,886.0,10,147,133,102,235,3.7435897435897436,6.305846310952259,1.6844383981310829,0.4671968190854871,64.20730150625478,0.5,-2.0
30202,Chermside,QLD,2024,MM1,12215.0,79106.0,14,7,736.0,12,0,2,706.0,774,1480.0,26,311,275,162,437,3.5434782608695654,5.77977896029472,1.6311032648684485,0.59375,60.253786328284896,0.14285714285714285,2.0
30203,Nundah,QLD,2024,MM1,6094.0,46663.0,11,3,319.0,10,0,1,310.0,351,661.0,11,142,118,80,198,3.55,5.08697079094191,1.432949518575186,0.6206896551724138,52.34657039711192,0.09090909090909091,1.0
30204,Sandgate,QLD,2024,MM1,11020.0,64927.0,13,7,801.0,6,2,5,685.0,636,1321.0,24,238,229,145,374,3.8660714285714284,6.215970961887477,1.6078262072318648,0.46691635455680397,72.68602540834846,0.38461538461538464,0.0
30301,Carindale,QLD,2024,MM1,8633.0,58034.0,7,4,473.0,2,0,5,451.0,373,824.0,12,120,150,91,241,3.609375,5.224139928182555,1.4473807593233052,0.5095137420718816,54.78976022240241,0.7142857142857143,1.0
30302,Holland Park - Yeronga,QLD,2024,MM1,9679.0,85824.0,12,8,714.0,4,0,8,670.0,485,1155.0,17,144,200,124,324,3.8125,6.922202706891207,1.8156597263976937,0.453781512605042,73.76795123463167,0.6666666666666666,0.0
30303,Mt Gravatt,QLD,2024,MM1,11624.0,86540.0,28,7,794.0,19,1,8,661.0,615,1276.0,25,245,215,130,345,3.46875,5.686510667584308,1.6393544266909716,0.4345088161209068,68.30695113558156,0.2857142857142857,-1.0
30304,Nathan,QLD,2024,MM1,5429.0,43252.0,5,1,136.0,3,0,2,121.0,300,421.0,11,105,106,78,184,3.5,2.2287714127832015,0.6367918322237719,1.3529411764705883,25.050653895745075,0.4,0.0
30305,Rocklea - Acacia Ridge,QLD,2024,MM1,8570.0,77485.0,11,7,684.0,6,0,5,664.0,382,1046.0,14,146,127,95,222,3.7410714285714284,7.747957992998833,2.0710532105390675,0.32456140350877194,79.81330221703617,0.45454545454545453,0.0
30306,Sunnybank,QLD,2024,MM1,7830.0,54686.0,9,4,375.0,6,0,3,360.0,480,840.0,24,184,175,97,272,3.525,4.597701149425287,1.3043123828156844,0.7253333333333334,47.89272030651341,0.3333333333333333,1.0
30401,Centenary,QLD,2024,MM1,6416.0,33928.0,8,7,474.0,6,0,2,445.0,278,723.0,18,100,100,60,160,3.5795454545454546,6.935785536159601,1.9376162767683964,0.33755274261603374,73.8778054862843,0.25,1.0
30402,Kenmore - Brookfield - Moggill,QLD,2024,MM1,8555.0,50031.0,5,4,462.0,5,0,0,443.0,317,760.0,10,107,111,89,200,3.53125,5.178258328462887,1.466409438148782,0.4329004329004329,54.003506721215665,0.0,0.0
30403,Sherwood - Indooroopilly,QLD,2024,MM1,8037.0,60753.0,5,4,406.0,4,0,1,387.0,266,653.0,8,100,94,64,158,3.7,4.8152295632698765,1.301413395478345,0.3891625615763547,50.5163618265522,0.2,2.0
30404,The Gap - Enoggera,QLD,2024,MM1,8284.0,57852.0,7,5,581.0,5,0,2,560.0,391,951.0,10,136,147,98,245,3.725,6.760019314340898,1.8147702857291002,0.42168674698795183,70.13520038628681,0.2857142857142857,-1.0
30501,Brisbane Inner,QLD,2024,MM1,9915.0,104824.0,26,5,467.0,20,0,6,397.0,276,673.0,2,86,103,85,188,3.9128787878787876,4.004034291477559,1.0232962758471207,0.4025695931477516,47.10035300050429,0.23076923076923078,-2.0
30502,Brisbane Inner - East,QLD,2024,MM1,4883.0,48286.0,4,2,283.0,1,0,3,248.0,157,405.0,3,55,58,41,99,3.59375,5.078844972353061,1.4132438183938953,0.3498233215547703,57.95617448289986,0.75,1.0
30503,Brisbane Inner - North,QLD,2024,MM1,12223.0,111024.0,21,8,896.0,14,0,7,722.0,448,1170.0,6,172,153,117,270,3.6333333333333333,5.9068968338378465,1.6257514221572054,0.3013392857142857,73.3044260819766,0.3333333333333333,0.0
30504,Brisbane Inner - West,QLD,2024,MM1,7012.0,65676.0,12,4,325.0,8,0,4,243.0,251,494.0,5,91,99,56,155,3.955128205128205,3.465487735310896,0.8762011129797405,0.47692307692307695,46.34911580148317,0.3333333333333333,2.0
30601,Cairns - North,QLD,2024,MM2,10408.0,62644.0,6,3,432.0,2,0,4,403.0,574,977.0,12,315,179,68,247,3.5,3.8720215219062255,1.1062918634017787,0.5717592592592593,41.5065334358186,0.6666666666666666,1.0
30602,Cairns - South,QLD,2024,MM2,17632.0,111695.0,27,9,1013.0,16,2,9,955.0,1295,2250.0,22,697,395,181,576,3.4166666666666665,5.416288566243194,1.5852551901199594,0.5686080947680158,57.45235934664247,0.3333333333333333,-2.0
30603,Innisfail - Cassowary Coast,QLD,2024,MM5,8561.0,36814.0,11,5,338.0,10,1,0,244.0,569,813.0,20,316,182,51,233,3.621794871794872,2.850134330101624,0.7869397442404484,0.6893491124260355,39.48136899894872,0.0,-4.0
30604,Port Douglas - Daintree,QLD,2024,MM5,2826.0,12974.0,3,3,145.0,2,1,0,108.0,186,294.0,2,92,77,15,92,3.71875,3.821656050955414,1.0276722153829685,0.6344827586206897,51.30927105449398,0.0,2.0
30605,Tablelands (East) - Kuranda,QLD,2024,MM4,11509.0,45272.0,9,3,294.0,9,0,0,253.0,679,932.0,15,361,223,80,303,3.7291666666666665,2.1982796072638804,0.5894827997132194,1.030612244897959,25.545225475714656,0.0,-1.0
30701,Darling Downs (West) - Maranoa,QLD,2024,MM4,8357.0,45687.0,22,15,416.0,11,10,1,302.0,319,621.0,28,151,91,49,140,3.9296875,3.6137369869570417,0.9195990742157084,0.33653846153846156,49.778628694507596,0.045454545454545456,-1.0
30702,Darling Downs - East,QLD,2024,MM5,9524.0,44607.0,16,11,576.0,10,6,0,498.0,597,1095.0,82,306,158,51,209,3.9791666666666665,5.228895422091559,1.314067959478507,0.3628472222222222,60.478790424191516,0.0,2.0
30703,Granite Belt,QLD,2024,MM5,11731.0,43323.0,19,10,512.0,17,2,0,477.0,673,1150.0,69,311,198,95,293,3.95,4.06614951837013,1.0294049413595265,0.572265625,43.64504304833348,0.0,0.0
30801,Central Highlands (Qld),QLD,2024,MM4,3224.0,30434.0,8,4,105.0,5,3,0,51.0,140,191.0,5,35,69,31,100,3.8125,1.5818858560794045,0.41492088028312246,0.9523809523809523,32.5682382133995,0.0,-1.0
30803,Rockhampton,QLD,2024,MM2,23759.0,128183.0,29,14,1095.0,21,4,4,960.0,2222,3182.0,54,826,997,345,1342,3.5673076923076925,4.040574098236458,1.1326676717428346,1.2255707762557078,46.087798308009596,0.13793103448275862,0.0
30804,Biloela,QLD,2024,MM4,2510.0,15053.0,14,5,118.0,9,5,0,88.0,133,221.0,2,48,59,24,83,3.875,3.5059760956175303,0.9047680246754917,0.7033898305084746,47.01195219123506,0.0,-2.0
30805,Gladstone,QLD,2024,MM3,10359.0,68065.0,9,3,220.0,8,0,1,212.0,551,763.0,7,191,259,94,353,3.7569444444444446,2.04652958779805,0.5447324595987415,1.6045454545454545,21.23757119413071,0.1111111111111111,0.0
30901,Broadbeach - Burleigh,QLD,2024,MM1,13926.0,72394.0,5,4,469.0,2,0,3,419.0,484,903.0,19,192,161,112,273,3.4166666666666665,3.00876059169898,0.8806128561070186,0.582089552238806,33.67801235099813,0.6,1.0
30902,Coolangatta,QLD,2024,MM1,12049.0,61846.0,23,5,503.0,21,0,2,478.0,417,895.0,19,152,154,92,246,3.4375,3.9671342020084657,1.1540754042206445,0.48906560636182905,41.74620300439871,0.08695652173913043,0.0
30903,Gold Coast - North,QLD,2024,MM1,19211.0,73375.0,15,12,1102.0,8,0,7,1017.0,746,1763.0,31,269,253,193,446,3.5677083333333335,5.293842069647598,1.4838214268209324,0.4047186932849365,57.36296913226798,0.4666666666666667,6.0
30904,Gold Coast Hinterland,QLD,2024,MM1,4591.0,21266.0,1,1,41.0,0,0,1,37.0,117,154.0,4,37,40,36,76,3.25,0.8059246351557395,0.24797681081715062,1.853658536585366,8.930516227401437,1.0,0.0
30905,Mudgeeraba - Tallebudgera,QLD,2024,MM1,5593.0,38104.0,7,4,383.0,6,0,1,364.0,147,511.0,8,60,39,40,79,3.421875,6.508135168961202,1.9019207799703968,0.206266318537859,68.47845521187199,0.14285714285714285,0.0
30906,Nerang,QLD,2024,MM1,12507.0,73356.0,8,3,247.0,6,0,2,220.0,475,695.0,21,200,155,99,254,3.6287878787878785,1.759014951627089,0.4847389845819953,1.0283400809716599,19.748940593267772,0.25,-1.0
30907,Ormeau - Oxenford,QLD,2024,MM1,22174.0,180138.0,14,8,800.0,1,0,13,740.0,686,1426.0,20,260,240,166,406,3.4516129032258065,3.3372418147379816,0.9668644509988544,0.5075,36.078289889059256,0.9285714285714286,0.0
30908,Robina,QLD,2024,MM1,10276.0,57708.0,9,6,710.0,4,0,5,673.0,439,1112.0,16,159,146,118,264,3.2458333333333336,6.549240949785909,2.0177379049404593,0.37183098591549296,69.09303230829117,0.5555555555555556,0.0
30909,Southport,QLD,2024,MM1,12303.0,68651.0,18,12,1125.0,8,0,10,1044.0,615,1659.0,19,263,195,138,333,3.5797872340425534,8.485735186539868,2.370457971871464,0.296,91.441111923921,0.5555555555555556,-5.0
30910,Surfers Paradise,QLD,2024,MM1,11509.0,51179.0,7,1,72.0,2,1,4,51.0,278,329.0,12,122,70,74,144,3.5625,0.4431314623338257,0.12438777890072301,2.0,6.255973585889304,0.5714285714285714,0.0
31001,Forest Lake - Oxley,QLD,2024,MM1,10609.0,85221.0,20,3,416.0,4,0,16,353.0,753,1106.0,29,265,280,179,459,3.2916666666666665,3.327363559242153,1.010844625592553,1.1033653846153846,39.21198981996418,0.8,-5.0
31002,Ipswich Hinterland,QLD,2024,MM5,14874.0,73245.0,12,6,404.0,12,0,0,361.0,608,969.0,93,268,156,91,247,3.7604166666666665,2.427053919591233,0.645421540943929,0.6113861386138614,27.161489848057013,0.0,-1.0
31003,Ipswich Inner,QLD,2024,MM1,18511.0,129524.0,26,9,973.0,23,1,2,906.0,734,1640.0,82,364,192,96,288,3.6597222222222223,4.894387121171196,1.3373657408892832,0.2959917780061665,52.56334071633083,0.07692307692307693,1.0
31004,Springfield - Redbank,QLD,2024,,9843.0,120789.0,3,0,0.0,0,0,3,,406,406.0,58,175,118,55,173,,,,,0.0,1.0,0.0
31101,Beaudesert,QLD,2024,MM4,3766.0,16114.0,8,2,227.0,8,0,0,214.0,214,428.0,6,84,77,47,124,3.40625,5.682421667551779,1.6682338840518984,0.5462555066079295,60.276155071694106,0.0,-1.0
31102,Beenleigh,QLD,2024,MM1,8014.0,52458.0,6,3,248.0,5,0,1,243.0,407,650.0,14,163,133,97,230,3.5625,3.0321936610930873,0.8511420803068315,0.9274193548387096,30.94584477164961,0.16666666666666666,-1.0
31103,Browns Plains,QLD,2024,MM1,12298.0,111625.0,5,5,550.0,2,0,3,496.0,634,1130.0,31,252,227,124,351,3.5375,4.033176126199383,1.1401204597030057,0.6381818181818182,44.72271914132379,0.6,1.0
31104,Jimboomba,QLD,2024,MM2,8121.0,75673.0,1,1,144.0,0,0,1,142.0,262,404.0,4,88,103,67,170,3.3333333333333335,1.7485531338505111,0.5245659401551533,1.1805555555555556,17.73180642777983,1.0,
31105,Loganlea - Carbrook,QLD,2024,MM1,10748.0,69034.0,12,7,767.0,8,0,4,733.0,602,1335.0,31,238,204,129,333,3.3541666666666665,6.819873464830666,2.033254200694857,0.43415906127770537,71.36211388165239,0.3333333333333333,0.0
31106,Springwood - Kingston,QLD,2024,MM1,11959.0,83549.0,18,5,573.0,5,0,13,549.0,655,1204.0,18,226,241,170,411,3.4166666666666665,4.590684839869554,1.3436150750837719,0.7172774869109948,47.91370515929425,0.7222222222222222,1.0
31201,Bowen Basin - North,QLD,2024,MM4,4779.0,38247.0,12,4,205.0,9,3,0,137.0,149,286.0,9,64,54,22,76,3.59375,2.8667085164260304,0.7976928045707216,0.37073170731707317,42.89600334798075,0.0,-1.0
31202,Mackay,QLD,2024,MM2,20772.0,128361.0,23,9,866.0,18,2,3,802.0,503,1305.0,20,259,161,63,224,3.4142156862745097,3.860966685923358,1.1308502568964323,0.2586605080831409,41.69073753129213,0.13043478260869565,1.0
31203,Whitsunday,QLD,2024,MM5,3995.0,25694.0,3,1,103.0,2,1,0,96.0,53,149.0,3,28,15,7,22,3.875,2.4030037546933665,0.6201300012111913,0.21359223300970873,25.782227784730914,0.0,0.0
31301,Bribie - Beachmere,QLD,2024,MM2,16643.0,39789.0,6,3,314.0,5,0,1,292.0,917,1209.0,51,383,312,171,483,3.3333333333333335,1.754491377756414,0.5263474133269241,1.5382165605095541,18.866790842997055,0.16666666666666666,0.0
31302,Caboolture,QLD,2024,MM1,14147.0,91946.0,19,10,1273.0,8,0,11,1189.0,946,2135.0,44,379,357,166,523,3.46875,8.404608750971937,2.4229502705504684,0.410840534171249,89.98374213614194,0.5789473684210527,1.0
31303,Caboolture Hinterland,QLD,2024,MM2,3183.0,16536.0,2,2,115.0,1,0,1,112.0,132,244.0,3,40,45,44,89,3.6875,3.5186930568645933,0.9542218459293812,0.7739130434782608,36.12943763744895,0.5,0.0
31304,Narangba - Burpengary,QLD,2024,MM1,12139.0,76186.0,6,6,613.0,1,0,5,588.0,696,1284.0,33,269,269,125,394,3.475,4.843891589093006,1.3939256371490663,0.6427406199021207,50.49839360738117,0.8333333333333334,2.0
31305,Redcliffe,QLD,2024,MM1,17901.0,68075.0,18,10,966.0,12,1,5,856.0,1055,1911.0,35,455,358,207,565,3.8416666666666663,4.781855762247919,1.244734688654556,0.5848861283643892,53.963465728171606,0.2777777777777778,-1.0
31401,The Hills District,QLD,2024,MM1,14423.0,95502.0,4,2,170.0,1,0,3,160.0,567,727.0,13,209,220,125,345,2.96875,1.1093392498093322,0.3736721683568277,2.0294117647058822,11.786729529224155,0.75,0.0
31402,North Lakes,QLD,2024,MM1,10531.0,97949.0,14,6,586.0,6,0,8,554.0,756,1310.0,31,315,264,146,410,3.65625,5.260659006741999,1.4388127197926837,0.6996587030716723,55.645237869148225,0.5714285714285714,1.0
31403,Strathpine,QLD,2024,MM1,6298.0,42951.0,6,3,310.0,2,0,4,248.0,348,596.0,18,106,141,83,224,3.59375,3.9377580184185454,1.0957239703425519,0.7225806451612903,49.22197523023182,0.6666666666666666,1.0
31501,Far North,QLD,2024,MM5,3905.0,33703.0,16,5,117.0,3,12,1,58.0,254,312.0,4,143,82,25,107,3.7708333333333335,1.4852752880921896,0.39388515927306683,0.9145299145299145,29.96158770806658,0.0625,0.0
31502,Outback - North,QLD,2024,MM6,3111.0,31095.0,17,6,150.0,10,7,0,44.0,109,153.0,5,57,29,18,47,3.8125,1.4143362262937962,0.37097343640493013,0.31333333333333335,48.216007714561236,0.0,0.0
31503,Outback - South,QLD,2024,MM7,3582.0,17629.0,19,9,200.0,8,11,0,77.0,140,217.0,15,77,32,16,48,3.84375,2.14963707426019,0.5592551737912689,0.24,55.83472920156337,0.0,-1.0
31601,Buderim,QLD,2024,MM1,13064.0,62952.0,8,4,505.0,6,0,2,467.0,1304,1771.0,31,403,444,426,870,3.475,3.574709124311084,1.0286932731830458,1.7227722772277227,38.65584813227189,0.25,-1.0
31602,Caloundra,QLD,2024,MM1,24535.0,106532.0,34,16,1611.0,15,0,19,1437.0,2265,3702.0,47,657,775,786,1561,3.711111111111111,5.8569390666394945,1.5782171137651333,0.9689633767846059,65.66130018341146,0.5588235294117647,3.0
31603,Maroochy,QLD,2024,MM1,16682.0,67971.0,25,11,1181.0,16,0,9,1128.0,1195,2323.0,18,331,391,455,846,3.602272727272727,6.7617791631698845,1.8770869601228704,0.7163420829805249,70.79486872077688,0.36,0.0
31605,Noosa,QLD,2024,MM1,13118.0,49262.0,10,6,768.0,3,0,7,584.0,858,1442.0,14,225,289,330,619,3.380952380952381,4.451898155206586,1.3167586092864552,0.8059895833333334,58.5455099862784,0.7,3.0
31606,Sunshine Coast Hinterland,QLD,2024,MM1,14275.0,67521.0,6,3,252.0,6,0,0,246.0,1009,1255.0,19,331,319,340,659,3.8055555555555554,1.723292469352014,0.4528359773479745,2.615079365079365,17.65323992994746,0.0,0.0
31607,Nambour,QLD,2024,MM1,10401.0,54392.0,14,8,531.0,10,2,2,438.0,964,1402.0,27,276,327,334,661,3.84375,4.211133544851457,1.0955794588231431,1.2448210922787193,51.052783386212866,0.14285714285714285,-1.0
31608,Noosa Hinterland,QLD,2024,MM2,6505.0,25972.0,3,1,90.0,2,0,1,80.0,359,439.0,4,100,110,145,255,3.5625,1.2298232129131437,0.3452135334493035,2.8333333333333335,13.835511145272866,0.3333333333333333,0.0
31701,Toowoomba,QLD,2024,MM2,32904.0,173649.0,37,17,1682.0,26,2,9,1528.0,2469,3997.0,212,1159,724,374,1098,3.618872549019608,4.643812302455628,1.283220737827224,0.652794292508918,51.11840505713591,0.24324324324324326,-1.0
31801,Charters Towers - Ayr - Ingham,QLD,2024,MM4,10374.0,42642.0,16,7,553.0,11,2,3,456.0,642,1098.0,11,224,240,167,407,3.5714285714285716,4.395604395604396,1.2307692307692308,0.7359855334538878,53.306342780026995,0.1875,-2.0
31802,Townsville,QLD,2024,MM2,30551.0,204592.0,31,12,1275.0,25,2,4,1167.0,2093,3260.0,40,681,818,554,1372,3.5572916666666665,3.819842231023535,1.0738063079890465,1.076078431372549,41.73349481195378,0.12903225806451613,-1.0
31901,Bundaberg,QLD,2024,MM2,26703.0,100388.0,23,10,891.0,16,2,5,816.0,1632,2448.0,99,679,551,303,854,3.423611111111111,3.0558364228738344,0.8925769673302884,0.9584736251402918,33.367037411526795,0.21739130434782608,-1.0
31902,Burnett,QLD,2024,MM5,14144.0,52275.0,24,13,476.0,20,4,0,410.0,642,1052.0,90,320,169,63,232,3.7893518518518516,2.898755656108597,0.7649740033224888,0.48739495798319327,33.65384615384615,0.0,-2.0
31903,Gympie - Cooloola,QLD,2024,MM3,14930.0,57340.0,9,5,445.0,7,0,2,399.0,1550,1949.0,29,487,541,493,1034,3.5625,2.672471533824514,0.7501674480910917,2.3235955056179773,29.805760214333556,0.2222222222222222,0.0
31904,Hervey Bay,QLD,2024,MM2,21907.0,69662.0,21,9,898.0,16,0,5,822.0,1571,2393.0,138,713,467,253,720,3.4375,3.7522253161090062,1.0915564555953472,0.8017817371937639,40.9914639156434,0.23809523809523808,0.0
31905,Maryborough,QLD,2024,MM3,15430.0,51123.0,7,5,526.0,4,0,3,477.0,865,1342.0,55,379,263,168,431,3.3552631578947367,3.0913804277381725,0.9213525980709848,0.8193916349809885,34.08943616331821,0.42857142857142855,0.0
40101,Adelaide City,SA,2024,MM1,4358.0,29118.0,19,2,165.0,13,1,5,146.0,129,275.0,0,40,60,29,89,3.53125,3.3501606241395137,0.9487180528536676,0.5393939393939394,37.86140431390546,0.2631578947368421,0.0
40102,Adelaide Hills,SA,2024,MM2,16654.0,85575.0,12,10,644.0,7,3,2,595.0,587,1182.0,24,257,181,125,306,3.7756410256410255,3.572715263600336,0.9462539577617188,0.4751552795031056,38.66938873543893,0.16666666666666666,-1.0
40103,Burnside,SA,2024,MM1,11172.0,47810.0,13,5,496.0,7,0,6,476.0,510,986.0,4,149,234,123,357,3.486111111111111,4.260651629072681,1.2221789533594942,0.719758064516129,44.39670605084139,0.46153846153846156,3.0
40104,Campbelltown (SA),SA,2024,MM1,11539.0,58400.0,18,9,630.0,14,0,4,595.0,1047,1642.0,7,333,477,230,707,3.576388888888889,5.156426033451772,1.4417967938195246,1.1222222222222222,54.59745211890112,0.2222222222222222,-1.0
40105,Norwood - Payneham - St Peters,SA,2024,MM1,8215.0,40062.0,15,5,427.0,5,0,10,399.0,646,1045.0,7,210,302,127,429,3.486111111111111,4.8569689592209375,1.3932341237605876,1.0046838407494145,51.9780888618381,0.6666666666666666,-4.0
40106,Prospect - Walkerville,SA,2024,MM1,5706.0,31871.0,9,3,257.0,8,0,1,241.0,347,588.0,0,103,170,74,244,3.4166666666666665,4.223624255169996,1.2361827088302428,0.9494163424124513,45.04030844724851,0.1111111111111111,-2.0
40107,Unley,SA,2024,MM1,8917.0,40327.0,23,12,969.0,14,0,9,924.0,510,1434.0,4,132,230,144,374,3.7333333333333334,10.36222944936638,2.775597173937423,0.38596491228070173,108.66883480991365,0.391304347826087,-1.0
40201,Gawler - Two Wells,SA,2024,MM1,7738.0,41741.0,4,4,375.0,2,0,2,306.0,372,678.0,7,139,147,79,226,3.5576923076923075,3.9545102093564233,1.1115380047920758,0.6026666666666667,48.462134918583615,0.5,0.0
40202,Playford,SA,2024,MM1,14231.0,111850.0,13,9,863.0,11,0,2,810.0,1219,2029.0,45,450,487,237,724,3.2450980392156863,5.691799592439041,1.75396845446762,0.8389339513325609,60.64225985524559,0.15384615384615385,1.0
40203,Port Adelaide - East,SA,2024,MM1,11308.0,81940.0,13,10,674.0,3,2,8,611.0,1078,1689.0,60,445,386,187,573,3.45,5.403254333215423,1.5661606762943254,0.8501483679525222,59.60382030420941,0.6153846153846154,0.0
40204,Salisbury,SA,2024,MM1,23395.0,149090.0,21,14,1145.0,12,0,9,1061.0,1865,2926.0,100,788,625,352,977,3.2276785714285716,4.53515708484719,1.4050832462043852,0.8532751091703057,48.94208164137636,0.42857142857142855,0.0
40205,Tea Tree Gully,SA,2024,MM1,20826.0,99613.0,10,8,975.0,7,0,3,896.0,1572,2468.0,159,705,508,200,708,3.234375,4.302314414673965,1.3301841668557188,0.7261538461538461,46.81647940074907,0.3,-1.0
40301,Holdfast Bay,SA,2024,MM1,10410.0,37301.0,8,6,551.0,5,2,1,538.0,479,1017.0,1,108,209,161,370,3.40625,5.168107588856868,1.5172425948937596,0.6715063520871143,52.92987512007685,0.125,-2.0
40302,Marion,SA,2024,MM1,19166.0,101525.0,15,8,1021.0,12,1,2,974.0,1250,2224.0,5,267,531,447,978,3.375,5.081915892726704,1.5057528571042085,0.9578844270323212,53.271418136283,0.13333333333333333,1.0
40303,Mitcham,SA,2024,MM1,14334.0,69086.0,13,10,869.0,9,0,4,801.0,737,1538.0,3,153,322,259,581,3.664473684210526,5.588112180828799,1.5249426418060636,0.6685845799769851,60.62508720524627,0.3076923076923077,1.0
40304,Onkaparinga,SA,2024,MM1,37608.0,184219.0,19,17,1668.0,13,0,6,1606.0,2279,3885.0,7,496,992,784,1776,3.5491803278688523,4.270368006807063,1.2031983760518745,1.064748201438849,44.35226547543076,0.3157894736842105,-1.0
40401,Charles Sturt,SA,2024,MM1,24761.0,125592.0,29,16,1425.0,25,0,4,1338.0,2069,3407.0,26,587,1000,456,1456,3.4921875,5.403658979847341,1.5473564863992386,1.0217543859649123,57.550179718105085,0.13793103448275862,3.0
40402,Port Adelaide - West,SA,2024,MM1,12024.0,64699.0,8,6,569.0,6,1,1,523.0,948,1471.0,12,293,423,220,643,3.3958333333333335,4.3496340652029275,1.2808738351517823,1.1300527240773286,47.32202262142382,0.125,-4.0
40403,West Torrens,SA,2024,MM1,12071.0,69344.0,16,9,861.0,7,0,9,831.0,1094,1925.0,9,344,492,249,741,3.4652777777777777,6.884268080523569,1.9866424921751382,0.8606271777003485,71.32797614116478,0.5625,0.0
40501,Barossa,SA,2024,MM4,8916.0,40361.0,12,6,351.0,11,1,0,329.0,308,637.0,10,133,111,54,165,3.6979166666666665,3.6899955136832663,0.9978579417284326,0.4700854700854701,39.36742934051144,0.0,0.0
40502,Lower North,SA,2024,MM5,6302.0,23244.0,14,11,394.0,8,6,0,316.0,290,606.0,24,152,85,29,114,3.9722222222222223,5.014281180577594,1.2623365209845692,0.2893401015228426,62.51983497302444,0.0,0.0
40503,Mid North,SA,2024,MM5,7271.0,27705.0,16,11,388.0,10,6,0,311.0,352,663.0,20,197,111,24,135,3.8680555555555554,4.277265850639527,1.1057922486393033,0.3479381443298969,53.36267363498831,0.0,-1.0
40504,Yorke Peninsula,SA,2024,MM5,10029.0,28460.0,12,8,365.0,9,2,1,338.0,342,680.0,10,181,110,41,151,3.7232142857142856,3.37022634360355,0.9051926870110254,0.4136986301369863,36.39445607737561,0.08333333333333333,-1.0
40601,Eyre Peninsula and South West,SA,2024,MM3,12856.0,59406.0,23,14,489.0,11,11,1,245.0,1046,1291.0,154,602,239,51,290,3.390625,1.9057249533291847,0.5620571290924784,0.5930470347648262,38.03671437461108,0.043478260869565216,-1.0
40602,Outback - North and East,SA,2024,MM4,4201.0,26540.0,10,5,216.0,4,4,2,107.0,380,487.0,35,180,138,27,165,3.65625,2.547012616043799,0.6966188351572784,0.7638888888888888,51.416329445370145,0.2,0.0
40701,Fleurieu - Kangaroo Island,SA,2024,MM3,21464.0,59364.0,15,10,766.0,11,2,2,629.0,1394,2023.0,84,669,448,193,641,3.298611111111111,2.9304882594111072,0.8884006512741041,0.8368146214099217,35.687663063734625,0.13333333333333333,0.0
40702,Limestone Coast,SA,2024,MM3,15805.0,69336.0,16,13,726.0,8,7,1,590.0,666,1256.0,47,379,193,47,240,3.621031746031746,3.732995887377412,1.0309205080757347,0.3305785123966942,45.93483074976273,0.0625,-1.0
40703,Murray and Mallee,SA,2024,MM5,19118.0,74432.0,22,16,825.0,10,12,0,617.0,1447,2064.0,30,514,541,362,903,3.49375,3.227325033999372,0.92374240686923,1.0945454545454545,43.153049482163404,0.0,-5.0
50101,Augusta - Margaret River - Busselton,WA,2024,MM3,14577.0,64288.0,11,6,499.0,9,1,1,376.0,394,770.0,3,43,122,226,348,3.439814814814815,2.579405913425259,0.7498676679675046,0.6973947895791583,34.23200932976607,0.09090909090909091,1.0
50102,Bunbury,WA,2024,MM2,23037.0,116367.0,32,10,814.0,26,1,5,731.0,811,1542.0,0,126,300,385,685,3.2083333333333335,3.1731562269392715,0.9890357070979547,0.8415233415233415,35.33446195251118,0.15625,1.0
50103,Manjimup,WA,2024,MM5,6641.0,25541.0,9,7,171.0,4,4,1,132.0,200,332.0,1,32,76,91,167,3.347222222222222,1.9876524619786178,0.5938214824168485,0.9766081871345029,25.749134166541182,0.1111111111111111,0.0
50201,Mandurah,WA,2024,MM1,31253.0,122716.0,15,10,860.0,13,0,2,819.0,1326,2145.0,24,443,575,284,859,3.5675675675675675,2.6205484273509745,0.7345476652423186,0.9988372093023256,27.517358333599972,0.13333333333333333,0.0
50301,Cottesloe - Claremont,WA,2024,MM1,16064.0,80258.0,17,11,956.0,6,1,10,822.0,558,1380.0,4,122,209,223,432,3.65625,5.11703187250996,1.3995300847890488,0.45188284518828453,59.51195219123506,0.5882352941176471,2.0
50302,Perth City,WA,2024,MM1,17257.0,126934.0,50,24,1780.0,25,1,24,1616.0,682,2298.0,9,121,246,306,552,3.765625,9.364315929767631,2.4867892925524,0.3101123595505618,103.14654922640088,0.48,0.0
50401,Bayswater - Bassendean,WA,2024,MM1,15684.0,92363.0,15,11,775.0,10,1,4,719.0,873,1592.0,5,141,352,375,727,3.471491228070175,4.584289722009691,1.3205534511916737,0.9380645161290323,49.41341494516705,0.26666666666666666,1.0
50402,Mundaring,WA,2024,MM1,9643.0,47861.0,2,2,167.0,1,0,1,163.0,362,525.0,2,80,128,152,280,2.857142857142857,1.6903453282173595,0.5916208648760758,1.6766467065868262,17.31826195167479,0.5,1.0
50403,Swan,WA,2024,MM1,20121.0,173599.0,15,8,714.0,7,1,7,675.0,862,1537.0,7,229,299,327,626,3.271505376344086,3.3547040405546444,1.0254313090273852,0.876750700280112,35.48531385120024,0.4666666666666667,-1.0
50501,Joondalup,WA,2024,MM1,32519.0,174383.0,25,10,708.0,18,3,4,660.0,997,1657.0,37,372,334,254,588,3.91875,2.029582705495249,0.5179158419126632,0.8305084745762712,21.77188720440358,0.16,-1.0
50502,Stirling,WA,2024,MM1,39088.0,229809.0,36,20,1857.0,27,0,9,1792.0,1993,3785.0,52,574,739,628,1367,3.5317982456140355,4.584527220630372,1.2980716625938835,0.7361335487345181,47.508186655751125,0.25,-1.0
50503,Wanneroo,WA,2024,MM1,29280.0,236788.0,13,11,1159.0,10,0,3,1088.0,1219,2307.0,46,432,439,302,741,3.4625,3.715846994535519,1.0731688070860705,0.639344262295082,39.58333333333333,0.23076923076923078,0.0
50601,Armadale,WA,2024,MM1,12982.0,109218.0,8,6,330.0,7,0,1,309.0,561,870.0,3,109,233,216,449,3.53125,2.3802187644430752,0.674044251877685,1.3606060606060606,25.419812047450314,0.125,0.0
50602,Belmont - Victoria Park,WA,2024,MM1,11087.0,85217.0,45,9,717.0,27,1,17,614.0,612,1226.0,16,161,162,273,435,3.6785714285714284,5.538017497970596,1.5054804848852108,0.606694560669456,64.67033462613873,0.37777777777777777,1.0
50603,Canning,WA,2024,MM1,16274.0,110842.0,24,13,1102.0,20,2,2,1002.0,825,1827.0,19,227,249,330,579,3.581730769230769,6.157060341649256,1.7190181893463694,0.5254083484573503,67.71537421654172,0.08333333333333333,-2.0
50604,Gosnells,WA,2024,MM1,19206.0,141279.0,15,8,731.0,13,0,2,667.0,946,1613.0,20,231,326,369,695,3.328125,3.4728730605019265,1.0434923749864944,0.9507523939808481,38.06102259710507,0.13333333333333333,1.0
50605,Kalamunda,WA,2024,MM1,12192.0,63827.0,9,6,459.0,5,0,4,404.0,484,888.0,1,130,177,176,353,3.6666666666666665,3.3136482939632548,0.9037222619899786,0.7690631808278867,37.64763779527559,0.4444444444444444,1.0
50606,Serpentine - Jarrahdale,WA,2024,MM1,3994.0,38687.0,1,1,68.0,1,0,0,63.0,124,187.0,2,21,51,50,101,3.1666666666666665,1.5773660490736103,0.49811559444429804,1.4852941176470589,17.025538307461193,0.0,0.0
50607,South Perth,WA,2024,MM1,9033.0,47958.0,14,10,1043.0,9,0,5,803.0,356,1159.0,11,93,97,155,252,3.492857142857143,8.889626923502712,2.5450874627615128,0.24161073825503357,115.4655153326691,0.35714285714285715,1.0
50701,Cockburn,WA,2024,MM1,17992.0,132734.0,15,9,820.0,7,1,7,778.0,947,1725.0,0,138,267,542,809,3.423611111111111,4.324144064028457,1.263035994361253,0.9865853658536585,45.575811471765235,0.4666666666666667,-2.0
50702,Fremantle,WA,2024,MM1,8655.0,44872.0,9,7,767.0,2,0,7,678.0,451,1129.0,3,52,141,255,396,3.467948717948718,7.8336221837088384,2.2588633283892396,0.516297262059974,88.61929520508377,0.7777777777777778,1.0
50703,Kwinana,WA,2024,MM1,5185.0,54672.0,1,1,123.0,0,0,1,115.0,285,400.0,0,36,90,159,249,3.1875,2.2179363548698166,0.6958231701552365,2.024390243902439,23.722275795564126,1.0,0.0
50704,Melville,WA,2024,MM1,24258.0,116222.0,26,16,1414.0,6,1,19,1168.0,1168,2336.0,5,185,368,610,978,3.75,4.814906422623465,1.283975046032924,0.6916548797736917,58.290048643746395,0.7307692307692307,2.0
50705,Rockingham,WA,2024,MM1,21983.0,154132.0,14,8,770.0,10,0,4,741.0,990,1731.0,5,290,421,274,695,3.288888888888889,3.3707865168539324,1.0249013058001821,0.9025974025974026,35.02706636946731,0.2857142857142857,1.0
50901,Albany,WA,2024,MM3,15746.0,65998.0,20,13,615.0,8,7,5,410.0,709,1119.0,9,103,288,309,597,3.408045977011494,2.603835894830433,0.7640260467124711,0.9707317073170731,39.057538422456496,0.25,0.0
50902,Wheat Belt - North,WA,2024,MM4,14662.0,60818.0,28,18,369.0,11,16,1,130.0,1220,1350.0,9,247,505,459,964,3.433333333333333,0.8866457509207474,0.2582463352196352,2.6124661246612466,25.16709862228891,0.03571428571428571,0.0
50903,Wheat Belt - South,WA,2024,MM5,4787.0,20220.0,10,8,202.0,3,6,1,132.0,271,403.0,1,40,129,101,230,3.2564102564102564,2.7574681428869856,0.8467815556897043,1.1386138613861385,42.197618550240236,0.1,0.0
51001,Kimberley,WA,2024,MM7,3248.0,39934.0,16,4,190.0,13,3,0,107.0,145,252.0,1,76,41,27,68,3.9615384615384617,3.294334975369458,0.8315797025204458,0.35789473684210527,58.497536945812804,0.0,-2.0
51002,East Pilbara,WA,2024,MM6,1176.0,27851.0,4,1,56.0,3,1,0,37.0,41,78.0,0,9,19,13,32,3.1875,3.1462585034013606,0.987061491263172,0.5714285714285714,47.61904761904761,0.0,0.0
51003,West Pilbara,WA,2024,MM6,1206.0,32895.0,3,1,30.0,3,0,0,15.0,33,48.0,1,6,18,8,26,3.875,1.2437810945273633,0.32097576632964214,0.8666666666666667,24.875621890547265,0.0,0.0
51101,Esperance,WA,2024,MM6,3418.0,16842.0,4,2,112.0,1,3,0,89.0,65,154.0,1,14,28,22,50,3.1875,2.6038619075482736,0.816897853348478,0.44642857142857145,32.76770040959626,0.0,0.0
51102,Gascoyne,WA,2024,,1657.0,10530.0,2,2,42.0,0,2,0,,34,34.0,0,6,12,16,28,,,,0.6666666666666666,25.347012673506335,0.0,0.0
51103,Goldfields,WA,2024,MM3,4120.0,40733.0,11,6,176.0,8,3,0,94.0,127,221.0,1,39,52,35,87,3.75,2.2815533980582523,0.6084142394822006,0.4943181818181818,42.71844660194175,0.0,0.0
51104,Mid West,WA,2024,MM3,11940.0,58690.0,19,8,371.0,11,7,1,271.0,251,522.0,2,50,76,123,199,3.2291666666666665,2.269681742043551,0.7028691846328416,0.5363881401617251,31.072026800670017,0.05263157894736842,0.0
60101,Brighton,TAS,2024,MM2,3157.0,20864.0,1,1,80.0,1,0,0,70.0,165,235.0,8,72,68,17,85,3.4375,2.2172949002217295,0.6450312437008667,1.0625,25.340513145391196,0.0,0.0
60102,Hobart - North East,TAS,2024,MM2,13082.0,61547.0,15,6,624.0,13,0,2,500.0,663,1163.0,29,290,234,110,344,3.4492753623188404,3.8220455587830604,1.1080720317480302,0.5512820512820513,47.6991285736126,0.13333333333333333,1.0
60103,Hobart - North West,TAS,2024,MM2,10661.0,58678.0,20,7,613.0,13,0,7,536.0,783,1319.0,28,344,293,118,411,3.5892857142857144,5.02767095019229,1.4007441453272051,0.6704730831973899,57.4992965012663,0.35,0.0
60104,Hobart - South and West,TAS,2024,MM2,7779.0,37982.0,7,3,226.0,7,0,0,198.0,389,587.0,22,164,150,53,203,3.7291666666666665,2.545314307751639,0.6825423842015569,0.8982300884955752,29.05257745211467,0.0,-1.0
60105,Hobart Inner,TAS,2024,MM2,10407.0,56085.0,23,9,704.0,16,1,6,589.0,421,1010.0,13,171,153,84,237,3.643939393939394,5.659652157201883,1.5531685753651736,0.3366477272727273,67.64677620832133,0.2608695652173913,0.0
60106,Sorell - Dodges Ferry,TAS,2024,MM2,4290.0,19774.0,1,1,72.0,1,0,0,61.0,176,237.0,7,82,59,28,87,3.6875,1.421911421911422,0.38560309746750426,1.2083333333333333,16.783216783216783,0.0,0.0
60201,Launceston,TAS,2024,MM2,17756.0,89399.0,25,13,1191.0,17,1,7,1050.0,891,1941.0,53,349,314,175,489,3.356209150326797,5.913494030186979,1.7619563517402297,0.4105793450881612,67.07591799954945,0.28,0.0
60202,Meander Valley - West Tamar,TAS,2024,MM5,6879.0,25440.0,4,3,124.0,2,1,1,78.0,211,289.0,10,84,67,50,117,4.1875,1.13388573920628,0.2707786839895594,0.9435483870967742,18.025875854048554,0.25,0.0
60203,North East,TAS,2024,MM5,11195.0,41410.0,12,6,285.0,10,2,0,217.0,439,656.0,17,181,166,75,241,4.0875,1.9383653416703888,0.474217820592144,0.8456140350877193,25.457793657882984,0.0,-3.0
60301,Central Highlands (Tas.),TAS,2024,MM5,2829.0,12953.0,1,1,18.0,0,1,0,18.0,95,113.0,3,36,45,11,56,4.5625,0.6362672322375398,0.1394558317232964,3.111111111111111,6.362672322375398,0.0,0.0
60302,Huon - Bruny Island,TAS,2024,MM5,5814.0,23346.0,6,3,105.0,6,0,0,83.0,256,339.0,17,100,94,45,139,4.15625,1.4275885792913656,0.34347995892724587,1.3238095238095238,18.05985552115583,0.0,0.0
60303,South East Coast,TAS,2024,MM6,2897.0,7985.0,4,2,78.0,4,0,0,50.0,103,153.0,2,54,33,14,47,3.6875,1.725923369002416,0.4680470153226891,0.6025641025641025,26.924404556437693,0.0,-1.0
60401,Burnie - Ulverstone,TAS,2024,MM3,12356.0,51412.0,11,6,580.0,8,1,2,532.0,721,1253.0,39,297,262,123,385,3.4166666666666665,4.30560051796698,1.2601757613561893,0.6637931034482759,46.94075752670767,0.18181818181818182,0.0
60402,Devonport,TAS,2024,MM3,12512.0,50338.0,20,6,497.0,18,0,2,472.0,673,1145.0,32,306,245,90,335,3.4375,3.7723785166240407,1.0974192048360845,0.6740442655935613,39.721867007672635,0.1,-1.0
60403,West Coast,TAS,2024,MM5,4061.0,18283.0,5,3,97.0,2,3,0,90.0,153,243.0,12,57,53,31,84,4.104166666666667,2.216202905688254,0.5399885252438386,0.865979381443299,23.885742427973405,0.0,0.0
70101,Darwin City,NT,2024,MM2,3122.0,29076.0,8,1,85.0,8,0,0,85.0,106,191.0,0,29,44,33,77,3.8125,2.7226137091607945,0.7141281860093888,0.9058823529411765,27.226137091607946,0.0,0.0
70102,Darwin Suburbs,NT,2024,MM2,7102.0,58532.0,8,2,161.0,3,2,3,152.0,297,449.0,0,78,128,91,219,3.53125,2.1402421852999156,0.6060862825628079,1.360248447204969,22.66967051534779,0.375,-1.0
70104,Palmerston,NT,2024,MM2,2863.0,41432.0,1,1,88.0,1,0,0,83.0,141,224.0,0,47,49,45,94,3.3125,2.8990569332867624,0.8751869987280793,1.0681818181818181,30.736989172196996,0.0,0.0
70201,Alice Springs,NT,2024,MM6,3701.0,41962.0,19,3,205.0,14,3,2,155.0,216,371.0,4,79,92,41,133,3.472222222222222,4.188057281815725,1.206160497162929,0.6487804878048781,55.39043501756282,0.10526315789473684,-1.0
70202,Barkly,NT,2024,,491.0,6067.0,3,0,25.0,2,1,0,,12,12.0,1,6,4,1,5,,,,0.2,50.91649694501019,0.0,0.0
70203,Daly - Tiwi - West Arnhem,NT,2024,,1695.0,18374.0,9,0,41.0,5,4,0,,88,88.0,1,37,32,18,50,,,,1.2195121951219512,24.188790560471976,0.0,0.0
70204,East Arnhem,NT,2024,,682.0,14724.0,6,1,36.0,3,3,0,,137,137.0,0,72,42,23,65,,,,1.8055555555555556,52.78592375366569,0.0,0.0
70205,Katherine,NT,2024,MM6,1732.0,21453.0,14,2,87.0,8,6,0,53.0,71,124.0,0,32,25,14,39,3.875,3.0600461893764432,0.7896893391939208,0.4482758620689655,50.23094688221709,0.0,-1.0
80101,Belconnen,ACT,2024,MM1,16398.0,108483.0,17,6,582.0,13,0,4,557.0,684,1241.0,6,202,196,280,476,3.375,3.3967557019148678,1.0064461339007016,0.8178694158075601,35.49213318697402,0.23529411764705882,1.0
80103,Canberra East,ACT,2024,,303.0,2009.0,1,0,0.0,1,0,0,,15,15.0,0,3,7,5,12,,,,,0.0,0.0,
80104,Gungahlin,ACT,2024,,7286.0,92178.0,5,0,0.0,4,0,1,,262,262.0,4,89,68,101,169,,,,,0.0,0.2,0.0
80105,North Canberra,ACT,2024,MM1,7336.0,66338.0,11,4,343.0,9,0,2,295.0,334,629.0,5,89,107,133,240,3.640625,4.021264994547438,1.1045534748971502,0.6997084548104956,46.7557251908397,0.18181818181818182,0.0
80106,South Canberra,ACT,2024,MM1,6330.0,33697.0,15,4,465.0,7,0,8,374.0,222,596.0,4,66,79,73,152,3.828125,5.908372827804107,1.5434116774671953,0.32688172043010755,73.45971563981043,0.5333333333333333,0.0
80107,Tuggeranong,ACT,2024,MM1,15380.0,89340.0,3,3,395.0,3,0,0,365.0,805,1170.0,11,260,241,293,534,3.4166666666666665,2.3732119635890765,0.6945986234894859,1.3518987341772153,25.682704811443433,0.0,0.0
80108,Weston Creek,ACT,2024,MM1,5049.0,24724.0,7,5,393.0,7,0,0,348.0,223,571.0,0,60,66,97,163,3.78125,6.8924539512774805,1.8227977391808212,0.41475826972010177,77.8371954842543,0.0,0.0
80109,Woden Valley,ACT,2024,MM1,7123.0,40436.0,11,5,574.0,9,1,1,532.0,322,854.0,2,103,116,101,217,3.6029411764705883,7.468763161589218,2.0729628366859867,0.3780487804878049,80.58402358556788,0.09090909090909091,2.0
