sa3_code,sa3_name,n_facilities,n_residential,n_homecare,residential_places,homecare_places,n_nfp,n_government,n_private,year
10102.0,Queanbeyan,6,3,3,255.0,2.0,4,1,1,2019
10103.0,Snowy Mountains,9,6,2,179.0,4.0,2,7,0,2019
10104.0,South Coast,31,15,16,1088.0,0.0,23,1,7,2019
10105.0,Goulburn - Mulwaree,12,6,6,404.0,0.0,12,0,0,2019
10106.0,Young - Yass,14,8,5,385.0,0.0,8,3,3,2019
10201.0,Gosford,39,19,19,1989.0,0.0,18,1,20,2019
10202.0,Wyong,39,21,17,1843.0,0.0,22,0,17,2019
10301.0,Bathurst,18,7,11,570.0,8.0,14,1,3,2019
10302.0,Lachlan Valley,32,20,11,813.0,11.0,19,9,4,2019
10303.0,Lithgow - Mudgee,15,11,4,497.0,1.0,9,4,2,2019
10304.0,Orange,20,13,5,711.0,0.0,15,2,3,2019
10401.0,Clarence Valley,17,9,6,671.0,0.0,10,4,3,2019
10402.0,Coffs Harbour,28,14,13,916.0,6.0,20,2,6,2019
10501.0,Bourke - Cobar - Coonamble,17,15,2,275.0,18.0,4,12,1,2019
10502.0,Broken Hill and Far West,13,4,7,222.0,5.0,10,2,1,2019
10503.0,Dubbo,33,19,13,962.0,17.0,20,9,4,2019
10601.0,Lower Hunter,19,11,7,818.0,0.0,18,1,0,2019
10602.0,Maitland,9,6,3,549.0,0.0,7,0,2,2019
10603.0,Port Stephens,13,8,5,704.0,0.0,8,0,5,2019
10604.0,Upper Hunter,16,9,7,317.0,0.0,13,3,0,2019
10701.0,Dapto - Port Kembla,20,9,10,885.0,0.0,18,1,1,2019
10703.0,Kiama - Shellharbour,15,9,6,872.0,0.0,12,2,1,2019
10704.0,Wollongong,31,14,17,1406.0,0.0,24,1,6,2019
10801.0,Great Lakes,9,5,4,561.0,0.0,5,1,3,2019
10802.0,Kempsey - Nambucca,22,9,13,843.0,0.0,18,0,4,2019
10804.0,Port Macquarie,38,12,24,1129.0,0.0,25,4,9,2019
10805.0,Taree - Gloucester,19,10,8,763.0,0.0,15,3,1,2019
10901.0,Albury,27,15,10,774.0,2.0,19,4,4,2019
10902.0,Lower Murray,5,4,1,119.0,0.0,2,2,1,2019
10903.0,Upper Murray exc. Albury,19,16,3,607.0,5.0,13,5,1,2019
11001.0,Armidale,17,9,7,373.0,0.0,8,6,3,2019
11002.0,Inverell - Tenterfield,21,14,7,520.0,13.0,12,7,2,2019
11003.0,Moree - Narrabri,8,4,3,207.0,0.0,5,2,1,2019
11004.0,Tamworth - Gunnedah,29,15,12,759.0,7.0,19,9,1,2019
11101.0,Lake Macquarie - East,31,18,13,1195.0,0.0,24,0,7,2019
11102.0,Lake Macquarie - West,19,11,7,1048.0,0.0,16,0,3,2019
11103.0,Newcastle,47,23,21,2229.0,0.0,35,4,8,2019
11201.0,Richmond Valley - Coastal,24,12,12,926.0,0.0,23,0,1,2019
11202.0,Richmond Valley - Hinterland,26,13,11,733.0,12.0,20,5,1,2019
11203.0,Tweed Valley,34,15,17,1390.0,9.0,25,1,8,2019
11301.0,Griffith - Murrumbidgee (West),19,11,8,587.0,0.0,12,3,4,2019
11302.0,Tumut - Tumbarumba,8,4,4,183.0,10.0,4,3,1,2019
11303.0,Wagga Wagga,39,19,19,897.0,0.0,25,8,6,2019
11401.0,Shoalhaven,35,18,15,1268.0,0.0,29,1,5,2019
11402.0,Southern Highlands,25,7,17,724.0,0.0,12,0,13,2019
11501.0,Baulkham Hills,82,19,62,2353.0,0.0,31,1,50,2019
11502.0,Dural - Wisemans Ferry,4,3,1,229.0,0.0,2,0,2,2019
11503.0,Hawkesbury,1,1,0,30.0,0.0,1,0,0,2019
11601.0,Blacktown,19,9,8,931.0,5.0,12,1,6,2019
11602.0,Blacktown - North,2,2,0,231.0,0.0,1,0,1,2019
11603.0,Mount Druitt,25,8,16,834.0,0.0,24,0,1,2019
11701.0,Botany,3,2,1,228.0,0.0,2,0,1,2019
11702.0,Marrickville - Sydenham - Petersham,6,5,1,461.0,0.0,3,0,3,2019
11703.0,Sydney Inner City,66,8,56,662.0,0.0,51,1,14,2019
11801.0,Eastern Suburbs - North,24,16,7,1081.0,0.0,13,1,10,2019
11802.0,Eastern Suburbs - South,20,16,3,1287.0,0.0,13,1,6,2019
11901.0,Bankstown,26,16,9,1800.0,0.0,15,1,10,2019
11902.0,Canterbury,27,11,14,901.0,0.0,22,0,5,2019
11903.0,Hurstville,23,14,9,1167.0,0.0,16,0,7,2019
11904.0,Kogarah - Rockdale,29,21,7,1621.0,0.0,13,1,15,2019
12001.0,Canada Bay,12,10,1,904.0,0.0,6,1,5,2019
12002.0,Leichhardt,17,5,12,411.0,0.0,16,0,1,2019
12003.0,Strathfield - Burwood - Ashfield,40,28,12,1945.0,0.0,21,0,19,2019
12101.0,Chatswood - Lane Cove,29,14,15,1001.0,0.0,18,1,10,2019
12102.0,Hornsby,19,14,5,1087.0,0.0,8,0,11,2019
12103.0,Ku-ring-gai,28,16,10,993.0,0.0,16,0,12,2019
12104.0,North Sydney - Mosman,9,8,1,516.0,0.0,3,0,6,2019
12201.0,Manly,3,3,0,197.0,0.0,2,0,1,2019
12202.0,Pittwater,11,9,2,552.0,0.0,4,0,7,2019
12203.0,Warringah,35,18,16,1743.0,0.0,21,1,13,2019
12301.0,Camden,10,5,5,574.0,0.0,1,0,9,2019
12302.0,Campbelltown (NSW),14,6,8,933.0,0.0,9,1,4,2019
12303.0,Wollondilly,5,3,2,271.0,0.0,3,0,2,2019
12401.0,Blue Mountains,13,7,6,677.0,0.0,10,0,3,2019
12403.0,Penrith,24,9,14,762.0,0.0,17,1,6,2019
12404.0,Richmond - Windsor,10,5,5,463.0,0.0,7,0,3,2019
12405.0,St Marys,3,1,1,126.0,0.0,2,0,1,2019
12501.0,Auburn,12,5,7,431.0,0.0,5,0,7,2019
12502.0,Carlingford,5,4,1,355.0,0.0,3,0,2,2019
12503.0,Merrylands - Guildford,15,8,7,756.0,0.0,10,0,5,2019
12504.0,Parramatta,39,18,19,1800.0,0.0,19,1,19,2019
12601.0,Pennant Hills - Epping,4,2,2,201.0,0.0,1,0,3,2019
12602.0,Ryde - Hunters Hill,33,18,13,1580.0,0.0,30,1,2,2019
12701.0,Bringelly - Green Valley,2,2,0,236.0,0.0,2,0,0,2019
12702.0,Fairfield,20,13,7,1394.0,0.0,13,0,7,2019
12703.0,Liverpool,25,10,13,831.0,0.0,15,1,9,2019
12801.0,Cronulla - Miranda - Caringbah,20,13,5,1183.0,0.0,12,1,7,2019
12802.0,Sutherland - Menai - Heathcote,16,12,4,1366.0,0.0,9,0,7,2019
20101.0,Ballarat,38,16,19,1115.0,0.0,20,15,3,2019
20102.0,Creswick - Daylesford - Ballan,13,9,4,271.0,0.0,6,6,1,2019
20103.0,Maryborough - Pyrenees,9,8,1,263.0,0.0,2,7,0,2019
20201.0,Bendigo,26,16,9,1328.0,0.0,11,10,5,2019
20202.0,Heathcote - Castlemaine - Kyneton,11,8,3,519.0,0.0,1,6,4,2019
20203.0,Loddon - Elmore,4,4,0,63.0,0.0,0,4,0,2019
20301.0,Barwon - West,4,3,1,176.0,0.0,1,2,1,2019
20302.0,Geelong,61,26,33,2462.0,0.0,40,5,16,2019
20303.0,Surf Coast - Bellarine Peninsula,14,11,3,927.0,0.0,2,2,10,2019
20401.0,Upper Goulburn Valley,18,14,4,616.0,0.0,9,7,2,2019
20402.0,Wangaratta - Benalla,24,9,15,613.0,0.0,13,10,1,2019
20403.0,Wodonga - Alpine,17,13,4,737.0,8.0,3,11,3,2019
20501.0,Baw Baw,10,7,2,524.0,0.0,5,2,3,2019
20502.0,Gippsland - East,19,11,8,580.0,0.0,6,8,5,2019
20503.0,Gippsland - South West,22,14,8,785.0,0.0,8,10,4,2019
20504.0,Latrobe Valley,35,12,22,1057.0,0.0,22,10,3,2019
20505.0,Wellington,11,9,2,517.0,0.0,4,5,2,2019
20601.0,Brunswick - Coburg,21,8,12,583.0,69.0,13,2,6,2019
20602.0,Darebin - South,11,6,5,430.0,0.0,7,0,4,2019
20603.0,Essendon,26,9,17,582.0,0.0,18,1,7,2019
20604.0,Melbourne City,38,5,29,642.0,0.0,24,2,12,2019
20605.0,Port Phillip,22,7,14,556.0,0.0,21,0,1,2019
20606.0,Stonnington - West,8,6,2,448.0,0.0,2,0,6,2019
20607.0,Yarra,14,5,8,269.0,0.0,10,0,4,2019
20701.0,Boroondara,47,27,18,2078.0,0.0,22,2,23,2019
20702.0,Manningham - West,27,16,11,1409.0,0.0,16,0,11,2019
20703.0,Whitehorse - West,23,10,11,1010.0,0.0,9,2,12,2019
20801.0,Bayside,32,15,17,1318.0,0.0,7,0,25,2019
20802.0,Glen Eira,41,22,18,1742.0,0.0,18,8,15,2019
20803.0,Kingston,37,19,17,1267.0,0.0,11,5,21,2019
20804.0,Stonnington - East,17,6,11,591.0,0.0,10,0,7,2019
20901.0,Banyule,27,15,10,1411.0,0.0,14,1,12,2019
20902.0,Darebin - North,30,9,20,733.0,0.0,13,2,15,2019
20903.0,Nillumbik - Kinglake,7,5,2,430.0,0.0,3,1,3,2019
20904.0,Whittlesea - Wallan,34,18,15,1559.0,0.0,15,4,15,2019
21001.0,Keilor,8,8,0,644.0,0.0,4,1,3,2019
21002.0,Macedon Ranges,2,2,0,124.0,0.0,1,0,1,2019
21003.0,Moreland - North,12,11,1,1150.0,0.0,5,0,7,2019
21004.0,Sunbury,4,3,1,227.0,0.0,2,0,2,2019
21005.0,Tullamarine - Broadmeadows,17,10,7,705.0,0.0,7,2,8,2019
21101.0,Knox,41,22,17,1833.0,0.0,26,2,13,2019
21102.0,Manningham - East,4,4,0,456.0,0.0,1,0,3,2019
21103.0,Maroondah,43,13,29,1041.0,0.0,26,3,14,2019
21104.0,Whitehorse - East,14,5,9,725.0,0.0,7,1,6,2019
21105.0,Yarra Ranges,20,14,6,920.0,0.0,9,3,8,2019
21201.0,Cardinia,18,8,10,515.0,0.0,12,3,3,2019
21202.0,Casey - North,12,12,0,1233.0,0.0,2,1,9,2019
21203.0,Casey - South,14,5,9,602.0,0.0,8,1,5,2019
21204.0,Dandenong,53,22,31,1983.0,0.0,27,5,21,2019
21205.0,Monash,44,22,22,1855.0,0.0,15,0,29,2019
21301.0,Brimbank,31,19,12,1370.0,0.0,15,1,15,2019
21302.0,Hobsons Bay,12,9,3,786.0,0.0,6,0,6,2019
21303.0,Maribyrnong,42,8,33,670.0,0.0,35,1,6,2019
21304.0,Melton - Bacchus Marsh,6,6,0,508.0,0.0,2,1,3,2019
21305.0,Wyndham,15,9,5,1044.0,0.0,7,1,7,2019
21401.0,Frankston,29,14,14,1109.0,0.0,19,2,8,2019
21402.0,Mornington Peninsula,31,22,8,2326.0,0.0,7,1,23,2019
21501.0,Grampians,44,32,12,913.0,0.0,10,32,2,2019
21502.0,Mildura,24,8,14,647.0,0.0,17,2,5,2019
21503.0,Murray River - Swan Hill,17,17,0,482.0,8.0,4,13,0,2019
21601.0,Campaspe,15,11,4,551.0,0.0,7,7,1,2019
21602.0,Moira,15,10,5,402.0,0.0,4,9,2,2019
21603.0,Shepparton,70,11,56,786.0,0.0,56,13,1,2019
21701.0,Glenelg - Southern Grampians,20,13,5,502.0,0.0,3,16,1,2019
21703.0,Colac - Corangamite,20,13,6,499.0,3.0,7,11,2,2019
21704.0,Warrnambool,21,8,11,531.0,0.0,13,6,2,2019
30101.0,Capalaba,19,7,12,717.0,0.0,14,0,5,2019
30102.0,Cleveland - Stradbroke,14,10,4,958.0,0.0,9,1,4,2019
30103.0,Wynnum - Manly,9,5,4,509.0,0.0,5,1,3,2019
30201.0,Bald Hills - Everton Park,7,6,1,620.0,0.0,4,0,3,2019
30202.0,Chermside,12,5,7,472.0,0.0,11,0,1,2019
30203.0,Nundah,18,2,16,299.0,0.0,18,0,0,2019
30204.0,Sandgate,11,7,3,814.0,0.0,4,2,5,2019
30301.0,Carindale,6,3,3,332.0,0.0,3,0,3,2019
30302.0,Holland Park - Yeronga,16,8,8,624.0,0.0,7,0,9,2019
30303.0,Mt Gravatt,33,8,24,734.0,0.0,24,1,8,2019
30304.0,Nathan,5,1,4,136.0,0.0,3,0,2,2019
30305.0,Rocklea - Acacia Ridge,9,7,2,674.0,0.0,6,0,3,2019
30306.0,Sunnybank,5,3,2,315.0,0.0,3,0,2,2019
30401.0,Centenary,6,6,0,381.0,0.0,6,0,0,2019
30402.0,Kenmore - Brookfield - Moggill,5,4,1,512.0,0.0,5,0,0,2019
30403.0,Sherwood - Indooroopilly,4,2,2,180.0,0.0,3,0,1,2019
30404.0,The Gap - Enoggera,10,6,4,639.0,0.0,5,0,5,2019
30501.0,Brisbane Inner,30,7,23,528.0,0.0,23,0,7,2019
30502.0,Brisbane Inner - East,3,1,1,176.0,0.0,1,0,2,2019
30503.0,Brisbane Inner - North,24,8,16,795.0,0.0,16,0,8,2019
30504.0,Brisbane Inner - West,8,2,6,136.0,0.0,7,0,1,2019
30601.0,Cairns - North,2,2,0,238.0,0.0,0,0,2,2019
30602.0,Cairns - South,32,11,19,1318.0,0.0,23,1,8,2019
30603.0,Innisfail - Cassowary Coast,15,9,6,420.0,5.0,12,2,1,2019
30604.0,Port Douglas - Daintree,1,1,0,29.0,12.0,0,1,0,2019
30605.0,Tablelands (East) - Kuranda,9,4,5,294.0,0.0,9,0,0,2019
30701.0,Darling Downs (West) - Maranoa,25,16,9,440.0,35.0,12,13,0,2019
30702.0,Darling Downs - East,14,9,5,520.0,3.0,9,5,0,2019
30703.0,Granite Belt,19,10,9,520.0,0.0,17,2,0,2019
30801.0,Central Highlands (Qld),7,5,2,105.0,10.0,4,3,0,2019
30803.0,Rockhampton,36,14,20,1021.0,3.0,30,6,0,2019
30804.0,Biloela,16,7,9,187.0,14.0,11,5,0,2019
30805.0,Gladstone,7,3,4,220.0,0.0,6,0,1,2019
30901.0,Broadbeach - Burleigh,3,3,0,363.0,0.0,1,0,2,2019
30902.0,Coolangatta,20,5,11,503.0,0.0,18,0,2,2019
30903.0,Gold Coast - North,6,6,0,505.0,0.0,0,0,6,2019
30904.0,Gold Coast Hinterland,1,1,0,38.0,0.0,0,0,1,2019
30905.0,Mudgeeraba - Tallebudgera,7,4,3,383.0,0.0,6,0,1,2019
30906.0,Nerang,9,4,5,251.0,0.0,6,0,3,2019
30907.0,Ormeau - Oxenford,17,8,9,803.0,0.0,7,0,10,2019
30908.0,Robina,13,6,7,725.0,0.0,6,0,7,2019
30909.0,Southport,25,17,8,1682.0,0.0,15,0,10,2019
30910.0,Surfers Paradise,8,1,6,107.0,0.0,4,1,3,2019
31001.0,Forest Lake - Oxley,14,8,6,645.0,0.0,8,0,6,2019
31002.0,Ipswich Hinterland,12,7,5,380.0,0.0,12,0,0,2019
31003.0,Ipswich Inner,27,8,18,874.0,0.0,24,2,1,2019
31004.0,Springfield - Redbank,2,0,2,0.0,0.0,1,0,1,2019
31101.0,Beaudesert,9,3,6,203.0,0.0,9,0,0,2019
31102.0,Beenleigh,7,4,3,379.0,0.0,5,0,2,2019
31103.0,Browns Plains,6,5,1,519.0,0.0,4,0,2,2019
31105.0,Loganlea - Carbrook,11,6,5,704.0,0.0,6,0,5,2019
31106.0,Springwood - Kingston,15,4,11,436.0,0.0,5,0,10,2019
31201.0,Bowen Basin - North,13,5,8,190.0,18.0,10,3,0,2019
31202.0,Mackay,24,8,15,751.0,0.0,20,2,2,2019
31203.0,Whitsunday,3,1,2,103.0,0.0,2,1,0,2019
31301.0,Bribie - Beachmere,6,3,3,227.0,0.0,5,0,1,2019
31302.0,Caboolture,19,9,10,1136.0,0.0,10,0,9,2019
31303.0,Caboolture Hinterland,5,2,3,115.0,0.0,4,0,1,2019
31304.0,Narangba - Burpengary,4,4,0,373.0,0.0,0,0,4,2019
31305.0,Redcliffe,19,11,7,1042.0,0.0,12,1,6,2019
31401.0,The Hills District,2,2,0,170.0,0.0,0,0,2,2019
31402.0,North Lakes,17,5,12,558.0,0.0,7,0,10,2019
31403.0,Strathpine,5,2,3,214.0,0.0,5,0,0,2019
31501.0,Far North,12,5,6,104.0,12.0,4,8,0,2019
31502.0,Outback - North,16,6,7,135.0,13.0,9,7,0,2019
31503.0,Outback - South,21,10,10,192.0,19.0,11,10,0,2019
31601.0,Buderim,11,5,6,505.0,0.0,6,0,5,2019
31602.0,Caloundra,37,13,24,1247.0,0.0,25,0,12,2019
31603.0,Maroochy,33,11,18,1145.0,0.0,21,0,12,2019
31605.0,Noosa,7,3,4,452.0,0.0,3,0,4,2019
31606.0,Sunshine Coast Hinterland,4,3,1,252.0,0.0,3,0,1,2019
31607.0,Nambour,20,9,10,574.0,0.0,16,2,2,2019
31608.0,Noosa Hinterland,3,1,2,85.0,0.0,2,0,1,2019
31701.0,Toowoomba,41,18,22,1492.0,0.0,30,3,8,2019
31801.0,Charters Towers - Ayr - Ingham,17,9,7,535.0,10.0,15,2,0,2019
31802.0,Townsville,39,13,24,1275.0,0.0,33,2,4,2019
31901.0,Bundaberg,26,11,14,901.0,0.0,19,2,5,2019
31902.0,Burnett,26,15,11,477.0,5.0,22,4,0,2019
31903.0,Gympie - Cooloola,9,5,4,405.0,0.0,7,0,2,2019
31904.0,Hervey Bay,23,9,14,900.0,0.0,20,0,3,2019
31905.0,Maryborough,6,5,1,347.0,0.0,6,0,0,2019
40101.0,Adelaide City,12,2,9,165.0,0.0,9,1,2,2019
40102.0,Adelaide Hills,13,11,1,619.0,0.0,5,4,4,2019
40103.0,Burnside,5,2,3,227.0,0.0,2,0,3,2019
40104.0,Campbelltown (SA),16,10,5,625.0,0.0,14,0,2,2019
40105.0,Norwood - Payneham - St Peters,22,9,12,707.0,0.0,7,0,15,2019
40106.0,Prospect - Walkerville,9,5,4,336.0,0.0,5,0,4,2019
40107.0,Unley,27,13,14,990.0,0.0,16,1,10,2019
40201.0,Gawler - Two Wells,5,4,1,366.0,0.0,2,1,2,2019
40202.0,Playford,13,8,3,778.0,0.0,9,0,4,2019
40203.0,Port Adelaide - East,13,10,2,687.0,0.0,4,2,7,2019
40204.0,Salisbury,21,14,6,1150.0,10.0,12,0,9,2019
40205.0,Tea Tree Gully,12,9,3,1004.0,0.0,5,0,7,2019
40301.0,Holdfast Bay,14,8,6,820.0,0.0,9,3,2,2019
40302.0,Marion,14,7,5,822.0,0.0,10,1,3,2019
40303.0,Mitcham,12,9,3,798.0,0.0,8,0,4,2019
40304.0,Onkaparinga,20,18,2,1646.0,0.0,15,0,5,2019
40401.0,Charles Sturt,31,13,17,1049.0,0.0,28,0,3,2019
40402.0,Port Adelaide - West,13,10,2,979.0,0.0,9,1,3,2019
40403.0,West Torrens,20,9,10,856.0,0.0,12,0,8,2019
40501.0,Barossa,11,6,5,323.0,0.0,10,1,0,2019
40502.0,Lower North,14,11,3,385.0,0.0,8,6,0,2019
40503.0,Mid North,17,12,5,383.0,0.0,11,6,0,2019
40504.0,Yorke Peninsula,14,9,5,358.0,0.0,11,2,1,2019
40601.0,Eyre Peninsula and South West,24,15,7,517.0,65.0,12,11,1,2019
40602.0,Outback - North and East,11,5,3,227.0,22.0,4,5,2,2019
40701.0,Fleurieu - Kangaroo Island,15,10,5,732.0,8.0,10,2,3,2019
40702.0,Limestone Coast,17,14,3,730.0,0.0,10,6,1,2019
40703.0,Murray and Mallee,27,21,5,768.0,6.0,11,16,0,2019
50101.0,Augusta - Margaret River - Busselton,12,5,7,443.0,4.0,10,1,1,2019
50102.0,Bunbury,30,9,19,694.0,0.0,26,1,3,2019
50103.0,Manjimup,9,7,2,155.0,8.0,4,5,0,2019
50201.0,Mandurah,17,10,7,778.0,0.0,15,0,2,2019
50301.0,Cottesloe - Claremont,16,9,6,730.0,0.0,5,1,10,2019
50302.0,Perth City,53,24,27,1577.0,0.0,26,0,27,2019
50401.0,Bayswater - Bassendean,15,10,4,699.0,0.0,7,4,4,2019
50402.0,Mundaring,1,1,0,40.0,0.0,1,0,0,2019
50403.0,Swan,14,9,4,679.0,0.0,7,1,6,2019
50501.0,Joondalup,26,11,12,658.0,0.0,20,2,4,2019
50502.0,Stirling,34,21,13,1730.0,0.0,26,1,7,2019
50503.0,Wanneroo,14,11,3,961.0,0.0,11,0,3,2019
50601.0,Armadale,8,6,2,330.0,0.0,7,0,1,2019
50602.0,Belmont - Victoria Park,42,8,33,500.0,0.0,27,0,15,2019
50603.0,Canning,26,15,10,1193.0,0.0,19,4,3,2019
50604.0,Gosnells,13,7,5,484.0,0.0,13,0,0,2019
50605.0,Kalamunda,8,5,3,243.0,0.0,5,1,2,2019
50606.0,Serpentine - Jarrahdale,1,1,0,68.0,0.0,1,0,0,2019
50607.0,South Perth,14,9,5,923.0,0.0,7,0,7,2019
50701.0,Cockburn,18,11,7,1003.0,0.0,9,1,8,2019
50702.0,Fremantle,6,6,0,432.0,0.0,4,0,2,2019
50703.0,Kwinana,1,1,0,147.0,0.0,0,0,1,2019
50704.0,Melville,20,14,4,1029.0,0.0,9,1,10,2019
50705.0,Rockingham,13,7,6,626.0,0.0,9,1,3,2019
50901.0,Albany,23,13,8,615.0,38.0,8,7,8,2019
50902.0,Wheat Belt - North,28,18,10,371.0,52.0,13,15,0,2019
50903.0,Wheat Belt - South,9,8,1,201.0,9.0,2,6,1,2019
51001.0,Kimberley,17,6,10,199.0,8.0,15,2,0,2019
51002.0,East Pilbara,4,1,3,56.0,0.0,3,1,0,2019
51003.0,West Pilbara,2,1,1,20.0,0.0,2,0,0,2019
51101.0,Esperance,4,2,2,92.0,4.0,1,3,0,2019
51102.0,Gascoyne,2,2,0,20.0,6.0,0,2,0,2019
51103.0,Goldfields,12,6,5,175.0,54.0,9,3,0,2019
51104.0,Mid West,21,8,11,405.0,29.0,13,7,1,2019
60101.0,Brighton,1,1,0,80.0,0.0,1,0,0,2019
60102.0,Hobart - North East,13,5,6,603.0,0.0,9,0,4,2019
60103.0,Hobart - North West,23,7,15,517.0,0.0,17,0,6,2019
60104.0,Hobart - South and West,8,4,4,325.0,0.0,8,0,0,2019
60105.0,Hobart Inner,28,9,17,705.0,36.0,19,2,7,2019
60106.0,Sorell - Dodges Ferry,3,1,2,72.0,0.0,3,0,0,2019
60201.0,Launceston,35,13,20,1148.0,0.0,22,1,12,2019
60202.0,Meander Valley - West Tamar,3,3,0,124.0,1.0,2,1,0,2019
60203.0,North East,15,9,4,275.0,31.0,13,2,0,2019
60301.0,Central Highlands (Tas.),1,1,0,18.0,0.0,0,1,0,2019
60302.0,Huon - Bruny Island,7,3,4,100.0,0.0,7,0,0,2019
60303.0,South East Coast,5,3,2,78.0,6.0,5,0,0,2019
60401.0,Burnie - Ulverstone,13,6,6,577.0,0.0,10,1,2,2019
60402.0,Devonport,14,7,6,480.0,0.0,11,1,2,2019
60403.0,West Coast,7,3,4,91.0,0.0,4,3,0,2019
70101.0,Darwin City,6,1,5,85.0,0.0,6,0,0,2019
70102.0,Darwin Suburbs,9,3,4,161.0,0.0,4,2,3,2019
70104.0,Palmerston,1,1,0,88.0,0.0,1,0,0,2019
70201.0,Alice Springs,35,4,25,218.0,150.0,19,12,4,2019
70202.0,Barkly,2,0,1,25.0,60.0,2,0,0,2019
70203.0,Daly - Tiwi - West Arnhem,10,0,6,51.0,56.0,4,6,0,2019
70204.0,East Arnhem,5,1,3,4.0,14.0,2,3,0,2019
70205.0,Katherine,16,3,9,87.0,27.0,10,5,1,2019
80101.0,Belconnen,14,5,9,477.0,0.0,12,0,2,2019
80104.0,Gungahlin,4,0,4,0.0,0.0,3,0,1,2019
80105.0,North Canberra,14,4,10,343.0,0.0,11,0,3,2019
80106.0,South Canberra,19,4,15,465.0,0.0,11,0,8,2019
80107.0,Tuggeranong,3,3,0,414.0,0.0,2,0,1,2019
80108.0,Weston Creek,9,5,3,393.0,0.0,8,0,1,2019
80109.0,Woden Valley,8,3,3,363.0,0.0,7,1,0,2019
90104.0,Norfolk Island,2,1,1,14.0,0.0,1,1,0,2019
10102.0,Queanbeyan,6,4,2,348.0,2.0,4,1,1,2020
10103.0,Snowy Mountains,8,6,1,179.0,4.0,2,6,0,2020
10104.0,South Coast,31,15,16,1088.0,0.0,23,1,7,2020
10105.0,Goulburn - Mulwaree,12,6,6,404.0,0.0,12,0,0,2020
10106.0,Young - Yass,15,8,6,385.0,0.0,9,3,3,2020
10201.0,Gosford,38,18,19,1887.0,0.0,18,1,19,2020
10202.0,Wyong,37,21,15,1841.0,0.0,21,0,16,2020
10301.0,Bathurst,18,7,11,578.0,8.0,14,1,3,2020
10302.0,Lachlan Valley,30,20,9,818.0,11.0,17,9,4,2020
10303.0,Lithgow - Mudgee,14,11,3,497.0,1.0,8,4,2,2020
10304.0,Orange,20,13,5,710.0,0.0,15,2,3,2020
10401.0,Clarence Valley,18,9,7,691.0,0.0,11,4,3,2020
10402.0,Coffs Harbour,28,14,13,901.0,6.0,20,2,6,2020
10501.0,Bourke - Cobar - Coonamble,16,14,2,245.0,18.0,3,12,1,2020
10502.0,Broken Hill and Far West,13,4,7,222.0,5.0,10,2,1,2020
10503.0,Dubbo,34,19,14,962.0,17.0,21,9,4,2020
10601.0,Lower Hunter,19,11,7,818.0,0.0,18,1,0,2020
10602.0,Maitland,8,6,2,549.0,0.0,6,0,2,2020
10603.0,Port Stephens,13,8,5,704.0,0.0,8,0,5,2020
10604.0,Upper Hunter,13,9,4,317.0,0.0,10,3,0,2020
10701.0,Dapto - Port Kembla,20,9,10,885.0,0.0,17,1,2,2020
10703.0,Kiama - Shellharbour,15,9,6,924.0,0.0,12,2,1,2020
10704.0,Wollongong,28,13,15,1373.0,0.0,22,1,5,2020
10801.0,Great Lakes,9,5,4,561.0,0.0,5,1,3,2020
10802.0,Kempsey - Nambucca,20,9,11,843.0,0.0,16,0,4,2020
10804.0,Port Macquarie,33,12,19,1129.0,0.0,22,3,8,2020
10805.0,Taree - Gloucester,17,10,6,764.0,0.0,13,3,1,2020
10901.0,Albury,26,15,9,774.0,2.0,18,4,4,2020
10902.0,Lower Murray,5,4,1,119.0,0.0,2,2,1,2020
10903.0,Upper Murray exc. Albury,19,16,3,607.0,5.0,13,5,1,2020
11001.0,Armidale,16,9,6,373.0,0.0,7,6,3,2020
11002.0,Inverell - Tenterfield,20,14,6,520.0,13.0,11,7,2,2020
11003.0,Moree - Narrabri,9,5,3,237.0,0.0,6,2,1,2020
11004.0,Tamworth - Gunnedah,28,15,11,749.0,7.0,19,8,1,2020
11101.0,Lake Macquarie - East,32,19,13,1415.0,0.0,25,0,7,2020
11102.0,Lake Macquarie - West,18,11,6,1083.0,0.0,15,0,3,2020
11103.0,Newcastle,47,24,20,2316.0,0.0,35,4,8,2020
11201.0,Richmond Valley - Coastal,21,12,9,926.0,0.0,20,0,1,2020
11202.0,Richmond Valley - Hinterland,26,13,12,763.0,12.0,20,4,2,2020
11203.0,Tweed Valley,35,15,18,1390.0,9.0,26,1,8,2020
11301.0,Griffith - Murrumbidgee (West),19,11,8,579.0,0.0,12,3,4,2020
11302.0,Tumut - Tumbarumba,8,4,4,190.0,10.0,4,3,1,2020
11303.0,Wagga Wagga,38,19,18,906.0,0.0,24,8,6,2020
11401.0,Shoalhaven,34,18,14,1256.0,0.0,28,1,5,2020
11402.0,Southern Highlands,24,7,16,738.0,0.0,11,0,13,2020
11501.0,Baulkham Hills,81,18,62,2341.0,0.0,29,1,51,2020
11502.0,Dural - Wisemans Ferry,4,3,1,229.0,0.0,2,0,2,2020
11503.0,Hawkesbury,1,1,0,30.0,0.0,1,0,0,2020
11601.0,Blacktown,19,9,8,923.0,5.0,12,1,6,2020
11602.0,Blacktown - North,2,2,0,231.0,0.0,1,0,1,2020
11603.0,Mount Druitt,25,8,16,872.0,0.0,24,0,1,2020
11701.0,Botany,3,2,1,170.0,0.0,2,0,1,2020
11702.0,Marrickville - Sydenham - Petersham,6,5,1,461.0,0.0,3,0,3,2020
11703.0,Sydney Inner City,66,9,55,704.0,0.0,52,1,13,2020
11801.0,Eastern Suburbs - North,22,16,5,1084.0,0.0,13,1,8,2020
11802.0,Eastern Suburbs - South,20,16,3,1283.0,0.0,13,1,6,2020
11901.0,Bankstown,27,17,9,1874.0,0.0,16,1,10,2020
11902.0,Canterbury,25,11,12,902.0,0.0,19,0,6,2020
11903.0,Hurstville,24,14,10,1170.0,0.0,17,0,7,2020
11904.0,Kogarah - Rockdale,29,21,7,1648.0,0.0,13,1,15,2020
12001.0,Canada Bay,11,9,1,809.0,0.0,5,1,5,2020
12002.0,Leichhardt,18,5,13,377.0,0.0,16,0,2,2020
12003.0,Strathfield - Burwood - Ashfield,38,27,11,1910.0,0.0,21,0,17,2020
12101.0,Chatswood - Lane Cove,28,14,14,989.0,0.0,18,0,10,2020
12102.0,Hornsby,20,14,6,1100.0,0.0,9,0,11,2020
12103.0,Ku-ring-gai,28,16,10,1030.0,0.0,16,0,12,2020
12104.0,North Sydney - Mosman,9,8,1,516.0,0.0,3,0,6,2020
12201.0,Manly,3,3,0,197.0,0.0,2,0,1,2020
12202.0,Pittwater,12,10,2,669.0,0.0,4,0,8,2020
12203.0,Warringah,35,18,16,1744.0,0.0,21,1,13,2020
12301.0,Camden,11,5,6,574.0,0.0,2,0,9,2020
12302.0,Campbelltown (NSW),14,6,8,933.0,0.0,9,1,4,2020
12303.0,Wollondilly,5,3,2,271.0,0.0,3,0,2,2020
12401.0,Blue Mountains,13,7,6,677.0,0.0,10,0,3,2020
12403.0,Penrith,25,10,14,890.0,0.0,17,1,7,2020
12404.0,Richmond - Windsor,10,5,5,463.0,0.0,7,0,3,2020
12405.0,St Marys,3,1,1,130.0,0.0,2,0,1,2020
12501.0,Auburn,13,5,8,431.0,0.0,6,0,7,2020
12502.0,Carlingford,5,4,1,355.0,0.0,3,0,2,2020
12503.0,Merrylands - Guildford,15,8,7,744.0,0.0,10,0,5,2020
12504.0,Parramatta,38,18,18,1801.0,0.0,19,1,18,2020
12601.0,Pennant Hills - Epping,4,2,2,183.0,0.0,1,0,3,2020
12602.0,Ryde - Hunters Hill,33,18,13,1580.0,0.0,30,1,2,2020
12701.0,Bringelly - Green Valley,2,2,0,236.0,0.0,2,0,0,2020
12702.0,Fairfield,25,14,11,1534.0,0.0,14,0,11,2020
12703.0,Liverpool,25,10,13,874.0,0.0,15,1,9,2020
12801.0,Cronulla - Miranda - Caringbah,20,13,5,1239.0,0.0,12,1,7,2020
12802.0,Sutherland - Menai - Heathcote,14,12,2,1332.0,0.0,7,0,7,2020
20101.0,Ballarat,38,17,19,1260.0,0.0,19,15,4,2020
20102.0,Creswick - Daylesford - Ballan,13,9,4,271.0,0.0,6,6,1,2020
20103.0,Maryborough - Pyrenees,10,8,2,263.0,0.0,2,7,1,2020
20201.0,Bendigo,26,15,9,1269.0,0.0,11,11,4,2020
20202.0,Heathcote - Castlemaine - Kyneton,11,8,3,519.0,0.0,1,6,4,2020
20203.0,Loddon - Elmore,4,4,0,63.0,0.0,0,4,0,2020
20301.0,Barwon - West,4,3,1,176.0,0.0,1,2,1,2020
20302.0,Geelong,61,26,33,2445.0,0.0,40,5,16,2020
20303.0,Surf Coast - Bellarine Peninsula,14,10,4,992.0,0.0,2,2,10,2020
20401.0,Upper Goulburn Valley,18,14,4,616.0,0.0,9,7,2,2020
20402.0,Wangaratta - Benalla,25,10,15,673.0,0.0,13,10,2,2020
20403.0,Wodonga - Alpine,17,13,4,737.0,8.0,3,11,3,2020
20501.0,Baw Baw,10,7,2,524.0,0.0,5,2,3,2020
20502.0,Gippsland - East,20,11,9,580.0,0.0,7,8,5,2020
20503.0,Gippsland - South West,21,14,7,809.0,0.0,7,10,4,2020
20504.0,Latrobe Valley,35,12,22,1105.0,0.0,22,10,3,2020
20505.0,Wellington,12,9,2,518.0,0.0,4,6,2,2020
20601.0,Brunswick - Coburg,23,8,14,583.0,69.0,13,2,8,2020
20602.0,Darebin - South,11,6,5,430.0,0.0,7,0,4,2020
20603.0,Essendon,26,9,17,582.0,0.0,18,1,7,2020
20604.0,Melbourne City,42,5,32,642.0,0.0,27,2,13,2020
20605.0,Port Phillip,21,7,14,616.0,0.0,20,0,1,2020
20606.0,Stonnington - West,9,6,3,448.0,0.0,2,0,7,2020
20607.0,Yarra,11,4,6,300.0,0.0,7,0,4,2020
20701.0,Boroondara,47,27,18,2108.0,0.0,22,2,23,2020
20702.0,Manningham - West,27,16,11,1407.0,0.0,16,0,11,2020
20703.0,Whitehorse - West,23,10,11,1054.0,0.0,9,2,12,2020
20801.0,Bayside,32,15,17,1318.0,0.0,7,0,25,2020
20802.0,Glen Eira,39,22,16,1782.0,0.0,19,7,13,2020
20803.0,Kingston,37,19,17,1267.0,0.0,10,5,22,2020
20804.0,Stonnington - East,19,7,12,698.0,0.0,10,0,9,2020
20901.0,Banyule,27,15,10,1411.0,0.0,14,1,12,2020
20902.0,Darebin - North,24,10,13,832.0,0.0,8,2,14,2020
20903.0,Nillumbik - Kinglake,7,5,2,440.0,0.0,3,1,3,2020
20904.0,Whittlesea - Wallan,35,19,15,1683.0,0.0,16,4,15,2020
21001.0,Keilor,8,8,0,644.0,0.0,4,1,3,2020
21002.0,Macedon Ranges,2,2,0,124.0,0.0,1,0,1,2020
21003.0,Moreland - North,13,11,2,1142.0,0.0,5,0,8,2020
21004.0,Sunbury,3,2,1,194.0,0.0,1,0,2,2020
21005.0,Tullamarine - Broadmeadows,16,10,6,705.0,0.0,7,2,7,2020
21101.0,Knox,43,22,18,1851.0,0.0,27,2,14,2020
21102.0,Manningham - East,4,4,0,456.0,0.0,1,0,3,2020
21103.0,Maroondah,43,13,29,1081.0,0.0,26,3,14,2020
21104.0,Whitehorse - East,16,5,9,744.0,0.0,9,1,6,2020
21105.0,Yarra Ranges,20,14,6,926.0,0.0,9,3,8,2020
21201.0,Cardinia,18,8,10,523.0,0.0,12,3,3,2020
21202.0,Casey - North,12,12,0,1247.0,0.0,2,1,9,2020
21203.0,Casey - South,14,5,9,602.0,0.0,8,1,5,2020
21204.0,Dandenong,52,21,31,1921.0,0.0,26,5,21,2020
21205.0,Monash,45,23,22,2020.0,0.0,15,0,30,2020
21301.0,Brimbank,39,19,20,1368.0,0.0,23,1,15,2020
21302.0,Hobsons Bay,12,9,3,786.0,0.0,6,0,6,2020
21303.0,Maribyrnong,41,8,32,670.0,0.0,35,1,5,2020
21304.0,Melton - Bacchus Marsh,6,6,0,549.0,0.0,2,1,3,2020
21305.0,Wyndham,14,9,4,1046.0,0.0,7,1,6,2020
21401.0,Frankston,28,13,14,1079.0,0.0,19,1,8,2020
21402.0,Mornington Peninsula,34,24,8,2458.0,0.0,9,2,23,2020
21501.0,Grampians,44,32,12,913.0,0.0,10,32,2,2020
21502.0,Mildura,23,8,13,649.0,0.0,16,2,5,2020
21503.0,Murray River - Swan Hill,18,17,1,483.0,8.0,5,13,0,2020
21601.0,Campaspe,16,11,5,549.0,0.0,8,7,1,2020
21602.0,Moira,15,10,5,402.0,0.0,4,9,2,2020
21603.0,Shepparton,71,11,56,800.0,0.0,57,13,1,2020
21701.0,Glenelg - Southern Grampians,20,13,5,502.0,0.0,3,16,1,2020
21703.0,Colac - Corangamite,21,13,6,499.0,3.0,7,11,3,2020
21704.0,Warrnambool,21,8,11,531.0,0.0,13,6,2,2020
30101.0,Capalaba,19,7,12,717.0,0.0,14,0,5,2020
30102.0,Cleveland - Stradbroke,14,10,4,958.0,0.0,9,1,4,2020
30103.0,Wynnum - Manly,9,5,4,509.0,0.0,5,1,3,2020
30201.0,Bald Hills - Everton Park,7,6,1,623.0,0.0,4,0,3,2020
30202.0,Chermside,13,5,8,473.0,0.0,11,0,2,2020
30203.0,Nundah,16,2,14,299.0,0.0,16,0,0,2020
30204.0,Sandgate,11,7,3,824.0,0.0,4,2,5,2020
30301.0,Carindale,6,3,3,332.0,0.0,3,0,3,2020
30302.0,Holland Park - Yeronga,17,9,8,747.0,0.0,7,0,10,2020
30303.0,Mt Gravatt,35,8,26,794.0,0.0,25,1,9,2020
30304.0,Nathan,5,1,4,136.0,0.0,3,0,2,2020
30305.0,Rocklea - Acacia Ridge,9,7,2,674.0,0.0,6,0,3,2020
30306.0,Sunnybank,4,3,1,315.0,0.0,3,0,1,2020
30401.0,Centenary,6,6,0,381.0,0.0,6,0,0,2020
30402.0,Kenmore - Brookfield - Moggill,6,5,1,572.0,0.0,6,0,0,2020
30403.0,Sherwood - Indooroopilly,3,1,2,120.0,0.0,2,0,1,2020
30404.0,The Gap - Enoggera,10,6,4,639.0,0.0,5,0,5,2020
30501.0,Brisbane Inner,28,6,22,528.0,0.0,22,0,6,2020
30502.0,Brisbane Inner - East,3,1,1,176.0,0.0,1,0,2,2020
30503.0,Brisbane Inner - North,23,8,15,867.0,0.0,14,0,9,2020
30504.0,Brisbane Inner - West,8,2,6,136.0,0.0,7,0,1,2020
30601.0,Cairns - North,2,2,0,238.0,0.0,0,0,2,2020
30602.0,Cairns - South,32,11,19,1318.0,0.0,22,2,8,2020
30603.0,Innisfail - Cassowary Coast,14,8,6,366.0,5.0,11,2,1,2020
30604.0,Port Douglas - Daintree,2,2,0,103.0,12.0,1,1,0,2020
30605.0,Tablelands (East) - Kuranda,9,4,5,294.0,0.0,9,0,0,2020
30701.0,Darling Downs (West) - Maranoa,24,16,8,450.0,35.0,11,13,0,2020
30702.0,Darling Downs - East,14,9,5,542.0,3.0,9,5,0,2020
30703.0,Granite Belt,18,10,8,527.0,0.0,16,2,0,2020
30801.0,Central Highlands (Qld),7,5,2,105.0,10.0,4,3,0,2020
30803.0,Rockhampton,35,14,19,1021.0,3.0,29,6,0,2020
30804.0,Biloela,16,7,9,187.0,14.0,11,5,0,2020
30805.0,Gladstone,7,3,4,220.0,0.0,6,0,1,2020
30901.0,Broadbeach - Burleigh,3,3,0,363.0,0.0,1,0,2,2020
30902.0,Coolangatta,20,5,11,503.0,0.0,18,0,2,2020
30903.0,Gold Coast - North,6,6,0,505.0,0.0,0,0,6,2020
30904.0,Gold Coast Hinterland,1,1,0,38.0,0.0,0,0,1,2020
30905.0,Mudgeeraba - Tallebudgera,7,4,3,383.0,0.0,6,0,1,2020
30906.0,Nerang,7,3,4,162.0,0.0,6,0,1,2020
30907.0,Ormeau - Oxenford,18,8,9,800.0,0.0,7,0,11,2020
30908.0,Robina,15,8,7,982.0,0.0,6,0,9,2020
30909.0,Southport,26,18,8,1772.0,0.0,15,0,11,2020
30910.0,Surfers Paradise,8,1,6,107.0,0.0,4,1,3,2020
31001.0,Forest Lake - Oxley,14,8,6,645.0,0.0,8,0,6,2020
31002.0,Ipswich Hinterland,12,7,5,420.0,0.0,12,0,0,2020
31003.0,Ipswich Inner,29,9,19,973.0,0.0,25,2,2,2020
31004.0,Springfield - Redbank,3,0,3,0.0,0.0,1,0,2,2020
31101.0,Beaudesert,9,3,6,227.0,0.0,9,0,0,2020
31102.0,Beenleigh,7,4,3,379.0,0.0,5,0,2,2020
31103.0,Browns Plains,6,5,1,519.0,0.0,4,0,2,2020
31105.0,Loganlea - Carbrook,11,6,5,704.0,0.0,6,0,5,2020
31106.0,Springwood - Kingston,16,5,11,566.0,0.0,5,0,11,2020
31201.0,Bowen Basin - North,13,5,8,195.0,18.0,10,3,0,2020
31202.0,Mackay,24,8,15,751.0,0.0,20,2,2,2020
31203.0,Whitsunday,3,1,2,103.0,0.0,2,1,0,2020
31301.0,Bribie - Beachmere,6,3,3,227.0,0.0,5,0,1,2020
31302.0,Caboolture,23,12,11,1468.0,0.0,11,0,12,2020
31303.0,Caboolture Hinterland,4,2,2,115.0,0.0,3,0,1,2020
31304.0,Narangba - Burpengary,4,4,0,373.0,0.0,0,0,4,2020
31305.0,Redcliffe,19,11,7,1052.0,0.0,12,1,6,2020
31401.0,The Hills District,2,2,0,170.0,0.0,0,0,2,2020
31402.0,North Lakes,17,5,12,558.0,0.0,7,0,10,2020
31403.0,Strathpine,5,2,3,214.0,0.0,5,0,0,2020
31501.0,Far North,12,5,6,104.0,12.0,4,8,0,2020
31502.0,Outback - North,16,6,7,135.0,13.0,9,7,0,2020
31503.0,Outback - South,21,10,10,192.0,19.0,11,10,0,2020
31601.0,Buderim,10,5,5,505.0,0.0,5,0,5,2020
31602.0,Caloundra,31,13,18,1247.0,0.0,19,0,12,2020
31603.0,Maroochy,35,12,19,1271.0,0.0,22,0,13,2020
31605.0,Noosa,7,3,4,453.0,0.0,3,0,4,2020
31606.0,Sunshine Coast Hinterland,4,3,1,252.0,0.0,3,0,1,2020
31607.0,Nambour,20,9,10,574.0,0.0,16,2,2,2020
31608.0,Noosa Hinterland,3,1,2,86.0,0.0,2,0,1,2020
31701.0,Toowoomba,40,17,22,1502.0,0.0,29,3,8,2020
31801.0,Charters Towers - Ayr - Ingham,17,9,7,535.0,10.0,12,2,3,2020
31802.0,Townsville,40,13,25,1275.0,0.0,33,2,5,2020
31901.0,Bundaberg,26,11,14,900.0,0.0,19,2,5,2020
31902.0,Burnett,26,15,11,477.0,5.0,22,4,0,2020
31903.0,Gympie - Cooloola,9,5,4,395.0,0.0,7,0,2,2020
31904.0,Hervey Bay,24,9,15,898.0,0.0,20,0,4,2020
31905.0,Maryborough,6,5,1,347.0,0.0,6,0,0,2020
40101.0,Adelaide City,12,2,9,165.0,0.0,9,1,2,2020
40102.0,Adelaide Hills,12,10,1,618.0,0.0,6,3,3,2020
40103.0,Burnside,5,2,3,227.0,0.0,2,0,3,2020
40104.0,Campbelltown (SA),15,9,5,618.0,0.0,13,0,2,2020
40105.0,Norwood - Payneham - St Peters,22,9,12,707.0,0.0,7,0,15,2020
40106.0,Prospect - Walkerville,11,4,7,287.0,0.0,8,0,3,2020
40107.0,Unley,26,13,12,1045.0,0.0,15,0,11,2020
40201.0,Gawler - Two Wells,5,4,1,366.0,0.0,2,1,2,2020
40202.0,Playford,13,8,3,778.0,0.0,9,0,4,2020
40203.0,Port Adelaide - East,12,10,1,674.0,0.0,3,2,7,2020
40204.0,Salisbury,21,14,6,1113.0,6.0,12,0,9,2020
40205.0,Tea Tree Gully,12,9,3,1017.0,0.0,5,0,7,2020
40301.0,Holdfast Bay,14,8,6,820.0,0.0,9,3,2,2020
40302.0,Marion,15,7,6,822.0,0.0,10,1,4,2020
40303.0,Mitcham,11,9,2,798.0,0.0,8,0,3,2020
40304.0,Onkaparinga,20,18,2,1665.0,0.0,15,0,5,2020
40401.0,Charles Sturt,32,14,17,1173.0,0.0,29,0,3,2020
40402.0,Port Adelaide - West,12,9,2,853.0,0.0,8,1,3,2020
40403.0,West Torrens,20,9,10,856.0,0.0,12,0,8,2020
40501.0,Barossa,11,6,5,323.0,0.0,10,1,0,2020
40502.0,Lower North,14,11,3,385.0,0.0,8,6,0,2020
40503.0,Mid North,17,12,5,384.0,0.0,11,6,0,2020
40504.0,Yorke Peninsula,14,9,5,360.0,0.0,11,2,1,2020
40601.0,Eyre Peninsula and South West,24,15,7,532.0,65.0,12,11,1,2020
40602.0,Outback - North and East,11,5,3,212.0,22.0,4,5,2,2020
40701.0,Fleurieu - Kangaroo Island,15,10,5,732.0,8.0,10,2,3,2020
40702.0,Limestone Coast,17,14,3,730.0,0.0,10,6,1,2020
40703.0,Murray and Mallee,27,20,5,750.0,5.0,11,16,0,2020
50101.0,Augusta - Margaret River - Busselton,12,5,7,443.0,4.0,10,1,1,2020
50102.0,Bunbury,30,9,19,694.0,0.0,26,1,3,2020
50103.0,Manjimup,9,7,2,155.0,8.0,4,5,0,2020
50201.0,Mandurah,17,10,7,815.0,0.0,15,0,2,2020
50301.0,Cottesloe - Claremont,15,9,5,735.0,0.0,5,1,9,2020
50302.0,Perth City,54,25,27,1628.0,0.0,28,0,26,2020
50401.0,Bayswater - Bassendean,15,10,4,732.0,0.0,7,4,4,2020
50402.0,Mundaring,1,1,0,40.0,0.0,1,0,0,2020
50403.0,Swan,14,9,4,700.0,0.0,7,1,6,2020
50501.0,Joondalup,28,11,12,658.0,0.0,22,2,4,2020
50502.0,Stirling,36,22,14,1964.0,0.0,27,1,8,2020
50503.0,Wanneroo,14,11,3,1015.0,0.0,11,0,3,2020
50601.0,Armadale,8,6,2,330.0,0.0,7,0,1,2020
50602.0,Belmont - Victoria Park,43,8,34,624.0,0.0,26,0,17,2020
50603.0,Canning,29,17,11,1441.0,0.0,21,4,4,2020
50604.0,Gosnells,13,7,5,484.0,0.0,13,0,0,2020
50605.0,Kalamunda,9,6,3,404.0,0.0,5,1,3,2020
50606.0,Serpentine - Jarrahdale,1,1,0,68.0,0.0,1,0,0,2020
50607.0,South Perth,14,9,5,923.0,0.0,8,0,6,2020
50701.0,Cockburn,17,10,7,862.0,0.0,9,1,7,2020
50702.0,Fremantle,6,6,0,432.0,0.0,4,0,2,2020
50703.0,Kwinana,1,1,0,168.0,0.0,0,0,1,2020
50704.0,Melville,20,14,4,1081.0,0.0,9,1,10,2020
50705.0,Rockingham,13,7,6,626.0,0.0,9,1,3,2020
50901.0,Albany,23,13,8,616.0,38.0,8,7,8,2020
50902.0,Wheat Belt - North,28,18,10,374.0,55.0,12,15,1,2020
50903.0,Wheat Belt - South,9,8,1,202.0,9.0,3,5,1,2020
51001.0,Kimberley,17,4,10,199.0,8.0,15,2,0,2020
51002.0,East Pilbara,4,1,3,56.0,0.0,3,1,0,2020
51003.0,West Pilbara,3,1,1,20.0,15.0,3,0,0,2020
51101.0,Esperance,4,2,2,102.0,4.0,1,3,0,2020
51102.0,Gascoyne,2,2,0,20.0,6.0,0,2,0,2020
51103.0,Goldfields,12,6,5,180.0,54.0,9,3,0,2020
51104.0,Mid West,21,8,11,407.0,29.0,13,7,1,2020
60101.0,Brighton,1,1,0,80.0,0.0,1,0,0,2020
60102.0,Hobart - North East,13,5,6,585.0,0.0,9,0,4,2020
60103.0,Hobart - North West,22,7,14,517.0,0.0,16,0,6,2020
60104.0,Hobart - South and West,8,4,4,325.0,0.0,8,0,0,2020
60105.0,Hobart Inner,28,9,17,704.0,30.0,19,2,7,2020
60106.0,Sorell - Dodges Ferry,3,1,2,72.0,0.0,3,0,0,2020
60201.0,Launceston,34,13,19,1161.0,0.0,21,1,12,2020
60202.0,Meander Valley - West Tamar,3,3,0,124.0,1.0,2,1,0,2020
60203.0,North East,15,9,4,275.0,31.0,13,2,0,2020
60301.0,Central Highlands (Tas.),1,1,0,18.0,0.0,0,1,0,2020
60302.0,Huon - Bruny Island,7,3,4,100.0,0.0,7,0,0,2020
60303.0,South East Coast,5,3,2,78.0,6.0,5,0,0,2020
60401.0,Burnie - Ulverstone,13,6,6,580.0,0.0,10,1,2,2020
60402.0,Devonport,15,7,7,484.0,0.0,12,1,2,2020
60403.0,West Coast,7,3,4,91.0,0.0,4,3,0,2020
70101.0,Darwin City,6,1,5,85.0,0.0,6,0,0,2020
70102.0,Darwin Suburbs,9,3,4,161.0,0.0,4,2,3,2020
70104.0,Palmerston,2,1,1,88.0,0.0,2,0,0,2020
70201.0,Alice Springs,38,4,25,218.0,248.0,21,13,4,2020
70202.0,Barkly,3,0,1,25.0,95.0,2,1,0,2020
70203.0,Daly - Tiwi - West Arnhem,10,0,6,41.0,86.0,5,5,0,2020
70204.0,East Arnhem,5,1,3,4.0,14.0,2,3,0,2020
70205.0,Katherine,16,3,9,87.0,27.0,10,5,1,2020
80101.0,Belconnen,14,5,9,475.0,0.0,12,0,2,2020
80104.0,Gungahlin,5,0,5,0.0,0.0,4,0,1,2020
80105.0,North Canberra,10,4,6,343.0,0.0,8,0,2,2020
80106.0,South Canberra,17,4,13,465.0,0.0,10,0,7,2020
80107.0,Tuggeranong,3,3,0,414.0,0.0,2,0,1,2020
80108.0,Weston Creek,9,5,3,393.0,0.0,8,0,1,2020
80109.0,Woden Valley,9,4,3,493.0,0.0,7,1,1,2020
90104.0,Norfolk Island,1,1,0,14.0,0.0,0,1,0,2020
10102.0,Queanbeyan,6,4,2,348.0,2.0,4,1,1,2021
10103.0,Snowy Mountains,8,6,1,179.0,4.0,2,6,0,2021
10104.0,South Coast,30,15,15,1088.0,0.0,23,1,6,2021
10105.0,Goulburn - Mulwaree,12,6,6,404.0,0.0,12,0,0,2021
10106.0,Young - Yass,14,7,6,344.0,0.0,8,3,3,2021
10201.0,Gosford,37,18,18,1918.0,0.0,18,1,18,2021
10202.0,Wyong,41,21,19,1971.0,0.0,25,0,16,2021
10301.0,Bathurst,16,7,9,584.0,8.0,12,1,3,2021
10302.0,Lachlan Valley,30,20,9,818.0,11.0,17,9,4,2021
10303.0,Lithgow - Mudgee,14,11,3,521.0,1.0,8,4,2,2021
10304.0,Orange,20,13,5,710.0,0.0,15,2,3,2021
10401.0,Clarence Valley,16,9,5,691.0,0.0,11,2,3,2021
10402.0,Coffs Harbour,28,14,13,901.0,6.0,20,2,6,2021
10501.0,Bourke - Cobar - Coonamble,16,14,2,255.0,18.0,3,12,1,2021
10502.0,Broken Hill and Far West,13,4,7,222.0,5.0,10,2,1,2021
10503.0,Dubbo,34,19,14,962.0,17.0,21,9,4,2021
10601.0,Lower Hunter,19,11,7,818.0,0.0,18,1,0,2021
10602.0,Maitland,8,6,2,549.0,0.0,6,0,2,2021
10603.0,Port Stephens,13,8,5,704.0,0.0,8,0,5,2021
10604.0,Upper Hunter,13,9,4,317.0,0.0,10,3,0,2021
10701.0,Dapto - Port Kembla,20,9,10,885.0,0.0,17,1,2,2021
10703.0,Kiama - Shellharbour,15,9,6,924.0,0.0,12,2,1,2021
10704.0,Wollongong,28,13,15,1373.0,0.0,22,1,5,2021
10801.0,Great Lakes,9,5,4,561.0,0.0,5,1,3,2021
10802.0,Kempsey - Nambucca,20,9,11,832.0,0.0,15,0,5,2021
10804.0,Port Macquarie,33,11,20,1074.0,0.0,22,3,8,2021
10805.0,Taree - Gloucester,16,9,6,754.0,0.0,14,1,1,2021
10901.0,Albury,28,15,11,803.0,2.0,20,4,4,2021
10902.0,Lower Murray,6,4,2,119.0,0.0,3,2,1,2021
10903.0,Upper Murray exc. Albury,19,16,3,607.0,5.0,13,5,1,2021
11001.0,Armidale,16,9,6,373.0,0.0,7,6,3,2021
11002.0,Inverell - Tenterfield,20,14,6,520.0,13.0,11,7,2,2021
11003.0,Moree - Narrabri,9,5,3,237.0,0.0,6,2,1,2021
11004.0,Tamworth - Gunnedah,27,15,10,759.0,7.0,18,8,1,2021
11101.0,Lake Macquarie - East,29,17,12,1322.0,0.0,24,0,5,2021
11102.0,Lake Macquarie - West,16,10,5,1028.0,0.0,13,0,3,2021
11103.0,Newcastle,47,24,20,2329.0,0.0,35,4,8,2021
11201.0,Richmond Valley - Coastal,21,12,9,926.0,0.0,20,0,1,2021
11202.0,Richmond Valley - Hinterland,26,13,12,763.0,12.0,20,4,2,2021
11203.0,Tweed Valley,35,15,18,1390.0,9.0,26,1,8,2021
11301.0,Griffith - Murrumbidgee (West),19,11,8,573.0,0.0,12,3,4,2021
11302.0,Tumut - Tumbarumba,8,4,4,190.0,10.0,4,3,1,2021
11303.0,Wagga Wagga,38,19,18,906.0,0.0,24,8,6,2021
11401.0,Shoalhaven,34,18,14,1256.0,0.0,28,1,5,2021
11402.0,Southern Highlands,23,6,16,738.0,0.0,10,0,13,2021
11501.0,Baulkham Hills,80,18,61,2341.0,0.0,28,1,51,2021
11502.0,Dural - Wisemans Ferry,5,4,1,369.0,0.0,2,0,3,2021
11503.0,Hawkesbury,1,1,0,30.0,0.0,1,0,0,2021
11601.0,Blacktown,19,9,8,959.0,5.0,12,1,6,2021
11602.0,Blacktown - North,2,2,0,231.0,0.0,1,0,1,2021
11603.0,Mount Druitt,25,8,16,872.0,0.0,24,0,1,2021
11701.0,Botany,3,2,1,170.0,0.0,2,0,1,2021
11702.0,Marrickville - Sydenham - Petersham,6,5,1,461.0,0.0,3,0,3,2021
11703.0,Sydney Inner City,68,9,56,704.0,0.0,52,2,14,2021
11801.0,Eastern Suburbs - North,19,14,5,1014.0,0.0,10,0,9,2021
11802.0,Eastern Suburbs - South,19,16,3,1280.0,0.0,13,0,6,2021
11901.0,Bankstown,26,16,10,1838.0,0.0,15,0,11,2021
11902.0,Canterbury,25,11,12,902.0,0.0,19,0,6,2021
11903.0,Hurstville,25,15,10,1275.0,0.0,17,0,8,2021
11904.0,Kogarah - Rockdale,28,21,7,1651.0,0.0,13,0,15,2021
12001.0,Canada Bay,10,8,1,740.0,0.0,5,1,4,2021
12002.0,Leichhardt,18,5,13,425.0,0.0,16,0,2,2021
12003.0,Strathfield - Burwood - Ashfield,37,26,11,1878.0,0.0,21,0,16,2021
12101.0,Chatswood - Lane Cove,26,12,14,867.0,0.0,17,0,9,2021
12102.0,Hornsby,20,14,6,1112.0,0.0,9,0,11,2021
12103.0,Ku-ring-gai,26,15,9,985.0,0.0,16,0,10,2021
12104.0,North Sydney - Mosman,11,8,3,516.0,0.0,3,0,8,2021
12201.0,Manly,3,3,0,197.0,0.0,2,0,1,2021
12202.0,Pittwater,10,9,1,636.0,0.0,3,0,7,2021
12203.0,Warringah,35,18,16,1797.0,0.0,21,1,13,2021
12301.0,Camden,12,6,6,654.0,0.0,3,0,9,2021
12302.0,Campbelltown (NSW),14,6,8,874.0,0.0,9,1,4,2021
12303.0,Wollondilly,5,3,2,271.0,0.0,3,0,2,2021
12401.0,Blue Mountains,15,7,8,677.0,0.0,12,0,3,2021
12403.0,Penrith,23,10,12,931.0,0.0,15,1,7,2021
12404.0,Richmond - Windsor,10,5,5,463.0,0.0,7,0,3,2021
12405.0,St Marys,1,1,0,130.0,0.0,0,0,1,2021
12501.0,Auburn,13,5,8,431.0,0.0,6,0,7,2021
12502.0,Carlingford,5,4,1,355.0,0.0,3,0,2,2021
12503.0,Merrylands - Guildford,15,8,7,739.0,0.0,10,0,5,2021
12504.0,Parramatta,39,19,18,1887.0,0.0,19,1,19,2021
12601.0,Pennant Hills - Epping,4,2,2,183.0,0.0,1,0,3,2021
12602.0,Ryde - Hunters Hill,33,18,13,1642.0,0.0,30,1,2,2021
12701.0,Bringelly - Green Valley,2,2,0,236.0,0.0,2,0,0,2021
12702.0,Fairfield,25,14,11,1534.0,0.0,14,0,11,2021
12703.0,Liverpool,29,11,15,975.0,0.0,18,1,10,2021
12801.0,Cronulla - Miranda - Caringbah,19,12,6,1247.0,0.0,12,0,7,2021
12802.0,Sutherland - Menai - Heathcote,14,12,2,1332.0,0.0,7,0,7,2021
20101.0,Ballarat,39,17,20,1260.0,0.0,20,15,4,2021
20102.0,Creswick - Daylesford - Ballan,13,9,4,271.0,0.0,6,6,1,2021
20103.0,Maryborough - Pyrenees,10,8,2,263.0,0.0,2,7,1,2021
20201.0,Bendigo,26,15,9,1267.0,0.0,11,11,4,2021
20202.0,Heathcote - Castlemaine - Kyneton,11,8,3,519.0,0.0,1,6,4,2021
20203.0,Loddon - Elmore,4,4,0,63.0,0.0,0,4,0,2021
20301.0,Barwon - West,4,3,1,176.0,0.0,1,2,1,2021
20302.0,Geelong,64,27,35,2578.0,0.0,42,5,17,2021
20303.0,Surf Coast - Bellarine Peninsula,14,10,4,1052.0,0.0,2,2,10,2021
20401.0,Upper Goulburn Valley,18,14,4,616.0,0.0,9,7,2,2021
20402.0,Wangaratta - Benalla,24,9,15,676.0,0.0,12,10,2,2021
20403.0,Wodonga - Alpine,17,13,4,769.0,8.0,3,11,3,2021
20501.0,Baw Baw,10,7,2,524.0,0.0,5,2,3,2021
20502.0,Gippsland - East,21,11,10,580.0,0.0,7,9,5,2021
20503.0,Gippsland - South West,21,14,7,811.0,0.0,7,10,4,2021
20504.0,Latrobe Valley,35,12,22,1105.0,0.0,22,10,3,2021
20505.0,Wellington,13,9,3,522.0,0.0,4,7,2,2021
20601.0,Brunswick - Coburg,21,8,12,583.0,69.0,12,2,7,2021
20602.0,Darebin - South,10,5,5,355.0,0.0,7,0,3,2021
20603.0,Essendon,26,9,17,649.0,0.0,18,1,7,2021
20604.0,Melbourne City,43,5,33,666.0,0.0,27,2,14,2021
20605.0,Port Phillip,20,6,14,526.0,0.0,19,0,1,2021
20606.0,Stonnington - West,8,6,2,448.0,0.0,1,0,7,2021
20607.0,Yarra,10,4,5,300.0,0.0,6,0,4,2021
20701.0,Boroondara,47,27,18,2148.0,0.0,22,2,23,2021
20702.0,Manningham - West,27,16,11,1407.0,0.0,16,0,11,2021
20703.0,Whitehorse - West,22,9,11,968.0,0.0,9,2,11,2021
20801.0,Bayside,32,15,17,1318.0,0.0,7,0,25,2021
20802.0,Glen Eira,40,22,17,1872.0,0.0,21,6,13,2021
20803.0,Kingston,37,18,18,1172.0,0.0,10,5,22,2021
20804.0,Stonnington - East,19,7,12,698.0,0.0,10,0,9,2021
20901.0,Banyule,26,14,10,1360.0,0.0,14,1,11,2021
20902.0,Darebin - North,24,10,13,847.0,0.0,8,2,14,2021
20903.0,Nillumbik - Kinglake,8,5,3,440.0,0.0,3,1,4,2021
20904.0,Whittlesea - Wallan,35,19,15,1743.0,0.0,16,4,15,2021
21001.0,Keilor,8,8,0,644.0,0.0,4,1,3,2021
21002.0,Macedon Ranges,2,2,0,156.0,0.0,1,0,1,2021
21003.0,Moreland - North,11,10,1,1042.0,0.0,4,0,7,2021
21004.0,Sunbury,3,2,1,192.0,0.0,1,0,2,2021
21005.0,Tullamarine - Broadmeadows,18,10,8,705.0,0.0,8,2,8,2021
21101.0,Knox,43,22,18,1851.0,0.0,27,2,14,2021
21102.0,Manningham - East,4,4,0,426.0,0.0,1,0,3,2021
21103.0,Maroondah,43,13,29,1081.0,0.0,26,3,14,2021
21104.0,Whitehorse - East,16,5,9,744.0,0.0,9,1,6,2021
21105.0,Yarra Ranges,19,13,6,942.0,0.0,8,3,8,2021
21201.0,Cardinia,18,8,10,523.0,0.0,12,3,3,2021
21202.0,Casey - North,12,12,0,1247.0,0.0,2,1,9,2021
21203.0,Casey - South,14,5,9,602.0,0.0,8,1,5,2021
21204.0,Dandenong,51,21,30,1918.0,0.0,26,5,20,2021
21205.0,Monash,46,23,23,2072.0,0.0,15,0,31,2021
21301.0,Brimbank,42,18,24,1323.0,0.0,27,1,14,2021
21302.0,Hobsons Bay,12,9,3,889.0,0.0,6,0,6,2021
21303.0,Maribyrnong,40,7,32,598.0,0.0,34,1,5,2021
21304.0,Melton - Bacchus Marsh,6,6,0,549.0,0.0,2,1,3,2021
21305.0,Wyndham,16,9,6,1040.0,0.0,7,1,8,2021
21401.0,Frankston,29,14,14,1199.0,0.0,19,1,9,2021
21402.0,Mornington Peninsula,34,24,9,2443.0,0.0,10,2,22,2021
21501.0,Grampians,44,32,12,913.0,0.0,10,32,2,2021
21502.0,Mildura,23,8,13,649.0,0.0,16,2,5,2021
21503.0,Murray River - Swan Hill,19,18,1,573.0,8.0,5,13,1,2021
21601.0,Campaspe,16,11,5,570.0,0.0,8,7,1,2021
21602.0,Moira,15,10,5,434.0,0.0,4,9,2,2021
21603.0,Shepparton,71,11,56,791.0,0.0,57,13,1,2021
21701.0,Glenelg - Southern Grampians,20,13,5,502.0,0.0,3,16,1,2021
21703.0,Colac - Corangamite,21,13,6,499.0,3.0,7,11,3,2021
21704.0,Warrnambool,22,8,12,585.0,0.0,13,7,2,2021
30101.0,Capalaba,19,7,12,702.0,0.0,6,0,13,2021
30102.0,Cleveland - Stradbroke,12,9,3,926.0,0.0,8,1,3,2021
30103.0,Wynnum - Manly,9,5,4,509.0,0.0,5,1,3,2021
30201.0,Bald Hills - Everton Park,7,6,1,623.0,0.0,4,0,3,2021
30202.0,Chermside,13,5,8,473.0,0.0,11,0,2,2021
30203.0,Nundah,16,2,14,299.0,0.0,16,0,0,2021
30204.0,Sandgate,12,7,4,824.0,0.0,5,2,5,2021
30301.0,Carindale,6,3,3,332.0,0.0,3,0,3,2021
30302.0,Holland Park - Yeronga,15,9,6,750.0,0.0,5,0,10,2021
30303.0,Mt Gravatt,33,8,24,794.0,0.0,23,1,9,2021
30304.0,Nathan,5,1,4,136.0,0.0,3,0,2,2021
30305.0,Rocklea - Acacia Ridge,9,7,2,674.0,0.0,6,0,3,2021
30306.0,Sunnybank,4,3,1,315.0,0.0,3,0,1,2021
30401.0,Centenary,6,6,0,381.0,0.0,6,0,0,2021
30402.0,Kenmore - Brookfield - Moggill,6,5,1,572.0,0.0,6,0,0,2021
30403.0,Sherwood - Indooroopilly,4,1,3,120.0,0.0,2,0,2,2021
30404.0,The Gap - Enoggera,10,6,4,639.0,0.0,5,0,5,2021
30501.0,Brisbane Inner,28,6,22,528.0,0.0,22,0,6,2021
30502.0,Brisbane Inner - East,4,2,1,282.0,0.0,1,0,3,2021
30503.0,Brisbane Inner - North,23,8,15,867.0,0.0,14,0,9,2021
30504.0,Brisbane Inner - West,9,2,7,136.0,0.0,7,0,2,2021
30601.0,Cairns - North,2,2,0,238.0,0.0,0,0,2,2021
30602.0,Cairns - South,32,11,19,1318.0,0.0,19,2,11,2021
30603.0,Innisfail - Cassowary Coast,14,7,7,426.0,5.0,11,2,1,2021
30604.0,Port Douglas - Daintree,3,3,0,145.0,12.0,2,1,0,2021
30605.0,Tablelands (East) - Kuranda,10,4,6,294.0,0.0,10,0,0,2021
30701.0,Darling Downs (West) - Maranoa,23,15,8,439.0,35.0,10,13,0,2021
30702.0,Darling Downs - East,14,9,5,542.0,3.0,9,5,0,2021
30703.0,Granite Belt,18,10,8,527.0,0.0,16,2,0,2021
30801.0,Central Highlands (Qld),7,5,2,105.0,10.0,4,3,0,2021
30803.0,Rockhampton,33,14,17,1021.0,3.0,23,6,4,2021
30804.0,Biloela,16,7,9,187.0,14.0,11,5,0,2021
30805.0,Gladstone,7,3,4,220.0,0.0,6,0,1,2021
30901.0,Broadbeach - Burleigh,3,3,0,363.0,0.0,1,0,2,2021
30902.0,Coolangatta,20,5,11,503.0,0.0,18,0,2,2021
30903.0,Gold Coast - North,6,6,0,505.0,0.0,0,0,6,2021
30904.0,Gold Coast Hinterland,1,1,0,38.0,0.0,0,0,1,2021
30905.0,Mudgeeraba - Tallebudgera,7,4,3,383.0,0.0,6,0,1,2021
30906.0,Nerang,6,3,3,162.0,0.0,4,0,2,2021
30907.0,Ormeau - Oxenford,17,8,8,800.0,0.0,1,0,16,2021
30908.0,Robina,15,8,7,982.0,0.0,6,0,9,2021
30909.0,Southport,26,18,8,1773.0,0.0,15,0,11,2021
30910.0,Surfers Paradise,8,1,6,107.0,0.0,4,1,3,2021
31001.0,Forest Lake - Oxley,14,8,6,645.0,0.0,8,0,6,2021
31002.0,Ipswich Hinterland,12,7,5,420.0,0.0,12,0,0,2021
31003.0,Ipswich Inner,26,9,16,973.0,0.0,23,1,2,2021
31004.0,Springfield - Redbank,3,0,3,0.0,0.0,1,0,2,2021
31101.0,Beaudesert,8,2,6,227.0,0.0,8,0,0,2021
31102.0,Beenleigh,7,4,3,379.0,0.0,5,0,2,2021
31103.0,Browns Plains,6,6,0,609.0,0.0,3,0,3,2021
31104.0,Jimboomba,1,1,0,144.0,0.0,0,0,1,2021
31105.0,Loganlea - Carbrook,12,6,6,704.0,0.0,7,0,5,2021
31106.0,Springwood - Kingston,16,5,11,566.0,0.0,5,0,11,2021
31201.0,Bowen Basin - North,13,5,8,205.0,18.0,10,3,0,2021
31202.0,Mackay,24,9,14,871.0,0.0,19,2,3,2021
31203.0,Whitsunday,3,1,2,103.0,0.0,2,1,0,2021
31301.0,Bribie - Beachmere,6,3,3,227.0,0.0,5,0,1,2021
31302.0,Caboolture,21,12,9,1468.0,0.0,9,0,12,2021
31303.0,Caboolture Hinterland,2,2,0,115.0,0.0,1,0,1,2021
31304.0,Narangba - Burpengary,5,5,0,513.0,0.0,0,0,5,2021
31305.0,Redcliffe,19,10,8,992.0,0.0,12,1,6,2021
31401.0,The Hills District,2,2,0,170.0,0.0,0,0,2,2021
31402.0,North Lakes,15,5,10,558.0,0.0,7,0,8,2021
31403.0,Strathpine,6,2,4,214.0,0.0,2,0,4,2021
31501.0,Far North,15,5,9,104.0,30.0,5,10,0,2021
31502.0,Outback - North,16,6,7,135.0,49.0,9,7,0,2021
31503.0,Outback - South,21,10,10,192.0,19.0,10,11,0,2021
31601.0,Buderim,10,5,5,505.0,0.0,6,0,4,2021
31602.0,Caloundra,35,13,22,1247.0,0.0,16,0,19,2021
31603.0,Maroochy,30,12,14,1271.0,0.0,19,0,11,2021
31605.0,Noosa,7,4,3,543.0,0.0,2,0,5,2021
31606.0,Sunshine Coast Hinterland,4,3,1,252.0,0.0,3,0,1,2021
31607.0,Nambour,19,9,9,574.0,0.0,15,2,2,2021
31608.0,Noosa Hinterland,3,1,2,86.0,0.0,2,0,1,2021
31701.0,Toowoomba,39,19,19,1744.0,0.0,27,3,9,2021
31801.0,Charters Towers - Ayr - Ingham,17,9,7,535.0,10.0,12,2,3,2021
31802.0,Townsville,38,13,23,1275.0,0.0,30,2,6,2021
31901.0,Bundaberg,24,11,12,900.0,0.0,17,2,5,2021
31902.0,Burnett,26,15,11,477.0,5.0,22,4,0,2021
31903.0,Gympie - Cooloola,9,5,4,395.0,0.0,7,0,2,2021
31904.0,Hervey Bay,25,9,16,898.0,0.0,18,0,7,2021
31905.0,Maryborough,6,5,1,347.0,0.0,4,0,2,2021
40101.0,Adelaide City,15,2,12,165.0,0.0,13,1,1,2021
40102.0,Adelaide Hills,12,10,1,595.0,0.0,5,4,3,2021
40103.0,Burnside,5,2,3,227.0,0.0,2,0,3,2021
40104.0,Campbelltown (SA),17,9,7,618.0,0.0,14,0,3,2021
40105.0,Norwood - Payneham - St Peters,21,8,12,655.0,0.0,7,0,14,2021
40106.0,Prospect - Walkerville,9,4,5,289.0,0.0,6,0,3,2021
40107.0,Unley,27,13,13,1042.0,0.0,16,0,11,2021
40201.0,Gawler - Two Wells,5,4,1,366.0,0.0,2,1,2,2021
40202.0,Playford,13,8,3,778.0,0.0,9,0,4,2021
40203.0,Port Adelaide - East,13,10,2,674.0,0.0,3,2,8,2021
40204.0,Salisbury,21,14,6,1111.0,4.0,12,0,9,2021
40205.0,Tea Tree Gully,10,8,2,963.0,0.0,5,0,5,2021
40301.0,Holdfast Bay,11,7,4,766.0,0.0,6,3,2,2021
40302.0,Marion,15,7,6,796.0,0.0,10,1,4,2021
40303.0,Mitcham,11,9,2,798.0,0.0,8,0,3,2021
40304.0,Onkaparinga,20,18,2,1670.0,0.0,15,0,5,2021
40401.0,Charles Sturt,34,15,18,1235.0,0.0,30,0,4,2021
40402.0,Port Adelaide - West,11,8,2,803.0,0.0,7,1,3,2021
40403.0,West Torrens,19,9,9,856.0,0.0,11,0,8,2021
40501.0,Barossa,11,6,5,326.0,0.0,10,1,0,2021
40502.0,Lower North,14,11,3,382.0,0.0,8,6,0,2021
40503.0,Mid North,17,12,5,391.0,0.0,11,6,0,2021
40504.0,Yorke Peninsula,14,9,5,363.0,0.0,11,2,1,2021
40601.0,Eyre Peninsula and South West,24,15,7,532.0,65.0,12,11,1,2021
40602.0,Outback - North and East,11,5,3,212.0,22.0,4,5,2,2021
40701.0,Fleurieu - Kangaroo Island,15,10,5,736.0,8.0,10,2,3,2021
40702.0,Limestone Coast,17,14,3,730.0,0.0,10,6,1,2021
40703.0,Murray and Mallee,27,20,5,768.0,2.0,11,16,0,2021
50101.0,Augusta - Margaret River - Busselton,12,5,7,443.0,4.0,10,1,1,2021
50102.0,Bunbury,30,9,19,694.0,0.0,26,1,3,2021
50103.0,Manjimup,9,7,2,171.0,8.0,4,5,0,2021
50201.0,Mandurah,19,10,9,860.0,0.0,16,0,3,2021
50301.0,Cottesloe - Claremont,16,10,5,747.0,0.0,5,1,10,2021
50302.0,Perth City,51,25,24,1616.0,0.0,25,0,26,2021
50401.0,Bayswater - Bassendean,15,10,4,732.0,0.0,7,4,4,2021
50402.0,Mundaring,1,1,0,40.0,0.0,1,0,0,2021
50403.0,Swan,14,9,4,700.0,0.0,7,1,6,2021
50501.0,Joondalup,27,11,11,658.0,0.0,21,2,4,2021
50502.0,Stirling,39,21,18,1889.0,0.0,29,1,9,2021
50503.0,Wanneroo,15,12,3,1137.0,0.0,11,0,4,2021
50601.0,Armadale,8,6,2,330.0,0.0,7,0,1,2021
50602.0,Belmont - Victoria Park,43,8,34,622.0,0.0,26,0,17,2021
50603.0,Canning,29,17,11,1439.0,0.0,21,4,4,2021
50604.0,Gosnells,13,7,5,498.0,0.0,13,0,0,2021
50605.0,Kalamunda,9,6,3,405.0,0.0,5,1,3,2021
50606.0,Serpentine - Jarrahdale,1,1,0,68.0,0.0,1,0,0,2021
50607.0,South Perth,14,9,5,923.0,0.0,8,0,6,2021
50701.0,Cockburn,19,12,7,1215.0,0.0,9,1,9,2021
50702.0,Fremantle,6,6,0,432.0,0.0,4,0,2,2021
50703.0,Kwinana,1,1,0,143.0,0.0,0,0,1,2021
50704.0,Melville,20,14,4,1082.0,0.0,9,1,10,2021
50705.0,Rockingham,13,7,6,626.0,0.0,9,1,3,2021
50901.0,Albany,23,13,8,627.0,38.0,8,7,8,2021
50902.0,Wheat Belt - North,28,18,10,374.0,55.0,12,15,1,2021
50903.0,Wheat Belt - South,10,8,2,202.0,9.0,3,6,1,2021
51001.0,Kimberley,17,4,10,199.0,8.0,15,2,0,2021
51002.0,East Pilbara,4,1,3,56.0,0.0,3,1,0,2021
51003.0,West Pilbara,3,1,1,28.0,15.0,3,0,0,2021
51101.0,Esperance,4,2,2,102.0,4.0,1,3,0,2021
51102.0,Gascoyne,2,2,0,20.0,6.0,0,2,0,2021
51103.0,Goldfields,12,6,5,180.0,54.0,9,3,0,2021
51104.0,Mid West,19,8,9,405.0,31.0,11,7,1,2021
60101.0,Brighton,1,1,0,80.0,0.0,1,0,0,2021
60102.0,Hobart - North East,13,5,6,585.0,0.0,9,0,4,2021
60103.0,Hobart - North West,22,7,14,613.0,0.0,16,0,6,2021
60104.0,Hobart - South and West,7,3,4,212.0,0.0,7,0,0,2021
60105.0,Hobart Inner,28,9,17,704.0,30.0,20,1,7,2021
60106.0,Sorell - Dodges Ferry,3,1,2,72.0,0.0,3,0,0,2021
60201.0,Launceston,34,13,19,1191.0,0.0,21,1,12,2021
60202.0,Meander Valley - West Tamar,3,3,0,124.0,1.0,2,1,0,2021
60203.0,North East,15,9,4,275.0,31.0,13,2,0,2021
60301.0,Central Highlands (Tas.),1,1,0,18.0,0.0,0,1,0,2021
60302.0,Huon - Bruny Island,7,3,4,100.0,0.0,7,0,0,2021
60303.0,South East Coast,5,3,2,78.0,6.0,5,0,0,2021
60401.0,Burnie - Ulverstone,14,6,7,580.0,0.0,11,1,2,2021
60402.0,Devonport,14,7,6,486.0,0.0,12,0,2,2021
60403.0,West Coast,7,3,4,91.0,0.0,4,3,0,2021
70101.0,Darwin City,6,1,5,85.0,0.0,6,0,0,2021
70102.0,Darwin Suburbs,9,3,4,161.0,0.0,4,2,3,2021
70104.0,Palmerston,2,1,1,88.0,0.0,2,0,0,2021
70201.0,Alice Springs,37,4,24,218.0,248.0,21,13,3,2021
70202.0,Barkly,3,0,1,25.0,95.0,2,1,0,2021
70203.0,Daly - Tiwi - West Arnhem,10,0,6,41.0,86.0,5,5,0,2021
70204.0,East Arnhem,5,1,3,4.0,14.0,2,3,0,2021
70205.0,Katherine,16,3,9,87.0,27.0,10,5,1,2021
80101.0,Belconnen,17,6,11,555.0,0.0,14,0,3,2021
80104.0,Gungahlin,5,0,5,0.0,0.0,4,0,1,2021
80105.0,North Canberra,10,4,6,343.0,0.0,8,0,2,2021
80106.0,South Canberra,17,4,13,465.0,0.0,10,0,7,2021
80107.0,Tuggeranong,3,3,0,452.0,0.0,3,0,0,2021
80108.0,Weston Creek,9,5,3,393.0,0.0,9,0,0,2021
80109.0,Woden Valley,9,4,3,493.0,0.0,7,1,1,2021
90104.0,Norfolk Island,2,1,1,14.0,20.0,1,1,0,2021
10102.0,Queanbeyan,6,4,2,354.0,2.0,4,1,1,2022
10103.0,Snowy Mountains,7,5,1,146.0,4.0,1,6,0,2022
10104.0,South Coast,26,14,12,1060.0,0.0,23,1,2,2022
10105.0,Goulburn - Mulwaree,13,6,6,404.0,0.0,13,0,0,2022
10106.0,Young - Yass,12,7,5,352.0,0.0,7,2,3,2022
10201.0,Gosford,38,17,19,2039.0,0.0,16,1,21,2022
10202.0,Wyong,40,21,18,1971.0,0.0,25,0,15,2022
10301.0,Bathurst,15,7,8,584.0,8.0,11,1,3,2022
10302.0,Lachlan Valley,28,19,7,810.0,11.0,16,8,4,2022
10303.0,Lithgow - Mudgee,14,11,3,479.0,1.0,8,4,2,2022
10304.0,Orange,18,12,5,691.0,0.0,13,2,3,2022
10401.0,Clarence Valley,16,9,5,691.0,0.0,11,2,3,2022
10402.0,Coffs Harbour,28,13,14,856.0,6.0,20,2,6,2022
10501.0,Bourke - Cobar - Coonamble,15,13,2,247.0,18.0,2,12,1,2022
10502.0,Broken Hill and Far West,13,4,7,222.0,5.0,10,2,1,2022
10503.0,Dubbo,34,19,13,962.0,17.0,22,9,3,2022
10601.0,Lower Hunter,18,11,6,818.0,0.0,17,1,0,2022
10602.0,Maitland,6,6,0,549.0,0.0,4,0,2,2022
10603.0,Port Stephens,13,8,5,704.0,0.0,8,0,5,2022
10604.0,Upper Hunter,12,9,3,317.0,0.0,9,3,0,2022
10701.0,Dapto - Port Kembla,20,9,10,901.0,0.0,17,1,2,2022
10703.0,Kiama - Shellharbour,14,8,6,825.0,0.0,11,2,1,2022
10704.0,Wollongong,27,12,15,1258.0,0.0,22,0,5,2022
10801.0,Great Lakes,9,5,4,561.0,0.0,5,1,3,2022
10802.0,Kempsey - Nambucca,19,9,10,826.0,0.0,14,0,5,2022
10804.0,Port Macquarie,33,11,20,1074.0,0.0,22,3,8,2022
10805.0,Taree - Gloucester,16,9,6,754.0,0.0,14,1,1,2022
10901.0,Albury,28,15,11,804.0,2.0,20,4,4,2022
10902.0,Lower Murray,6,4,2,119.0,0.0,3,2,1,2022
10903.0,Upper Murray exc. Albury,19,16,3,607.0,5.0,13,5,1,2022
11001.0,Armidale,16,9,6,373.0,0.0,7,6,3,2022
11002.0,Inverell - Tenterfield,21,14,6,520.0,13.0,12,7,2,2022
11003.0,Moree - Narrabri,9,5,3,237.0,0.0,6,2,1,2022
11004.0,Tamworth - Gunnedah,28,15,11,759.0,7.0,19,8,1,2022
11101.0,Lake Macquarie - East,26,14,12,1218.0,0.0,21,0,5,2022
11102.0,Lake Macquarie - West,16,10,5,1030.0,0.0,13,0,3,2022
11103.0,Newcastle,47,23,21,2254.0,0.0,34,4,9,2022
11201.0,Richmond Valley - Coastal,21,12,9,926.0,0.0,20,0,1,2022
11202.0,Richmond Valley - Hinterland,25,13,11,763.0,12.0,20,4,1,2022
11203.0,Tweed Valley,33,15,15,1390.0,9.0,24,1,8,2022
11301.0,Griffith - Murrumbidgee (West),19,11,8,573.0,0.0,13,3,3,2022
11302.0,Tumut - Tumbarumba,8,4,4,190.0,10.0,5,3,0,2022
11303.0,Wagga Wagga,38,19,17,886.0,0.0,25,8,5,2022
11401.0,Shoalhaven,34,19,13,1374.0,0.0,28,1,5,2022
11402.0,Southern Highlands,22,6,15,715.0,0.0,9,0,13,2022
11501.0,Baulkham Hills,79,19,59,2445.0,0.0,29,1,49,2022
11502.0,Dural - Wisemans Ferry,5,4,1,369.0,0.0,2,0,3,2022
11503.0,Hawkesbury,1,1,0,30.0,0.0,1,0,0,2022
11601.0,Blacktown,18,9,7,959.0,3.0,11,1,6,2022
11602.0,Blacktown - North,3,2,1,231.0,0.0,1,0,2,2022
11603.0,Mount Druitt,25,8,16,872.0,0.0,24,0,1,2022
11701.0,Botany,6,2,4,170.0,0.0,3,0,3,2022
11702.0,Marrickville - Sydenham - Petersham,5,5,0,461.0,0.0,2,0,3,2022
11703.0,Sydney Inner City,66,9,53,704.0,0.0,52,2,12,2022
11801.0,Eastern Suburbs - North,19,14,5,1017.0,0.0,10,0,9,2022
11802.0,Eastern Suburbs - South,20,16,4,1280.0,0.0,13,0,7,2022
11901.0,Bankstown,26,16,10,1838.0,0.0,15,0,11,2022
11902.0,Canterbury,28,11,14,902.0,0.0,19,0,9,2022
11903.0,Hurstville,25,16,9,1399.0,0.0,16,0,9,2022
11904.0,Kogarah - Rockdale,27,20,7,1628.0,0.0,12,0,15,2022
12001.0,Canada Bay,9,8,0,740.0,0.0,4,1,4,2022
12002.0,Leichhardt,18,5,13,425.0,0.0,16,0,2,2022
12003.0,Strathfield - Burwood - Ashfield,35,24,11,1747.0,0.0,20,0,15,2022
12101.0,Chatswood - Lane Cove,28,12,14,867.0,0.0,19,0,9,2022
12102.0,Hornsby,19,14,5,1146.0,0.0,9,0,10,2022
12103.0,Ku-ring-gai,25,14,8,1049.0,0.0,16,0,9,2022
12104.0,North Sydney - Mosman,11,8,3,516.0,0.0,3,0,8,2022
12201.0,Manly,2,2,0,197.0,0.0,1,0,1,2022
12202.0,Pittwater,10,8,2,671.0,0.0,3,0,7,2022
12203.0,Warringah,34,18,15,1797.0,0.0,20,1,13,2022
12301.0,Camden,13,7,6,904.0,0.0,3,0,10,2022
12302.0,Campbelltown (NSW),15,7,8,974.0,0.0,10,1,4,2022
12303.0,Wollondilly,5,3,2,271.0,0.0,3,0,2,2022
12401.0,Blue Mountains,15,7,8,677.0,0.0,12,0,3,2022
12403.0,Penrith,23,10,12,931.0,0.0,15,1,7,2022
12404.0,Richmond - Windsor,10,5,5,463.0,0.0,7,0,3,2022
12405.0,St Marys,2,2,0,260.0,0.0,0,0,2,2022
12501.0,Auburn,14,5,9,431.0,0.0,6,0,8,2022
12502.0,Carlingford,5,4,1,355.0,0.0,3,0,2,2022
12503.0,Merrylands - Guildford,15,8,7,722.0,0.0,10,0,5,2022
12504.0,Parramatta,38,18,16,1695.0,0.0,20,1,17,2022
12601.0,Pennant Hills - Epping,4,2,2,183.0,0.0,1,0,3,2022
12602.0,Ryde - Hunters Hill,32,18,12,1642.0,0.0,29,1,2,2022
12701.0,Bringelly - Green Valley,2,2,0,236.0,0.0,2,0,0,2022
12702.0,Fairfield,26,14,12,1534.0,0.0,15,0,11,2022
12703.0,Liverpool,28,10,15,973.0,0.0,18,1,9,2022
12801.0,Cronulla - Miranda - Caringbah,19,12,6,1249.0,0.0,12,0,7,2022
12802.0,Sutherland - Menai - Heathcote,13,11,2,1305.0,0.0,7,0,6,2022
20101.0,Ballarat,30,17,11,1260.0,0.0,11,15,4,2022
20102.0,Creswick - Daylesford - Ballan,13,9,4,271.0,0.0,6,6,1,2022
20103.0,Maryborough - Pyrenees,10,8,2,263.0,0.0,2,7,1,2022
20201.0,Bendigo,24,15,7,1267.0,0.0,9,11,4,2022
20202.0,Heathcote - Castlemaine - Kyneton,12,9,3,612.0,0.0,1,6,5,2022
20203.0,Loddon - Elmore,4,4,0,63.0,0.0,0,4,0,2022
20301.0,Barwon - West,4,3,1,176.0,0.0,1,2,1,2022
20302.0,Geelong,55,28,25,2703.0,0.0,32,5,18,2022
20303.0,Surf Coast - Bellarine Peninsula,14,10,4,1052.0,0.0,2,2,10,2022
20401.0,Upper Goulburn Valley,18,14,4,616.0,0.0,9,7,2,2022
20402.0,Wangaratta - Benalla,21,9,11,677.0,0.0,14,5,2,2022
20403.0,Wodonga - Alpine,17,13,4,776.0,8.0,3,11,3,2022
20501.0,Baw Baw,10,7,2,524.0,0.0,5,2,3,2022
20502.0,Gippsland - East,19,11,8,580.0,0.0,5,9,5,2022
20503.0,Gippsland - South West,19,14,5,811.0,0.0,7,8,4,2022
20504.0,Latrobe Valley,31,12,18,1105.0,0.0,16,12,3,2022
20505.0,Wellington,13,9,3,526.0,0.0,4,7,2,2022
20601.0,Brunswick - Coburg,21,8,11,567.0,69.0,13,2,6,2022
20602.0,Darebin - South,9,5,4,355.0,0.0,6,0,3,2022
20603.0,Essendon,26,9,17,649.0,0.0,18,1,7,2022
20604.0,Melbourne City,40,5,28,666.0,0.0,28,2,10,2022
20605.0,Port Phillip,12,6,6,526.0,0.0,11,0,1,2022
20606.0,Stonnington - West,8,6,2,409.0,0.0,2,0,6,2022
20607.0,Yarra,10,4,5,300.0,0.0,6,0,4,2022
20701.0,Boroondara,49,28,17,2321.0,0.0,24,2,23,2022
20702.0,Manningham - West,27,16,11,1407.0,0.0,16,0,11,2022
20703.0,Whitehorse - West,23,13,8,1221.0,0.0,7,2,14,2022
20801.0,Bayside,33,15,18,1322.0,0.0,6,1,26,2022
20802.0,Glen Eira,41,21,19,1855.0,0.0,24,4,13,2022
20803.0,Kingston,34,16,17,1082.0,0.0,9,4,21,2022
20804.0,Stonnington - East,19,7,12,699.0,0.0,10,0,9,2022
20901.0,Banyule,18,13,3,1310.0,0.0,6,1,11,2022
20902.0,Darebin - North,24,10,13,909.0,0.0,8,1,15,2022
20903.0,Nillumbik - Kinglake,8,5,3,485.0,0.0,3,1,4,2022
20904.0,Whittlesea - Wallan,34,19,14,1779.0,0.0,16,4,14,2022
21001.0,Keilor,8,8,0,644.0,0.0,4,1,3,2022
21002.0,Macedon Ranges,2,2,0,156.0,0.0,1,0,1,2022
21003.0,Moreland - North,11,10,1,1042.0,0.0,4,0,7,2022
21004.0,Sunbury,3,2,1,192.0,0.0,1,0,2,2022
21005.0,Tullamarine - Broadmeadows,18,10,8,707.0,0.0,8,2,8,2022
21101.0,Knox,37,21,13,1803.0,0.0,21,2,14,2022
21102.0,Manningham - East,4,4,0,434.0,0.0,1,0,3,2022
21103.0,Maroondah,37,13,23,1081.0,0.0,19,3,15,2022
21104.0,Whitehorse - East,14,5,7,744.0,0.0,7,1,6,2022
21105.0,Yarra Ranges,19,13,6,970.0,0.0,8,3,8,2022
21201.0,Cardinia,17,8,9,538.0,0.0,11,3,3,2022
21202.0,Casey - North,9,9,0,1012.0,0.0,1,1,7,2022
21203.0,Casey - South,13,9,4,940.0,0.0,5,0,8,2022
21204.0,Dandenong,45,20,25,1877.0,0.0,22,5,18,2022
21205.0,Monash,44,18,26,1880.0,0.0,14,0,30,2022
21301.0,Brimbank,32,15,17,1185.0,0.0,21,1,10,2022
21302.0,Hobsons Bay,9,9,0,859.0,0.0,3,0,6,2022
21303.0,Maribyrnong,36,7,28,598.0,0.0,30,1,5,2022
21304.0,Melton - Bacchus Marsh,11,8,3,697.0,0.0,3,1,7,2022
21305.0,Wyndham,17,10,6,1160.0,0.0,7,1,9,2022
21401.0,Frankston,26,14,11,1288.0,0.0,16,1,9,2022
21402.0,Mornington Peninsula,35,24,10,2449.0,0.0,11,2,22,2022
21501.0,Grampians,42,32,10,913.0,0.0,8,32,2,2022
21502.0,Mildura,24,8,14,656.0,0.0,17,2,5,2022
21503.0,Murray River - Swan Hill,19,18,1,578.0,8.0,5,13,1,2022
21601.0,Campaspe,16,11,5,570.0,0.0,8,7,1,2022
21602.0,Moira,16,10,6,435.0,0.0,5,9,2,2022
21603.0,Shepparton,53,11,38,791.0,0.0,40,12,1,2022
21701.0,Glenelg - Southern Grampians,19,13,4,502.0,0.0,3,15,1,2022
21703.0,Colac - Corangamite,21,13,6,499.0,3.0,7,11,3,2022
21704.0,Warrnambool,22,8,12,585.0,0.0,13,7,2,2022
30101.0,Capalaba,18,7,11,702.0,0.0,5,0,13,2022
30102.0,Cleveland - Stradbroke,13,9,4,926.0,0.0,9,1,3,2022
30103.0,Wynnum - Manly,9,5,4,509.0,0.0,5,1,3,2022
30201.0,Bald Hills - Everton Park,7,6,1,623.0,0.0,4,0,3,2022
30202.0,Chermside,13,5,8,473.0,0.0,11,0,2,2022
30203.0,Nundah,13,2,11,299.0,0.0,13,0,0,2022
30204.0,Sandgate,12,7,4,824.0,0.0,5,2,5,2022
30301.0,Carindale,5,3,2,332.0,0.0,2,0,3,2022
30302.0,Holland Park - Yeronga,12,8,4,714.0,0.0,4,0,8,2022
30303.0,Mt Gravatt,32,8,23,794.0,0.0,22,1,9,2022
30304.0,Nathan,5,1,4,136.0,0.0,3,0,2,2022
30305.0,Rocklea - Acacia Ridge,10,7,3,682.0,0.0,7,0,3,2022
30306.0,Sunnybank,4,3,1,307.0,0.0,3,0,1,2022
30401.0,Centenary,9,7,2,474.0,0.0,8,0,1,2022
30402.0,Kenmore - Brookfield - Moggill,6,5,1,572.0,0.0,6,0,0,2022
30403.0,Sherwood - Indooroopilly,3,1,2,120.0,0.0,1,0,2,2022
30404.0,The Gap - Enoggera,9,6,3,639.0,0.0,5,0,4,2022
30501.0,Brisbane Inner,27,6,21,528.0,0.0,22,0,5,2022
30502.0,Brisbane Inner - East,5,2,2,282.0,0.0,1,0,4,2022
30503.0,Brisbane Inner - North,23,8,14,874.0,0.0,15,0,8,2022
30504.0,Brisbane Inner - West,10,2,8,136.0,0.0,7,0,3,2022
30601.0,Cairns - North,2,2,0,238.0,0.0,0,0,2,2022
30602.0,Cairns - South,30,10,18,1245.0,0.0,17,2,11,2022
30603.0,Innisfail - Cassowary Coast,13,6,7,400.0,5.0,10,2,1,2022
30604.0,Port Douglas - Daintree,3,3,0,145.0,12.0,2,1,0,2022
30605.0,Tablelands (East) - Kuranda,10,4,6,294.0,0.0,10,0,0,2022
30701.0,Darling Downs (West) - Maranoa,23,15,7,425.0,35.0,11,11,1,2022
30702.0,Darling Downs - East,15,9,5,523.0,3.0,10,5,0,2022
30703.0,Granite Belt,19,10,9,463.0,0.0,17,2,0,2022
30801.0,Central Highlands (Qld),7,5,2,105.0,10.0,4,3,0,2022
30803.0,Rockhampton,31,14,15,1051.0,3.0,22,4,5,2022
30804.0,Biloela,17,7,10,187.0,14.0,12,5,0,2022
30805.0,Gladstone,7,3,4,220.0,0.0,6,0,1,2022
30901.0,Broadbeach - Burleigh,3,3,0,363.0,0.0,1,0,2,2022
30902.0,Coolangatta,24,5,11,503.0,0.0,21,0,3,2022
30903.0,Gold Coast - North,6,6,0,505.0,0.0,0,0,6,2022
30904.0,Gold Coast Hinterland,1,1,0,38.0,0.0,0,0,1,2022
30905.0,Mudgeeraba - Tallebudgera,8,4,4,383.0,0.0,7,0,1,2022
30906.0,Nerang,5,2,3,81.0,0.0,4,0,1,2022
30907.0,Ormeau - Oxenford,18,8,9,800.0,0.0,1,0,17,2022
30908.0,Robina,13,8,5,982.0,0.0,4,0,9,2022
30909.0,Southport,26,18,8,1764.0,0.0,16,0,10,2022
30910.0,Surfers Paradise,7,1,5,72.0,0.0,4,1,2,2022
31001.0,Forest Lake - Oxley,10,6,4,648.0,0.0,5,0,5,2022
31002.0,Ipswich Hinterland,13,7,6,420.0,0.0,13,0,0,2022
31003.0,Ipswich Inner,27,9,17,973.0,0.0,24,1,2,2022
31004.0,Springfield - Redbank,2,0,2,0.0,0.0,0,0,2,2022
31101.0,Beaudesert,8,2,6,227.0,0.0,8,0,0,2022
31102.0,Beenleigh,6,3,3,248.0,0.0,5,0,1,2022
31103.0,Browns Plains,6,6,0,610.0,0.0,3,0,3,2022
31104.0,Jimboomba,1,1,0,144.0,0.0,0,0,1,2022
31105.0,Loganlea - Carbrook,12,6,6,704.0,0.0,7,0,5,2022
31106.0,Springwood - Kingston,16,5,11,573.0,0.0,5,0,11,2022
31201.0,Bowen Basin - North,13,5,8,205.0,18.0,10,3,0,2022
31202.0,Mackay,24,9,13,846.0,0.0,19,2,3,2022
31203.0,Whitsunday,3,1,2,103.0,0.0,2,1,0,2022
31301.0,Bribie - Beachmere,6,3,3,221.0,0.0,5,0,1,2022
31302.0,Caboolture,20,12,8,1468.0,0.0,8,0,12,2022
31303.0,Caboolture Hinterland,2,2,0,115.0,0.0,1,0,1,2022
31304.0,Narangba - Burpengary,5,5,0,517.0,0.0,0,0,5,2022
31305.0,Redcliffe,19,10,8,992.0,0.0,12,1,6,2022
31401.0,The Hills District,4,2,2,170.0,0.0,1,0,3,2022
31402.0,North Lakes,13,5,8,558.0,0.0,6,0,7,2022
31403.0,Strathpine,6,2,4,214.0,0.0,2,0,4,2022
31501.0,Far North,15,5,9,104.0,30.0,5,10,0,2022
31502.0,Outback - North,16,6,7,135.0,49.0,9,7,0,2022
31503.0,Outback - South,20,10,9,192.0,19.0,9,11,0,2022
31601.0,Buderim,11,5,5,505.0,0.0,6,0,5,2022
31602.0,Caloundra,32,13,19,1247.0,0.0,15,0,17,2022
31603.0,Maroochy,27,12,11,1271.0,0.0,16,0,11,2022
31605.0,Noosa,7,4,3,575.0,0.0,2,0,5,2022
31606.0,Sunshine Coast Hinterland,4,3,1,252.0,0.0,3,0,1,2022
31607.0,Nambour,17,8,8,523.0,0.0,13,2,2,2022
31608.0,Noosa Hinterland,3,1,2,86.0,0.0,2,0,1,2022
31701.0,Toowoomba,39,19,19,1744.0,0.0,27,3,9,2022
31801.0,Charters Towers - Ayr - Ingham,16,8,7,535.0,10.0,11,2,3,2022
31802.0,Townsville,36,13,21,1275.0,0.0,29,2,5,2022
31901.0,Bundaberg,23,11,11,912.0,0.0,17,2,4,2022
31902.0,Burnett,26,15,11,477.0,5.0,22,4,0,2022
31903.0,Gympie - Cooloola,10,5,5,445.0,0.0,8,0,2,2022
31904.0,Hervey Bay,23,9,14,898.0,0.0,16,0,7,2022
31905.0,Maryborough,7,6,1,531.0,0.0,4,0,3,2022
40101.0,Adelaide City,14,2,11,165.0,0.0,12,1,1,2022
40102.0,Adelaide Hills,11,9,1,585.0,0.0,5,3,3,2022
40103.0,Burnside,8,2,6,227.0,0.0,6,0,2,2022
40104.0,Campbelltown (SA),17,9,7,619.0,0.0,14,0,3,2022
40105.0,Norwood - Payneham - St Peters,19,8,10,655.0,0.0,7,0,12,2022
40106.0,Prospect - Walkerville,8,3,5,257.0,0.0,6,0,2,2022
40107.0,Unley,23,13,9,1042.0,0.0,14,0,9,2022
40201.0,Gawler - Two Wells,4,4,0,375.0,0.0,2,0,2,2022
40202.0,Playford,12,8,2,778.0,0.0,8,0,4,2022
40203.0,Port Adelaide - East,13,10,2,674.0,0.0,3,2,8,2022
40204.0,Salisbury,20,14,5,1111.0,2.0,11,0,9,2022
40205.0,Tea Tree Gully,10,8,2,965.0,0.0,5,0,5,2022
40301.0,Holdfast Bay,9,7,2,776.0,0.0,5,2,2,2022
40302.0,Marion,13,7,4,796.0,0.0,9,1,3,2022
40303.0,Mitcham,11,9,2,799.0,0.0,8,0,3,2022
40304.0,Onkaparinga,20,18,2,1668.0,0.0,15,0,5,2022
40401.0,Charles Sturt,30,15,14,1272.0,0.0,26,0,4,2022
40402.0,Port Adelaide - West,9,7,1,737.0,0.0,6,1,2,2022
40403.0,West Torrens,16,9,6,859.0,0.0,7,0,9,2022
40501.0,Barossa,11,6,5,330.0,0.0,10,1,0,2022
40502.0,Lower North,14,11,3,390.0,0.0,8,6,0,2022
40503.0,Mid North,17,12,5,391.0,0.0,11,6,0,2022
40504.0,Yorke Peninsula,13,9,4,363.0,0.0,10,2,1,2022
40601.0,Eyre Peninsula and South West,23,14,7,482.0,65.0,11,11,1,2022
40602.0,Outback - North and East,10,5,2,216.0,27.0,4,4,2,2022
40701.0,Fleurieu - Kangaroo Island,15,10,5,761.0,8.0,10,2,3,2022
40702.0,Limestone Coast,17,14,3,742.0,0.0,10,6,1,2022
40703.0,Murray and Mallee,26,20,4,768.0,1.0,10,16,0,2022
50101.0,Augusta - Margaret River - Busselton,11,6,5,499.0,4.0,9,1,1,2022
50102.0,Bunbury,29,9,17,694.0,0.0,23,2,4,2022
50103.0,Manjimup,9,7,2,171.0,8.0,4,4,1,2022
50201.0,Mandurah,17,10,7,860.0,0.0,14,0,3,2022
50301.0,Cottesloe - Claremont,16,10,5,909.0,0.0,5,1,10,2022
50302.0,Perth City,51,25,24,1716.0,0.0,26,0,25,2022
50401.0,Bayswater - Bassendean,15,10,4,732.0,0.0,7,4,4,2022
50402.0,Mundaring,1,1,0,40.0,0.0,1,0,0,2022
50403.0,Swan,12,8,3,676.0,0.0,5,0,7,2022
50501.0,Joondalup,24,11,11,658.0,0.0,18,2,4,2022
50502.0,Stirling,37,21,16,1889.0,0.0,27,1,9,2022
50503.0,Wanneroo,13,11,2,1149.0,0.0,10,0,3,2022
50601.0,Armadale,8,6,2,330.0,0.0,7,0,1,2022
50602.0,Belmont - Victoria Park,44,8,32,622.0,0.0,27,0,17,2022
50603.0,Canning,25,13,11,1129.0,0.0,20,3,2,2022
50604.0,Gosnells,17,10,6,760.0,0.0,14,1,2,2022
50605.0,Kalamunda,9,6,3,405.0,0.0,5,0,4,2022
50606.0,Serpentine - Jarrahdale,1,1,0,68.0,0.0,1,0,0,2022
50607.0,South Perth,13,9,4,923.0,0.0,8,0,5,2022
50701.0,Cockburn,19,12,7,1215.0,0.0,9,1,9,2022
50702.0,Fremantle,6,5,1,393.0,0.0,3,0,3,2022
50703.0,Kwinana,1,1,0,131.0,0.0,0,0,1,2022
50704.0,Melville,19,15,3,1214.0,0.0,8,1,10,2022
50705.0,Rockingham,13,7,6,626.0,0.0,9,1,3,2022
50901.0,Albany,23,13,8,627.0,38.0,8,7,8,2022
50902.0,Wheat Belt - North,28,18,10,374.0,55.0,12,15,1,2022
50903.0,Wheat Belt - South,10,8,2,202.0,9.0,3,6,1,2022
51001.0,Kimberley,18,4,9,190.0,44.0,15,3,0,2022
51002.0,East Pilbara,4,1,3,56.0,0.0,3,1,0,2022
51003.0,West Pilbara,3,1,1,28.0,15.0,3,0,0,2022
51101.0,Esperance,4,2,2,102.0,4.0,1,3,0,2022
51102.0,Gascoyne,2,2,0,42.0,6.0,0,2,0,2022
51103.0,Goldfields,11,5,5,174.0,53.0,9,2,0,2022
51104.0,Mid West,20,8,9,365.0,31.0,11,8,1,2022
60101.0,Brighton,1,1,0,80.0,0.0,1,0,0,2022
60102.0,Hobart - North East,12,5,5,584.0,0.0,8,0,4,2022
60103.0,Hobart - North West,21,7,12,613.0,0.0,14,0,7,2022
60104.0,Hobart - South and West,7,3,4,212.0,0.0,7,0,0,2022
60105.0,Hobart Inner,25,9,15,704.0,0.0,17,1,7,2022
60106.0,Sorell - Dodges Ferry,3,1,2,72.0,0.0,3,0,0,2022
60201.0,Launceston,34,15,16,1253.0,0.0,21,1,12,2022
60202.0,Meander Valley - West Tamar,3,3,0,124.0,1.0,2,1,0,2022
60203.0,North East,13,7,4,223.0,31.0,11,2,0,2022
60301.0,Central Highlands (Tas.),1,1,0,18.0,0.0,0,1,0,2022
60302.0,Huon - Bruny Island,7,3,4,100.0,0.0,7,0,0,2022
60303.0,South East Coast,5,3,2,78.0,6.0,5,0,0,2022
60401.0,Burnie - Ulverstone,14,6,7,580.0,0.0,11,1,2,2022
60402.0,Devonport,15,7,5,486.0,0.0,11,0,4,2022
60403.0,West Coast,5,3,2,97.0,0.0,2,3,0,2022
70101.0,Darwin City,7,1,5,85.0,0.0,7,0,0,2022
70102.0,Darwin Suburbs,9,3,4,161.0,0.0,4,2,3,2022
70104.0,Palmerston,2,1,1,88.0,0.0,2,0,0,2022
70201.0,Alice Springs,23,4,10,218.0,248.0,18,3,2,2022
70202.0,Barkly,3,0,1,25.0,95.0,2,1,0,2022
70203.0,Daly - Tiwi - West Arnhem,9,0,5,41.0,86.0,5,4,0,2022
70204.0,East Arnhem,5,1,3,4.0,14.0,2,3,0,2022
70205.0,Katherine,16,3,9,87.0,27.0,10,5,1,2022
80101.0,Belconnen,19,6,11,584.0,0.0,14,1,4,2022
80104.0,Gungahlin,5,0,5,0.0,0.0,4,0,1,2022
80105.0,North Canberra,10,4,6,343.0,0.0,8,0,2,2022
80106.0,South Canberra,17,4,13,465.0,0.0,10,0,7,2022
80107.0,Tuggeranong,3,3,0,386.0,0.0,3,0,0,2022
80108.0,Weston Creek,9,5,3,393.0,0.0,9,0,0,2022
80109.0,Woden Valley,12,5,3,574.0,0.0,10,1,1,2022
90104.0,Norfolk Island,2,1,1,14.0,20.0,1,1,0,2022
10102.0,Queanbeyan,6,4,2,364.0,2.0,4,1,1,2023
10103.0,Snowy Mountains,7,5,1,146.0,4.0,1,6,0,2023
10104.0,South Coast,26,14,12,1060.0,0.0,23,1,2,2023
10105.0,Goulburn - Mulwaree,12,6,5,409.0,0.0,12,0,0,2023
10106.0,Young - Yass,13,8,5,397.0,0.0,7,2,4,2023
10201.0,Gosford,38,16,20,1954.0,0.0,15,1,22,2023
10202.0,Wyong,40,21,18,1971.0,0.0,25,0,15,2023
10301.0,Bathurst,15,7,8,584.0,8.0,11,1,3,2023
10302.0,Lachlan Valley,28,19,7,810.0,11.0,16,8,4,2023
10303.0,Lithgow - Mudgee,14,11,3,485.0,1.0,8,4,2,2023
10304.0,Orange,18,12,5,691.0,0.0,13,2,3,2023
10401.0,Clarence Valley,15,9,5,683.0,0.0,11,1,3,2023
10402.0,Coffs Harbour,29,14,14,972.0,6.0,20,2,7,2023
10501.0,Bourke - Cobar - Coonamble,15,13,2,247.0,18.0,2,12,1,2023
10502.0,Broken Hill and Far West,12,4,7,222.0,5.0,9,2,1,2023
10503.0,Dubbo,35,19,13,963.0,17.0,24,9,2,2023
10601.0,Lower Hunter,18,11,6,818.0,0.0,17,1,0,2023
10602.0,Maitland,6,6,0,549.0,0.0,4,0,2,2023
10603.0,Port Stephens,13,7,6,652.0,0.0,7,0,6,2023
10604.0,Upper Hunter,10,7,3,249.0,0.0,7,3,0,2023
10701.0,Dapto - Port Kembla,20,9,10,923.0,0.0,17,1,2,2023
10703.0,Kiama - Shellharbour,13,7,6,825.0,0.0,10,2,1,2023
10704.0,Wollongong,26,12,14,1317.0,0.0,20,1,5,2023
10801.0,Great Lakes,10,5,5,561.0,0.0,5,1,4,2023
10802.0,Kempsey - Nambucca,19,9,10,826.0,0.0,14,0,5,2023
10804.0,Port Macquarie,35,12,21,1183.0,0.0,23,1,11,2023
10805.0,Taree - Gloucester,16,9,6,766.0,0.0,14,1,1,2023
10901.0,Albury,29,15,12,804.0,2.0,21,4,4,2023
10902.0,Lower Murray,6,4,2,119.0,0.0,3,2,1,2023
10903.0,Upper Murray exc. Albury,19,16,3,609.0,5.0,13,5,1,2023
11001.0,Armidale,15,9,5,372.0,0.0,6,6,3,2023
11002.0,Inverell - Tenterfield,21,14,6,520.0,13.0,12,7,2,2023
11003.0,Moree - Narrabri,8,5,2,237.0,0.0,6,1,1,2023
11004.0,Tamworth - Gunnedah,27,15,10,759.0,7.0,18,8,1,2023
11101.0,Lake Macquarie - East,24,12,12,1074.0,0.0,19,0,5,2023
11102.0,Lake Macquarie - West,18,12,5,1223.0,0.0,15,0,3,2023
11103.0,Newcastle,49,23,23,2254.0,0.0,36,2,11,2023
11201.0,Richmond Valley - Coastal,21,12,9,932.0,0.0,20,0,1,2023
11202.0,Richmond Valley - Hinterland,24,12,11,700.0,12.0,19,4,1,2023
11203.0,Tweed Valley,32,14,16,1346.0,9.0,23,0,9,2023
11301.0,Griffith - Murrumbidgee (West),19,11,8,574.0,0.0,13,3,3,2023
11302.0,Tumut - Tumbarumba,8,4,4,191.0,10.0,5,3,0,2023
11303.0,Wagga Wagga,39,20,17,1031.0,0.0,25,8,6,2023
11401.0,Shoalhaven,30,19,10,1374.0,0.0,26,0,4,2023
11402.0,Southern Highlands,22,6,15,655.0,0.0,9,0,13,2023
11501.0,Baulkham Hills,74,16,57,2106.0,0.0,27,0,47,2023
11502.0,Dural - Wisemans Ferry,5,4,1,374.0,0.0,2,0,3,2023
11503.0,Hawkesbury,3,1,2,36.0,0.0,1,0,2,2023
11504.0,Rouse Hill - McGraths Hill,2,1,1,122.0,0.0,1,0,1,2023
11601.0,Blacktown,17,8,8,909.0,2.0,10,0,7,2023
11602.0,Blacktown - North,3,2,1,231.0,0.0,1,0,2,2023
11603.0,Mount Druitt,34,8,24,872.0,0.0,33,0,1,2023
11701.0,Botany,6,2,4,170.0,0.0,3,0,3,2023
11702.0,Marrickville - Sydenham - Petersham,5,5,0,321.0,0.0,4,0,1,2023
11703.0,Sydney Inner City,61,9,48,704.0,0.0,44,2,15,2023
11801.0,Eastern Suburbs - North,20,14,6,1017.0,0.0,11,0,9,2023
11802.0,Eastern Suburbs - South,18,15,3,1200.0,0.0,12,0,6,2023
11901.0,Bankstown,27,16,11,1838.0,0.0,15,0,12,2023
11902.0,Canterbury,29,10,16,830.0,0.0,20,0,9,2023
11903.0,Hurstville,29,16,13,1399.0,0.0,17,0,12,2023
11904.0,Kogarah - Rockdale,28,19,9,1521.0,0.0,12,0,16,2023
12001.0,Canada Bay,9,8,0,740.0,0.0,5,1,3,2023
12002.0,Leichhardt,17,4,13,342.0,0.0,15,0,2,2023
12003.0,Strathfield - Burwood - Ashfield,35,23,12,1699.0,0.0,19,0,16,2023
12101.0,Chatswood - Lane Cove,28,12,14,867.0,0.0,19,0,9,2023
12102.0,Hornsby,15,10,5,882.0,0.0,7,0,8,2023
12103.0,Ku-ring-gai,27,17,7,1421.0,0.0,19,0,8,2023
12104.0,North Sydney - Mosman,11,8,3,487.0,0.0,3,0,8,2023
12201.0,Manly,3,2,1,173.0,0.0,1,0,2,2023
12202.0,Pittwater,10,8,2,671.0,0.0,3,0,7,2023
12203.0,Warringah,31,16,14,1685.0,0.0,18,1,12,2023
12301.0,Camden,10,5,5,574.0,0.0,1,0,9,2023
12302.0,Campbelltown (NSW),16,8,8,1148.0,0.0,12,0,4,2023
12303.0,Wollondilly,5,3,2,271.0,0.0,4,0,1,2023
12401.0,Blue Mountains,15,7,8,661.0,0.0,12,0,3,2023
12403.0,Penrith,25,11,13,1087.0,0.0,15,1,9,2023
12404.0,Richmond - Windsor,8,4,4,403.0,0.0,6,0,2,2023
12405.0,St Marys,2,2,0,260.0,0.0,0,0,2,2023
12501.0,Auburn,13,5,8,431.0,0.0,6,0,7,2023
12502.0,Carlingford,4,3,1,289.0,0.0,2,0,2,2023
12503.0,Merrylands - Guildford,20,12,8,1184.0,0.0,11,0,9,2023
12504.0,Parramatta,38,17,17,1648.0,0.0,22,1,15,2023
12601.0,Pennant Hills - Epping,7,3,4,224.0,0.0,1,0,6,2023
12602.0,Ryde - Hunters Hill,30,17,12,1564.0,0.0,28,0,2,2023
12701.0,Bringelly - Green Valley,4,4,0,566.0,0.0,3,0,1,2023
12702.0,Fairfield,27,13,14,1408.0,0.0,15,0,12,2023
12703.0,Liverpool,27,8,16,799.0,0.0,17,1,9,2023
12801.0,Cronulla - Miranda - Caringbah,19,13,5,1309.0,0.0,13,0,6,2023
12802.0,Sutherland - Menai - Heathcote,14,11,3,1305.0,0.0,7,0,7,2023
20101.0,Ballarat,30,17,11,1260.0,0.0,11,15,4,2023
20102.0,Creswick - Daylesford - Ballan,10,8,2,271.0,0.0,3,6,1,2023
20103.0,Maryborough - Pyrenees,10,8,2,287.0,0.0,2,7,1,2023
20201.0,Bendigo,24,15,7,1272.0,0.0,9,11,4,2023
20202.0,Heathcote - Castlemaine - Kyneton,12,9,3,612.0,0.0,1,6,5,2023
20203.0,Loddon - Elmore,4,4,0,63.0,0.0,0,4,0,2023
20301.0,Barwon - West,4,3,1,176.0,0.0,1,2,1,2023
20302.0,Geelong,55,27,26,2620.0,0.0,33,4,18,2023
20303.0,Surf Coast - Bellarine Peninsula,14,10,4,1062.0,0.0,2,2,10,2023
20401.0,Upper Goulburn Valley,18,14,4,632.0,0.0,9,7,2,2023
20402.0,Wangaratta - Benalla,17,9,7,679.0,0.0,10,5,2,2023
20403.0,Wodonga - Alpine,18,13,5,776.0,8.0,3,11,4,2023
20501.0,Baw Baw,10,7,2,524.0,0.0,5,2,3,2023
20502.0,Gippsland - East,19,11,8,580.0,0.0,5,9,5,2023
20503.0,Gippsland - South West,19,14,5,811.0,0.0,7,8,4,2023
20504.0,Latrobe Valley,31,12,18,1108.0,0.0,16,12,3,2023
20505.0,Wellington,13,9,3,526.0,0.0,4,7,2,2023
20601.0,Brunswick - Coburg,20,7,11,481.0,69.0,14,2,4,2023
20602.0,Darebin - South,10,6,4,430.0,0.0,7,0,3,2023
20603.0,Essendon,24,9,15,666.0,0.0,18,1,5,2023
20604.0,Melbourne City,41,6,28,724.0,0.0,29,3,9,2023
20605.0,Port Phillip,13,7,6,610.0,0.0,11,0,2,2023
20606.0,Stonnington - West,7,5,2,244.0,0.0,2,0,5,2023
20607.0,Yarra,12,3,8,270.0,0.0,6,0,6,2023
20701.0,Boroondara,47,26,17,2156.0,0.0,24,2,21,2023
20702.0,Manningham - West,27,16,11,1408.0,0.0,17,0,10,2023
20703.0,Whitehorse - West,20,9,9,1078.0,0.0,7,0,13,2023
20801.0,Bayside,34,15,19,1322.0,0.0,8,1,25,2023
20802.0,Glen Eira,36,20,15,1699.0,0.0,21,4,11,2023
20803.0,Kingston,39,17,21,1230.0,0.0,11,4,24,2023
20804.0,Stonnington - East,16,7,9,699.0,0.0,10,0,6,2023
20901.0,Banyule,19,13,4,1308.0,0.0,7,1,11,2023
20902.0,Darebin - North,29,13,15,1058.0,0.0,9,5,15,2023
20903.0,Nillumbik - Kinglake,9,6,3,575.0,0.0,3,1,5,2023
20904.0,Whittlesea - Wallan,30,15,14,1603.0,0.0,16,0,14,2023
21001.0,Keilor,8,8,0,644.0,0.0,4,1,3,2023
21002.0,Macedon Ranges,2,2,0,157.0,0.0,1,0,1,2023
21003.0,Moreland - North,13,11,2,1128.0,0.0,2,0,11,2023
21004.0,Sunbury,3,2,1,192.0,0.0,2,0,1,2023
21005.0,Tullamarine - Broadmeadows,20,10,10,707.0,0.0,8,2,10,2023
21101.0,Knox,34,19,13,1618.0,0.0,21,1,12,2023
21102.0,Manningham - East,4,4,0,435.0,0.0,2,0,2,2023
21103.0,Maroondah,37,15,20,1328.0,0.0,22,1,14,2023
21104.0,Whitehorse - East,13,5,6,783.0,0.0,7,1,5,2023
21105.0,Yarra Ranges,19,14,5,1203.0,0.0,9,2,8,2023
21201.0,Cardinia,18,9,9,766.0,0.0,11,3,4,2023
21202.0,Casey - North,12,11,1,1210.0,0.0,2,1,9,2023
21203.0,Casey - South,11,7,4,742.0,0.0,4,0,7,2023
21204.0,Dandenong,40,19,21,1818.0,0.0,23,5,12,2023
21205.0,Monash,53,23,30,2357.0,0.0,16,0,37,2023
21301.0,Brimbank,36,16,20,1246.0,0.0,23,1,12,2023
21302.0,Hobsons Bay,9,9,0,859.0,0.0,3,0,6,2023
21303.0,Maribyrnong,36,7,28,599.0,0.0,28,1,7,2023
21304.0,Melton - Bacchus Marsh,9,7,2,637.0,0.0,2,1,6,2023
21305.0,Wyndham,17,11,5,1286.0,0.0,8,1,8,2023
21401.0,Frankston,28,14,13,1366.0,0.0,15,1,12,2023
21402.0,Mornington Peninsula,34,24,9,2460.0,0.0,10,2,22,2023
21501.0,Grampians,43,31,12,900.0,0.0,11,29,3,2023
21502.0,Mildura,24,8,14,656.0,0.0,17,2,5,2023
21503.0,Murray River - Swan Hill,19,18,1,578.0,8.0,5,13,1,2023
21601.0,Campaspe,16,11,5,570.0,0.0,8,7,1,2023
21602.0,Moira,15,9,6,416.0,0.0,4,9,2,2023
21603.0,Shepparton,54,11,39,752.0,0.0,41,12,1,2023
21701.0,Glenelg - Southern Grampians,19,13,4,504.0,0.0,3,15,1,2023
21703.0,Colac - Corangamite,21,13,6,489.0,3.0,7,11,3,2023
21704.0,Warrnambool,23,8,13,585.0,0.0,13,7,3,2023
30101.0,Capalaba,18,7,11,702.0,0.0,5,0,13,2023
30102.0,Cleveland - Stradbroke,14,10,4,1020.0,0.0,9,1,4,2023
30103.0,Wynnum - Manly,9,5,4,509.0,0.0,6,0,3,2023
30201.0,Bald Hills - Everton Park,4,4,0,503.0,0.0,1,0,3,2023
30202.0,Chermside,16,7,9,736.0,0.0,13,0,3,2023
30203.0,Nundah,11,3,8,319.0,0.0,11,0,0,2023
30204.0,Sandgate,13,7,5,824.0,0.0,6,2,5,2023
30301.0,Carindale,7,4,3,473.0,0.0,2,0,5,2023
30302.0,Holland Park - Yeronga,12,8,4,714.0,0.0,4,0,8,2023
30303.0,Mt Gravatt,29,7,21,794.0,0.0,20,1,8,2023
30304.0,Nathan,5,1,4,136.0,0.0,3,0,2,2023
30305.0,Rocklea - Acacia Ridge,11,7,4,684.0,0.0,7,0,4,2023
30306.0,Sunnybank,9,4,5,375.0,0.0,6,0,3,2023
30401.0,Centenary,7,7,0,474.0,0.0,6,0,1,2023
30402.0,Kenmore - Brookfield - Moggill,5,4,1,512.0,0.0,5,0,0,2023
30403.0,Sherwood - Indooroopilly,6,4,2,399.0,0.0,4,0,2,2023
30404.0,The Gap - Enoggera,7,5,2,581.0,0.0,5,0,2,2023
30501.0,Brisbane Inner,30,6,24,589.0,0.0,23,0,7,2023
30502.0,Brisbane Inner - East,4,2,1,282.0,0.0,1,0,3,2023
30503.0,Brisbane Inner - North,19,7,11,768.0,0.0,12,0,7,2023
30504.0,Brisbane Inner - West,11,3,8,200.0,0.0,8,0,3,2023
30601.0,Cairns - North,6,3,3,432.0,0.0,2,0,4,2023
30602.0,Cairns - South,27,9,16,989.0,0.0,15,2,10,2023
30603.0,Innisfail - Cassowary Coast,11,5,6,338.0,5.0,10,1,0,2023
30604.0,Port Douglas - Daintree,3,3,0,145.0,12.0,2,1,0,2023
30605.0,Tablelands (East) - Kuranda,9,3,6,294.0,0.0,9,0,0,2023
30701.0,Darling Downs (West) - Maranoa,23,15,7,427.0,35.0,11,11,1,2023
30702.0,Darling Downs - East,15,10,4,538.0,3.0,10,5,0,2023
30703.0,Granite Belt,19,10,9,468.0,0.0,17,2,0,2023
30801.0,Central Highlands (Qld),9,5,4,105.0,10.0,6,3,0,2023
30803.0,Rockhampton,31,15,14,1120.0,3.0,22,4,5,2023
30804.0,Biloela,14,5,9,118.0,14.0,9,5,0,2023
30805.0,Gladstone,9,3,6,220.0,0.0,8,0,1,2023
30901.0,Broadbeach - Burleigh,4,4,0,469.0,0.0,1,0,3,2023
30902.0,Coolangatta,24,5,11,503.0,0.0,21,0,3,2023
30903.0,Gold Coast - North,15,12,3,1141.0,0.0,8,0,7,2023
30904.0,Gold Coast Hinterland,1,1,0,41.0,0.0,0,0,1,2023
30905.0,Mudgeeraba - Tallebudgera,8,4,4,383.0,0.0,7,0,1,2023
30906.0,Nerang,5,2,3,81.0,0.0,4,0,1,2023
30907.0,Ormeau - Oxenford,16,8,7,800.0,0.0,1,0,15,2023
30908.0,Robina,12,7,5,876.0,0.0,5,0,7,2023
30909.0,Southport,17,12,5,1128.0,0.0,8,0,9,2023
30910.0,Surfers Paradise,9,1,7,72.0,0.0,4,1,4,2023
31001.0,Forest Lake - Oxley,7,3,4,416.0,0.0,4,0,3,2023
31002.0,Ipswich Hinterland,12,6,6,420.0,0.0,12,0,0,2023
31003.0,Ipswich Inner,26,9,16,973.0,0.0,23,1,2,2023
31004.0,Springfield - Redbank,2,0,2,0.0,0.0,0,0,2,2023
31101.0,Beaudesert,8,2,6,227.0,0.0,8,0,0,2023
31102.0,Beenleigh,6,3,3,248.0,0.0,5,0,1,2023
31103.0,Browns Plains,5,5,0,550.0,0.0,2,0,3,2023
31104.0,Jimboomba,1,1,0,144.0,0.0,0,0,1,2023
31105.0,Loganlea - Carbrook,13,7,6,764.0,0.0,8,0,5,2023
31106.0,Springwood - Kingston,16,5,11,573.0,0.0,5,0,11,2023
31201.0,Bowen Basin - North,13,5,8,205.0,18.0,10,3,0,2023
31202.0,Mackay,24,9,13,847.0,0.0,19,2,3,2023
31203.0,Whitsunday,3,1,2,103.0,0.0,2,1,0,2023
31301.0,Bribie - Beachmere,7,4,3,324.0,0.0,5,0,2,2023
31302.0,Caboolture,19,10,9,1270.0,0.0,8,0,11,2023
31303.0,Caboolture Hinterland,2,2,0,115.0,0.0,1,0,1,2023
31304.0,Narangba - Burpengary,6,6,0,613.0,0.0,0,0,6,2023
31305.0,Redcliffe,18,10,7,992.0,0.0,12,1,5,2023
31401.0,The Hills District,4,2,2,170.0,0.0,1,0,3,2023
31402.0,North Lakes,14,6,8,588.0,0.0,6,0,8,2023
31403.0,Strathpine,6,2,4,214.0,0.0,2,0,4,2023
31501.0,Far North,17,6,11,117.0,12.0,4,12,1,2023
31502.0,Outback - North,17,6,7,150.0,67.0,10,7,0,2023
31503.0,Outback - South,20,10,9,200.0,19.0,9,11,0,2023
31601.0,Buderim,10,4,5,505.0,0.0,5,0,5,2023
31602.0,Caloundra,32,15,17,1457.0,0.0,14,0,18,2023
31603.0,Maroochy,25,11,10,1181.0,0.0,16,0,9,2023
31605.0,Noosa,9,5,4,665.0,0.0,2,0,7,2023
31606.0,Sunshine Coast Hinterland,6,3,3,252.0,0.0,5,0,1,2023
31607.0,Nambour,15,8,6,531.0,0.0,11,2,2,2023
31608.0,Noosa Hinterland,3,1,2,86.0,0.0,2,0,1,2023
31701.0,Toowoomba,40,19,20,1744.0,0.0,28,3,9,2023
31801.0,Charters Towers - Ayr - Ingham,16,8,7,535.0,10.0,11,2,3,2023
31802.0,Townsville,34,12,20,1275.0,0.0,27,2,5,2023
31901.0,Bundaberg,24,11,12,936.0,0.0,17,2,5,2023
31902.0,Burnett,25,14,11,476.0,5.0,21,4,0,2023
31903.0,Gympie - Cooloola,10,5,5,445.0,0.0,8,0,2,2023
31904.0,Hervey Bay,22,9,13,898.0,0.0,16,0,6,2023
31905.0,Maryborough,8,6,2,536.0,0.0,5,0,3,2023
40101.0,Adelaide City,17,2,14,165.0,0.0,13,1,3,2023
40102.0,Adelaide Hills,11,9,1,565.0,0.0,6,3,2,2023
40103.0,Burnside,12,5,7,496.0,0.0,8,0,4,2023
40104.0,Campbelltown (SA),17,9,7,630.0,0.0,14,0,3,2023
40105.0,Norwood - Payneham - St Peters,15,5,9,427.0,0.0,6,0,9,2023
40106.0,Prospect - Walkerville,8,3,5,257.0,0.0,7,0,1,2023
40107.0,Unley,22,12,9,958.0,0.0,14,0,8,2023
40201.0,Gawler - Two Wells,4,4,0,375.0,0.0,2,0,2,2023
40202.0,Playford,12,8,2,779.0,0.0,10,0,2,2023
40203.0,Port Adelaide - East,13,10,2,674.0,0.0,3,2,8,2023
40204.0,Salisbury,21,14,6,1145.0,2.0,12,0,9,2023
40205.0,Tea Tree Gully,9,8,1,975.0,0.0,6,0,3,2023
40301.0,Holdfast Bay,8,6,2,551.0,0.0,5,2,1,2023
40302.0,Marion,15,8,5,1021.0,0.0,12,1,2,2023
40303.0,Mitcham,11,9,2,799.0,0.0,8,0,3,2023
40304.0,Onkaparinga,19,17,2,1668.0,0.0,15,0,4,2023
40401.0,Charles Sturt,31,16,14,1425.0,0.0,27,0,4,2023
40402.0,Port Adelaide - West,8,6,1,569.0,0.0,6,1,1,2023
40403.0,West Torrens,18,9,7,861.0,60.0,8,0,10,2023
40501.0,Barossa,13,7,6,372.0,0.0,11,2,0,2023
40502.0,Lower North,14,11,3,390.0,0.0,8,6,0,2023
40503.0,Mid North,17,12,5,388.0,0.0,11,6,0,2023
40504.0,Yorke Peninsula,12,8,4,365.0,0.0,9,2,1,2023
40601.0,Eyre Peninsula and South West,23,14,7,489.0,65.0,11,11,1,2023
40602.0,Outback - North and East,10,5,2,216.0,27.0,4,4,2,2023
40701.0,Fleurieu - Kangaroo Island,15,10,5,766.0,8.0,11,2,2,2023
40702.0,Limestone Coast,16,13,3,742.0,0.0,9,6,1,2023
40703.0,Murray and Mallee,22,16,4,825.0,1.0,10,12,0,2023
50101.0,Augusta - Margaret River - Busselton,11,6,5,499.0,4.0,9,1,1,2023
50102.0,Bunbury,31,10,18,814.0,0.0,25,2,4,2023
50103.0,Manjimup,9,7,2,171.0,8.0,4,4,1,2023
50201.0,Mandurah,15,10,5,860.0,0.0,13,0,2,2023
50301.0,Cottesloe - Claremont,16,10,5,909.0,0.0,5,1,10,2023
50302.0,Perth City,50,24,24,1798.0,0.0,26,0,24,2023
50401.0,Bayswater - Bassendean,15,11,3,778.0,0.0,8,3,4,2023
50402.0,Mundaring,2,2,0,167.0,0.0,1,0,1,2023
50403.0,Swan,14,8,5,714.0,0.0,7,0,7,2023
50501.0,Joondalup,24,11,11,658.0,0.0,18,2,4,2023
50502.0,Stirling,35,20,15,1857.0,0.0,26,0,9,2023
50503.0,Wanneroo,13,11,2,1159.0,0.0,10,0,3,2023
50601.0,Armadale,8,6,2,330.0,0.0,7,0,1,2023
50602.0,Belmont - Victoria Park,45,8,33,622.0,0.0,27,0,18,2023
50603.0,Canning,25,14,10,1171.0,0.0,20,2,3,2023
50604.0,Gosnells,16,9,6,718.0,0.0,14,0,2,2023
50605.0,Kalamunda,9,6,3,405.0,0.0,5,0,4,2023
50606.0,Serpentine - Jarrahdale,1,1,0,68.0,0.0,1,0,0,2023
50607.0,South Perth,13,9,4,923.0,0.0,8,0,5,2023
50701.0,Cockburn,16,10,6,846.0,0.0,8,1,7,2023
50702.0,Fremantle,9,7,2,762.0,0.0,3,0,6,2023
50703.0,Kwinana,1,1,0,131.0,0.0,0,0,1,2023
50704.0,Melville,19,15,3,1237.0,0.0,8,1,10,2023
50705.0,Rockingham,14,8,6,770.0,0.0,10,0,4,2023
50901.0,Albany,20,13,5,627.0,38.0,8,7,5,2023
50902.0,Wheat Belt - North,29,18,11,374.0,55.0,12,16,1,2023
50903.0,Wheat Belt - South,10,8,2,202.0,9.0,3,6,1,2023
51001.0,Kimberley,18,4,9,207.0,44.0,15,3,0,2023
51002.0,East Pilbara,4,1,3,56.0,0.0,3,1,0,2023
51003.0,West Pilbara,3,1,1,30.0,15.0,3,0,0,2023
51101.0,Esperance,4,2,2,112.0,4.0,1,3,0,2023
51102.0,Gascoyne,2,2,0,42.0,6.0,0,2,0,2023
51103.0,Goldfields,12,6,5,176.0,53.0,9,3,0,2023
51104.0,Mid West,20,8,9,371.0,31.0,11,8,1,2023
60101.0,Brighton,1,1,0,80.0,0.0,1,0,0,2023
60102.0,Hobart - North East,13,6,5,624.0,0.0,11,0,2,2023
60103.0,Hobart - North West,21,7,12,613.0,0.0,14,0,7,2023
60104.0,Hobart - South and West,7,3,4,226.0,0.0,7,0,0,2023
60105.0,Hobart Inner,24,9,14,704.0,0.0,17,1,6,2023
60106.0,Sorell - Dodges Ferry,3,1,2,72.0,0.0,3,0,0,2023
60201.0,Launceston,31,13,15,1191.0,0.0,21,1,9,2023
60202.0,Meander Valley - West Tamar,4,3,1,124.0,1.0,2,1,1,2023
60203.0,North East,14,8,4,285.0,31.0,12,2,0,2023
60301.0,Central Highlands (Tas.),1,1,0,18.0,0.0,0,1,0,2023
60302.0,Huon - Bruny Island,7,3,4,105.0,0.0,7,0,0,2023
60303.0,South East Coast,5,3,2,78.0,6.0,5,0,0,2023
60401.0,Burnie - Ulverstone,14,6,7,580.0,0.0,11,1,2,2023
60402.0,Devonport,19,7,9,493.0,0.0,17,0,2,2023
60403.0,West Coast,5,3,2,97.0,0.0,2,3,0,2023
70101.0,Darwin City,7,1,5,85.0,0.0,7,0,0,2023
70102.0,Darwin Suburbs,9,3,4,161.0,0.0,4,2,3,2023
70104.0,Palmerston,1,1,0,88.0,0.0,1,0,0,2023
70201.0,Alice Springs,22,4,9,218.0,248.0,17,3,2,2023
70202.0,Barkly,3,0,1,25.0,95.0,2,1,0,2023
70203.0,Daly - Tiwi - West Arnhem,9,0,5,41.0,86.0,5,4,0,2023
70204.0,East Arnhem,6,1,3,18.0,14.0,3,3,0,2023
70205.0,Katherine,16,3,9,87.0,27.0,9,6,1,2023
80101.0,Belconnen,18,6,10,584.0,0.0,14,0,4,2023
80103.0,Canberra East,1,0,1,0.0,0.0,1,0,0,2023
80104.0,Gungahlin,5,0,5,0.0,0.0,4,0,1,2023
80105.0,North Canberra,10,4,6,343.0,0.0,8,0,2,2023
80106.0,South Canberra,15,4,11,465.0,0.0,8,0,7,2023
80107.0,Tuggeranong,3,3,0,386.0,0.0,3,0,0,2023
80108.0,Weston Creek,9,5,3,393.0,0.0,9,0,0,2023
80109.0,Woden Valley,11,5,3,574.0,0.0,9,1,1,2023
90104.0,Norfolk Island,2,1,1,14.0,20.0,1,1,0,2023
10102.0,Queanbeyan,6,4,2,364.0,2.0,4,1,1,2024
10103.0,Snowy Mountains,6,4,1,108.0,4.0,2,4,0,2024
10104.0,South Coast,23,13,10,1060.0,0.0,20,1,2,2024
10105.0,Goulburn - Mulwaree,12,6,5,409.0,0.0,12,0,0,2024
10106.0,Young - Yass,13,8,5,397.0,0.0,7,2,4,2024
10201.0,Gosford,30,15,14,1939.0,0.0,14,1,15,2024
10202.0,Wyong,45,20,23,1971.0,0.0,22,0,23,2024
10301.0,Bathurst,14,7,7,580.0,8.0,10,1,3,2024
10302.0,Lachlan Valley,28,19,7,810.0,11.0,14,8,6,2024
10303.0,Lithgow - Mudgee,14,11,3,484.0,1.0,8,4,2,2024
10304.0,Orange,17,12,4,692.0,0.0,12,2,3,2024
10401.0,Clarence Valley,14,9,4,691.0,0.0,10,1,3,2024
10402.0,Coffs Harbour,29,14,14,972.0,6.0,19,2,8,2024
10501.0,Bourke - Cobar - Coonamble,15,13,2,247.0,18.0,2,12,1,2024
10502.0,Broken Hill and Far West,10,4,5,222.0,5.0,7,2,1,2024
10503.0,Dubbo,34,17,14,914.0,17.0,23,9,2,2024
10601.0,Lower Hunter,14,10,4,818.0,0.0,14,0,0,2024
10602.0,Maitland,8,7,1,724.0,0.0,4,0,4,2024
10603.0,Port Stephens,12,7,5,652.0,0.0,6,0,6,2024
10604.0,Upper Hunter,10,7,3,250.0,0.0,7,3,0,2024
10701.0,Dapto - Port Kembla,20,9,10,923.0,0.0,17,1,2,2024
10703.0,Kiama - Shellharbour,12,7,5,825.0,0.0,8,2,2,2024
10704.0,Wollongong,25,11,14,1197.0,0.0,20,0,5,2024
10801.0,Great Lakes,10,6,4,649.0,0.0,6,1,3,2024
10802.0,Kempsey - Nambucca,16,9,7,826.0,0.0,11,0,5,2024
10804.0,Port Macquarie,34,14,18,1414.0,0.0,20,1,13,2024
10805.0,Taree - Gloucester,15,9,6,766.0,0.0,14,0,1,2024
10901.0,Albury,28,15,12,804.0,2.0,21,3,4,2024
10902.0,Lower Murray,7,5,2,143.0,0.0,3,3,1,2024
10903.0,Upper Murray exc. Albury,19,15,4,553.0,5.0,13,5,1,2024
11001.0,Armidale,14,9,5,372.0,0.0,6,5,3,2024
11002.0,Inverell - Tenterfield,21,14,6,521.0,13.0,10,7,4,2024
11003.0,Moree - Narrabri,6,4,2,237.0,0.0,5,0,1,2024
11004.0,Tamworth - Gunnedah,26,16,8,903.0,7.0,16,8,2,2024
11101.0,Lake Macquarie - East,22,12,10,1182.0,0.0,16,0,6,2024
11102.0,Lake Macquarie - West,18,12,5,1223.0,0.0,15,0,3,2024
11103.0,Newcastle,45,23,20,2253.0,0.0,33,1,11,2024
11201.0,Richmond Valley - Coastal,22,12,10,932.0,0.0,20,0,2,2024
11202.0,Richmond Valley - Hinterland,21,12,8,700.0,12.0,16,4,1,2024
11203.0,Tweed Valley,31,14,14,1345.0,39.0,22,0,9,2024
11301.0,Griffith - Murrumbidgee (West),19,11,8,574.0,0.0,13,3,3,2024
11302.0,Tumut - Tumbarumba,8,4,4,191.0,10.0,5,3,0,2024
11303.0,Wagga Wagga,40,20,18,1078.0,0.0,25,8,7,2024
11401.0,Shoalhaven,28,17,10,1370.0,0.0,24,0,4,2024
11402.0,Southern Highlands,22,6,15,650.0,0.0,9,0,13,2024
11501.0,Baulkham Hills,78,16,61,2071.0,0.0,28,0,50,2024
11502.0,Dural - Wisemans Ferry,5,4,1,374.0,0.0,2,0,3,2024
11503.0,Hawkesbury,3,1,2,36.0,0.0,1,0,2,2024
11504.0,Rouse Hill - McGraths Hill,2,1,1,122.0,0.0,1,0,1,2024
11601.0,Blacktown,16,8,7,909.0,1.0,8,0,8,2024
11602.0,Blacktown - North,4,3,1,379.0,0.0,1,0,3,2024
11603.0,Mount Druitt,34,8,24,872.0,0.0,33,0,1,2024
11701.0,Botany,6,2,4,170.0,0.0,3,0,3,2024
11702.0,Marrickville - Sydenham - Petersham,5,5,0,321.0,0.0,4,0,1,2024
11703.0,Sydney Inner City,57,9,44,704.0,0.0,44,2,11,2024
11801.0,Eastern Suburbs - North,20,14,6,1027.0,0.0,11,0,9,2024
11802.0,Eastern Suburbs - South,17,14,3,1148.0,0.0,11,0,6,2024
11901.0,Bankstown,25,16,9,1838.0,0.0,13,0,12,2024
11902.0,Canterbury,30,11,16,944.0,0.0,20,0,10,2024
11903.0,Hurstville,33,16,17,1399.0,0.0,18,0,15,2024
11904.0,Kogarah - Rockdale,26,19,7,1465.0,0.0,11,0,15,2024
12001.0,Canada Bay,11,8,2,740.0,0.0,5,1,5,2024
12002.0,Leichhardt,9,4,5,342.0,0.0,7,0,2,2024
12003.0,Strathfield - Burwood - Ashfield,36,23,13,1688.0,0.0,20,0,16,2024
12101.0,Chatswood - Lane Cove,24,13,9,957.0,0.0,14,0,10,2024
12102.0,Hornsby,16,11,5,979.0,0.0,8,0,8,2024
12103.0,Ku-ring-gai,27,18,7,1588.0,0.0,18,0,9,2024
12104.0,North Sydney - Mosman,10,8,2,549.0,0.0,3,0,7,2024
12201.0,Manly,3,2,1,173.0,0.0,1,0,2,2024
12202.0,Pittwater,10,8,2,671.0,0.0,3,0,7,2024
12203.0,Warringah,29,15,13,1601.0,0.0,18,1,10,2024
12301.0,Camden,10,5,5,574.0,0.0,9,0,1,2024
12302.0,Campbelltown (NSW),17,9,8,1292.0,0.0,13,0,4,2024
12303.0,Wollondilly,4,3,1,271.0,0.0,3,0,1,2024
12401.0,Blue Mountains,13,7,6,693.0,0.0,10,0,3,2024
12403.0,Penrith,26,11,14,1087.0,0.0,15,1,10,2024
12404.0,Richmond - Windsor,8,4,4,403.0,0.0,6,0,2,2024
12405.0,St Marys,2,2,0,260.0,0.0,0,0,2,2024
12501.0,Auburn,13,5,8,431.0,0.0,6,0,7,2024
12502.0,Carlingford,3,2,1,215.0,0.0,1,0,2,2024
12503.0,Merrylands - Guildford,21,12,9,1184.0,0.0,11,0,10,2024
12504.0,Parramatta,37,18,15,1736.0,0.0,21,1,15,2024
12601.0,Pennant Hills - Epping,7,4,3,296.0,0.0,1,0,6,2024
12602.0,Ryde - Hunters Hill,33,17,14,1567.0,0.0,30,0,3,2024
12701.0,Bringelly - Green Valley,4,4,0,534.0,0.0,3,0,1,2024
12702.0,Fairfield,30,13,17,1416.0,0.0,15,0,15,2024
12703.0,Liverpool,25,8,14,799.0,0.0,16,1,8,2024
12801.0,Cronulla - Miranda - Caringbah,19,12,6,1240.0,0.0,12,0,7,2024
12802.0,Sutherland - Menai - Heathcote,14,12,2,1425.0,0.0,7,1,6,2024
20101.0,Ballarat,30,17,11,1260.0,0.0,11,15,4,2024
20102.0,Creswick - Daylesford - Ballan,10,8,2,317.0,0.0,3,6,1,2024
20103.0,Maryborough - Pyrenees,10,8,2,290.0,0.0,2,7,1,2024
20201.0,Bendigo,20,14,4,1199.0,0.0,9,7,4,2024
20202.0,Heathcote - Castlemaine - Kyneton,12,9,3,608.0,0.0,1,6,5,2024
20203.0,Loddon - Elmore,4,4,0,63.0,0.0,0,4,0,2024
20301.0,Barwon - West,4,3,1,176.0,0.0,1,2,1,2024
20302.0,Geelong,53,27,24,2584.0,0.0,30,4,19,2024
20303.0,Surf Coast - Bellarine Peninsula,15,11,4,1182.0,0.0,2,2,11,2024
20401.0,Upper Goulburn Valley,18,14,4,632.0,0.0,9,7,2,2024
20402.0,Wangaratta - Benalla,15,8,6,619.0,0.0,8,5,2,2024
20403.0,Wodonga - Alpine,18,13,5,778.0,8.0,2,11,5,2024
20501.0,Baw Baw,11,7,3,507.0,0.0,5,2,4,2024
20502.0,Gippsland - East,19,11,8,580.0,0.0,5,9,5,2024
20503.0,Gippsland - South West,19,14,5,814.0,0.0,7,8,4,2024
20504.0,Latrobe Valley,32,12,19,1097.0,0.0,16,13,3,2024
20505.0,Wellington,13,9,3,472.0,0.0,4,7,2,2024
20601.0,Brunswick - Coburg,19,7,10,481.0,69.0,13,2,4,2024
20602.0,Darebin - South,11,6,5,430.0,0.0,7,0,4,2024
20603.0,Essendon,21,9,12,666.0,0.0,15,1,5,2024
20604.0,Melbourne City,39,6,27,724.0,0.0,28,3,8,2024
20605.0,Port Phillip,15,7,8,621.0,0.0,12,0,3,2024
20606.0,Stonnington - West,6,4,2,206.0,0.0,2,0,4,2024
20607.0,Yarra,11,3,7,270.0,0.0,6,0,5,2024
20701.0,Boroondara,47,26,17,2156.0,0.0,23,2,22,2024
20702.0,Manningham - West,26,16,10,1407.0,0.0,18,0,8,2024
20703.0,Whitehorse - West,22,10,10,1181.0,0.0,9,0,13,2024
20801.0,Bayside,34,15,19,1322.0,0.0,10,1,23,2024
20802.0,Glen Eira,34,19,14,1659.0,0.0,18,4,12,2024
20803.0,Kingston,29,16,12,1160.0,0.0,6,4,19,2024
20804.0,Stonnington - East,16,7,9,704.0,0.0,10,0,6,2024
20901.0,Banyule,21,13,6,1302.0,0.0,9,1,11,2024
20902.0,Darebin - North,28,13,14,1059.0,0.0,11,5,12,2024
20903.0,Nillumbik - Kinglake,9,6,3,575.0,0.0,3,1,5,2024
20904.0,Whittlesea - Wallan,32,15,16,1663.0,0.0,16,0,16,2024
21001.0,Keilor,9,8,1,682.0,0.0,4,1,4,2024
21002.0,Macedon Ranges,2,2,0,157.0,0.0,1,0,1,2024
21003.0,Moreland - North,13,11,2,1128.0,0.0,4,0,9,2024
21004.0,Sunbury,3,2,1,192.0,0.0,2,0,1,2024
21005.0,Tullamarine - Broadmeadows,20,10,10,707.0,0.0,8,2,10,2024
21101.0,Knox,32,19,11,1621.0,0.0,19,1,12,2024
21102.0,Manningham - East,3,3,0,315.0,0.0,2,0,1,2024
21103.0,Maroondah,37,15,20,1330.0,0.0,22,1,14,2024
21104.0,Whitehorse - East,10,5,3,788.0,0.0,5,0,5,2024
21105.0,Yarra Ranges,19,14,5,1203.0,0.0,9,2,8,2024
21201.0,Cardinia,16,9,7,766.0,0.0,9,3,4,2024
21202.0,Casey - North,12,11,1,1213.0,0.0,2,1,9,2024
21203.0,Casey - South,12,7,5,742.0,0.0,5,0,7,2024
21204.0,Dandenong,37,19,18,1820.0,0.0,20,5,12,2024
21205.0,Monash,55,23,32,2357.0,0.0,15,0,40,2024
21301.0,Brimbank,36,16,20,1248.0,0.0,22,0,14,2024
21302.0,Hobsons Bay,9,9,0,859.0,0.0,3,0,6,2024
21303.0,Maribyrnong,29,7,21,599.0,0.0,22,1,6,2024
21304.0,Melton - Bacchus Marsh,9,7,2,637.0,0.0,3,1,5,2024
21305.0,Wyndham,19,11,7,1286.0,0.0,8,1,10,2024
21401.0,Frankston,28,14,13,1366.0,0.0,15,1,12,2024
21402.0,Mornington Peninsula,36,25,10,2625.0,0.0,10,2,24,2024
21501.0,Grampians,42,31,11,891.0,0.0,11,28,3,2024
21502.0,Mildura,24,8,14,656.0,0.0,17,2,5,2024
21503.0,Murray River - Swan Hill,18,17,1,578.0,8.0,5,12,1,2024
21601.0,Campaspe,15,10,5,570.0,0.0,7,7,1,2024
21602.0,Moira,14,9,5,416.0,0.0,3,9,2,2024
21603.0,Shepparton,50,11,35,752.0,0.0,37,12,1,2024
21701.0,Glenelg - Southern Grampians,17,12,4,519.0,0.0,3,13,1,2024
21703.0,Colac - Corangamite,20,12,6,459.0,3.0,6,11,3,2024
21704.0,Warrnambool,24,8,14,585.0,0.0,14,7,3,2024
30101.0,Capalaba,16,7,9,702.0,0.0,6,0,10,2024
30102.0,Cleveland - Stradbroke,14,10,4,1020.0,0.0,10,1,3,2024
30103.0,Wynnum - Manly,9,5,4,509.0,0.0,6,0,3,2024
30201.0,Bald Hills - Everton Park,4,4,0,503.0,0.0,2,0,2,2024
30202.0,Chermside,14,7,7,736.0,0.0,12,0,2,2024
30203.0,Nundah,11,3,8,319.0,0.0,10,0,1,2024
30204.0,Sandgate,13,7,5,801.0,0.0,6,2,5,2024
30301.0,Carindale,7,4,3,473.0,0.0,2,0,5,2024
30302.0,Holland Park - Yeronga,12,8,4,714.0,0.0,4,0,8,2024
30303.0,Mt Gravatt,28,7,20,794.0,0.0,19,1,8,2024
30304.0,Nathan,5,1,4,136.0,0.0,3,0,2,2024
30305.0,Rocklea - Acacia Ridge,11,7,4,684.0,0.0,6,0,5,2024
30306.0,Sunnybank,9,4,5,375.0,0.0,6,0,3,2024
30401.0,Centenary,8,7,1,474.0,0.0,6,0,2,2024
30402.0,Kenmore - Brookfield - Moggill,5,4,1,462.0,0.0,5,0,0,2024
30403.0,Sherwood - Indooroopilly,5,4,1,406.0,0.0,4,0,1,2024
30404.0,The Gap - Enoggera,7,5,2,581.0,0.0,5,0,2,2024
30501.0,Brisbane Inner,26,5,21,467.0,0.0,20,0,6,2024
30502.0,Brisbane Inner - East,4,2,1,283.0,0.0,1,0,3,2024
30503.0,Brisbane Inner - North,21,8,11,896.0,75.0,14,0,7,2024
30504.0,Brisbane Inner - West,12,4,8,325.0,0.0,8,0,4,2024
30601.0,Cairns - North,6,3,3,432.0,0.0,2,0,4,2024
30602.0,Cairns - South,27,9,16,1013.0,0.0,16,2,9,2024
30603.0,Innisfail - Cassowary Coast,11,5,6,338.0,5.0,10,1,0,2024
30604.0,Port Douglas - Daintree,3,3,0,145.0,12.0,2,1,0,2024
30605.0,Tablelands (East) - Kuranda,9,3,6,294.0,0.0,9,0,0,2024
30701.0,Darling Downs (West) - Maranoa,22,15,6,416.0,35.0,11,10,1,2024
30702.0,Darling Downs - East,16,11,4,576.0,3.0,10,6,0,2024
30703.0,Granite Belt,19,10,9,512.0,0.0,17,2,0,2024
30801.0,Central Highlands (Qld),8,4,4,105.0,10.0,5,3,0,2024
30803.0,Rockhampton,29,14,13,1095.0,3.0,21,4,4,2024
30804.0,Biloela,14,5,9,118.0,14.0,9,5,0,2024
30805.0,Gladstone,9,3,6,220.0,0.0,8,0,1,2024
30901.0,Broadbeach - Burleigh,5,4,1,469.0,0.0,2,0,3,2024
30902.0,Coolangatta,23,5,11,503.0,0.0,21,0,2,2024
30903.0,Gold Coast - North,15,12,3,1102.0,0.0,8,0,7,2024
30904.0,Gold Coast Hinterland,1,1,0,41.0,0.0,0,0,1,2024
30905.0,Mudgeeraba - Tallebudgera,7,4,3,383.0,0.0,6,0,1,2024
30906.0,Nerang,8,3,5,247.0,0.0,6,0,2,2024
30907.0,Ormeau - Oxenford,14,8,5,800.0,0.0,1,0,13,2024
30908.0,Robina,9,6,3,710.0,0.0,4,0,5,2024
30909.0,Southport,18,12,6,1125.0,0.0,8,0,10,2024
30910.0,Surfers Paradise,7,1,5,72.0,0.0,2,1,4,2024
31001.0,Forest Lake - Oxley,20,3,17,416.0,0.0,4,0,16,2024
31002.0,Ipswich Hinterland,12,6,6,404.0,0.0,12,0,0,2024
31003.0,Ipswich Inner,26,9,16,973.0,0.0,23,1,2,2024
31004.0,Springfield - Redbank,3,0,3,0.0,0.0,0,0,3,2024
31101.0,Beaudesert,8,2,6,227.0,0.0,8,0,0,2024
31102.0,Beenleigh,6,3,3,248.0,0.0,5,0,1,2024
31103.0,Browns Plains,5,5,0,550.0,0.0,2,0,3,2024
31104.0,Jimboomba,1,1,0,144.0,0.0,0,0,1,2024
31105.0,Loganlea - Carbrook,12,7,5,767.0,0.0,8,0,4,2024
31106.0,Springwood - Kingston,18,5,13,573.0,0.0,5,0,13,2024
31201.0,Bowen Basin - North,12,4,8,205.0,18.0,9,3,0,2024
31202.0,Mackay,23,9,12,866.0,0.0,18,2,3,2024
31203.0,Whitsunday,3,1,2,103.0,0.0,2,1,0,2024
31301.0,Bribie - Beachmere,6,3,3,314.0,0.0,5,0,1,2024
31302.0,Caboolture,19,10,9,1273.0,0.0,8,0,11,2024
31303.0,Caboolture Hinterland,2,2,0,115.0,0.0,1,0,1,2024
31304.0,Narangba - Burpengary,6,6,0,613.0,0.0,1,0,5,2024
31305.0,Redcliffe,18,10,7,966.0,0.0,12,1,5,2024
31401.0,The Hills District,4,2,2,170.0,0.0,1,0,3,2024
31402.0,North Lakes,14,6,8,586.0,0.0,6,0,8,2024
31403.0,Strathpine,6,3,3,310.0,0.0,2,0,4,2024
31501.0,Far North,16,5,11,117.0,12.0,3,12,1,2024
31502.0,Outback - North,17,6,7,150.0,67.0,10,7,0,2024
31503.0,Outback - South,19,9,9,200.0,19.0,8,11,0,2024
31601.0,Buderim,8,4,3,505.0,0.0,6,0,2,2024
31602.0,Caloundra,34,16,18,1611.0,0.0,15,0,19,2024
31603.0,Maroochy,25,11,10,1181.0,0.0,16,0,9,2024
31605.0,Noosa,10,6,4,768.0,0.0,3,0,7,2024
31606.0,Sunshine Coast Hinterland,6,3,3,252.0,0.0,6,0,0,2024
31607.0,Nambour,14,8,5,531.0,0.0,10,2,2,2024
31608.0,Noosa Hinterland,3,1,2,90.0,0.0,2,0,1,2024
31701.0,Toowoomba,37,17,19,1682.0,0.0,26,2,9,2024
31801.0,Charters Towers - Ayr - Ingham,16,7,8,553.0,10.0,11,2,3,2024
31802.0,Townsville,31,12,17,1275.0,0.0,25,2,4,2024
31901.0,Bundaberg,23,10,12,891.0,0.0,16,2,5,2024
31902.0,Burnett,24,13,11,476.0,5.0,20,4,0,2024
31903.0,Gympie - Cooloola,9,5,4,445.0,0.0,7,0,2,2024
31904.0,Hervey Bay,21,9,12,898.0,0.0,16,0,5,2024
31905.0,Maryborough,7,5,2,526.0,0.0,4,0,3,2024
40101.0,Adelaide City,19,2,16,165.0,0.0,13,1,5,2024
40102.0,Adelaide Hills,12,10,1,644.0,0.0,7,3,2,2024
40103.0,Burnside,13,5,8,496.0,0.0,7,0,6,2024
40104.0,Campbelltown (SA),18,9,8,630.0,0.0,14,0,4,2024
40105.0,Norwood - Payneham - St Peters,15,5,9,427.0,0.0,5,0,10,2024
40106.0,Prospect - Walkerville,9,3,6,257.0,0.0,8,0,1,2024
40107.0,Unley,23,12,10,969.0,0.0,14,0,9,2024
40201.0,Gawler - Two Wells,4,4,0,375.0,0.0,2,0,2,2024
40202.0,Playford,13,9,2,863.0,0.0,11,0,2,2024
40203.0,Port Adelaide - East,13,10,2,674.0,0.0,3,2,8,2024
40204.0,Salisbury,21,14,6,1145.0,2.0,12,0,9,2024
40205.0,Tea Tree Gully,10,8,2,975.0,0.0,7,0,3,2024
40301.0,Holdfast Bay,8,6,2,551.0,0.0,5,2,1,2024
40302.0,Marion,15,8,5,1021.0,0.0,12,1,2,2024
40303.0,Mitcham,13,10,3,869.0,0.0,9,0,4,2024
40304.0,Onkaparinga,19,17,2,1668.0,0.0,13,0,6,2024
40401.0,Charles Sturt,29,16,12,1425.0,0.0,25,0,4,2024
40402.0,Port Adelaide - West,8,6,1,569.0,0.0,6,1,1,2024
40403.0,West Torrens,16,9,5,861.0,60.0,7,0,9,2024
40501.0,Barossa,12,6,6,351.0,0.0,11,1,0,2024
40502.0,Lower North,14,11,3,394.0,0.0,8,6,0,2024
40503.0,Mid North,16,11,5,388.0,0.0,10,6,0,2024
40504.0,Yorke Peninsula,12,8,4,365.0,0.0,9,2,1,2024
40601.0,Eyre Peninsula and South West,23,14,7,489.0,65.0,11,11,1,2024
40602.0,Outback - North and East,10,5,2,216.0,27.0,4,4,2,2024
40701.0,Fleurieu - Kangaroo Island,15,10,5,766.0,8.0,11,2,2,2024
40702.0,Limestone Coast,16,13,3,726.0,0.0,8,7,1,2024
40703.0,Murray and Mallee,22,16,4,825.0,1.0,10,12,0,2024
50101.0,Augusta - Margaret River - Busselton,11,6,5,499.0,4.0,9,1,1,2024
50102.0,Bunbury,32,10,19,814.0,75.0,26,1,5,2024
50103.0,Manjimup,9,7,2,171.0,8.0,4,4,1,2024
50201.0,Mandurah,15,10,5,860.0,0.0,13,0,2,2024
50301.0,Cottesloe - Claremont,17,11,5,956.0,0.0,6,1,10,2024
50302.0,Perth City,50,24,23,1780.0,0.0,25,1,24,2024
50401.0,Bayswater - Bassendean,15,11,3,775.0,0.0,10,1,4,2024
50402.0,Mundaring,2,2,0,167.0,0.0,1,0,1,2024
50403.0,Swan,15,8,5,714.0,0.0,7,1,7,2024
50501.0,Joondalup,25,10,12,708.0,0.0,18,3,4,2024
50502.0,Stirling,36,20,16,1857.0,0.0,27,0,9,2024
50503.0,Wanneroo,13,11,2,1159.0,0.0,10,0,3,2024
50601.0,Armadale,8,6,2,330.0,0.0,7,0,1,2024
50602.0,Belmont - Victoria Park,45,9,31,717.0,0.0,27,1,17,2024
50603.0,Canning,24,13,9,1102.0,0.0,20,2,2,2024
50604.0,Gosnells,15,8,6,731.0,0.0,13,0,2,2024
50605.0,Kalamunda,9,6,3,459.0,0.0,5,0,4,2024
50606.0,Serpentine - Jarrahdale,1,1,0,68.0,0.0,1,0,0,2024
50607.0,South Perth,14,10,4,1043.0,0.0,9,0,5,2024
50701.0,Cockburn,15,9,6,820.0,0.0,7,1,7,2024
50702.0,Fremantle,9,7,2,767.0,0.0,2,0,7,2024
50703.0,Kwinana,1,1,0,123.0,0.0,0,0,1,2024
50704.0,Melville,26,16,9,1414.0,0.0,6,1,19,2024
50705.0,Rockingham,14,8,6,770.0,0.0,10,0,4,2024
50901.0,Albany,20,13,5,615.0,38.0,8,7,5,2024
50902.0,Wheat Belt - North,28,18,10,369.0,55.0,11,16,1,2024
50903.0,Wheat Belt - South,10,8,2,202.0,9.0,3,6,1,2024
51001.0,Kimberley,16,4,9,190.0,44.0,13,3,0,2024
51002.0,East Pilbara,4,1,3,56.0,0.0,3,1,0,2024
51003.0,West Pilbara,3,1,1,30.0,15.0,3,0,0,2024
51101.0,Esperance,4,2,2,112.0,4.0,1,3,0,2024
51102.0,Gascoyne,2,2,0,42.0,6.0,0,2,0,2024
51103.0,Goldfields,11,6,4,176.0,54.0,8,3,0,2024
51104.0,Mid West,19,8,9,371.0,31.0,11,7,1,2024
60101.0,Brighton,1,1,0,80.0,0.0,1,0,0,2024
60102.0,Hobart - North East,15,6,7,624.0,0.0,13,0,2,2024
60103.0,Hobart - North West,20,7,11,613.0,0.0,13,0,7,2024
60104.0,Hobart - South and West,7,3,4,226.0,0.0,7,0,0,2024
60105.0,Hobart Inner,23,9,13,704.0,0.0,16,1,6,2024
60106.0,Sorell - Dodges Ferry,1,1,0,72.0,0.0,1,0,0,2024
60201.0,Launceston,25,13,9,1191.0,0.0,17,1,7,2024
60202.0,Meander Valley - West Tamar,4,3,1,124.0,1.0,2,1,1,2024
60203.0,North East,12,6,4,285.0,31.0,10,2,0,2024
60301.0,Central Highlands (Tas.),1,1,0,18.0,0.0,0,1,0,2024
60302.0,Huon - Bruny Island,6,3,3,105.0,0.0,6,0,0,2024
60303.0,South East Coast,4,2,2,78.0,6.0,4,0,0,2024
60401.0,Burnie - Ulverstone,11,6,4,580.0,0.0,8,1,2,2024
60402.0,Devonport,20,6,11,497.0,0.0,18,0,2,2024
60403.0,West Coast,5,3,2,97.0,0.0,2,3,0,2024
70101.0,Darwin City,8,1,5,85.0,75.0,8,0,0,2024
70102.0,Darwin Suburbs,8,2,4,161.0,0.0,3,2,3,2024
70104.0,Palmerston,1,1,0,88.0,0.0,1,0,0,2024
70201.0,Alice Springs,19,3,7,205.0,285.0,14,3,2,2024
70202.0,Barkly,3,0,1,25.0,95.0,2,1,0,2024
70203.0,Daly - Tiwi - West Arnhem,9,0,5,41.0,86.0,5,4,0,2024
70204.0,East Arnhem,6,1,3,36.0,14.0,3,3,0,2024
70205.0,Katherine,14,2,8,87.0,27.0,8,6,0,2024
80101.0,Belconnen,17,6,9,582.0,0.0,13,0,4,2024
80103.0,Canberra East,1,0,1,0.0,0.0,1,0,0,2024
80104.0,Gungahlin,5,0,5,0.0,0.0,4,0,1,2024
80105.0,North Canberra,11,4,7,343.0,0.0,9,0,2,2024
80106.0,South Canberra,15,4,11,465.0,0.0,7,0,8,2024
80107.0,Tuggeranong,3,3,0,395.0,0.0,3,0,0,2024
80108.0,Weston Creek,7,5,1,393.0,0.0,7,0,0,2024
80109.0,Woden Valley,11,5,3,574.0,0.0,9,1,1,2024
90104.0,Norfolk Island,2,1,1,14.0,20.0,1,1,0,2024
10102.0,Queanbeyan,6,4,2,364.0,2.0,4,1,1,2025
10103.0,Snowy Mountains,6,4,1,97.0,4.0,2,4,0,2025
10104.0,South Coast,25,13,12,1060.0,0.0,19,1,5,2025
10105.0,Goulburn - Mulwaree,10,6,3,409.0,0.0,10,0,0,2025
10106.0,Young - Yass,12,8,4,397.0,0.0,6,2,4,2025
10201.0,Gosford,30,15,14,1939.0,0.0,13,1,16,2025
10202.0,Wyong,45,20,23,1971.0,0.0,22,0,23,2025
10301.0,Bathurst,14,7,7,580.0,8.0,10,1,3,2025
10302.0,Lachlan Valley,20,15,4,740.0,11.0,11,7,2,2025
10303.0,Lithgow - Mudgee,13,11,2,484.0,1.0,8,4,1,2025
10304.0,Orange,17,12,4,692.0,0.0,12,2,3,2025
10401.0,Clarence Valley,13,9,3,711.0,0.0,10,1,2,2025
10402.0,Coffs Harbour,28,13,15,976.0,6.0,19,1,8,2025
10501.0,Bourke - Cobar - Coonamble,13,12,1,247.0,18.0,2,11,0,2025
10502.0,Broken Hill and Far West,7,4,3,222.0,5.0,6,1,0,2025
10503.0,Dubbo,34,16,13,914.0,92.0,21,10,3,2025
10601.0,Lower Hunter,14,9,5,774.0,0.0,13,0,1,2025
10602.0,Maitland,8,7,1,724.0,0.0,4,0,4,2025
10603.0,Port Stephens,12,7,5,652.0,0.0,6,0,6,2025
10604.0,Upper Hunter,10,7,3,250.0,0.0,7,3,0,2025
10701.0,Dapto - Port Kembla,17,9,7,923.0,0.0,13,1,3,2025
10703.0,Kiama - Shellharbour,12,7,5,825.0,0.0,8,1,3,2025
10704.0,Wollongong,27,11,16,1197.0,0.0,21,0,6,2025
10801.0,Great Lakes,10,6,4,649.0,0.0,7,0,3,2025
10802.0,Kempsey - Nambucca,15,9,6,826.0,0.0,12,0,3,2025
10804.0,Port Macquarie,36,14,20,1414.0,0.0,25,1,10,2025
10805.0,Taree - Gloucester,15,9,6,766.0,0.0,14,0,1,2025
10901.0,Albury,28,15,12,804.0,2.0,22,3,3,2025
10902.0,Lower Murray,6,5,1,143.0,0.0,3,3,0,2025
10903.0,Upper Murray exc. Albury,18,14,4,531.0,5.0,13,4,1,2025
11001.0,Armidale,14,9,5,372.0,0.0,4,6,4,2025
11002.0,Inverell - Tenterfield,21,14,6,536.0,13.0,10,7,4,2025
11003.0,Moree - Narrabri,6,4,2,237.0,0.0,5,0,1,2025
11004.0,Tamworth - Gunnedah,26,15,9,903.0,7.0,16,8,2,2025
11101.0,Lake Macquarie - East,23,12,11,1182.0,0.0,16,0,7,2025
11102.0,Lake Macquarie - West,18,12,5,1223.0,0.0,15,0,3,2025
11103.0,Newcastle,45,22,21,2155.0,0.0,33,0,12,2025
11201.0,Richmond Valley - Coastal,23,12,11,932.0,0.0,21,0,2,2025
11202.0,Richmond Valley - Hinterland,21,12,8,700.0,12.0,16,4,1,2025
11203.0,Tweed Valley,31,14,14,1349.0,39.0,22,0,9,2025
11301.0,Griffith - Murrumbidgee (West),18,11,7,577.0,0.0,13,3,2,2025
11302.0,Tumut - Tumbarumba,8,4,4,191.0,10.0,5,3,0,2025
11303.0,Wagga Wagga,41,20,19,1078.0,0.0,25,8,8,2025
11401.0,Shoalhaven,25,16,8,1370.0,0.0,22,0,3,2025
11402.0,Southern Highlands,19,6,12,663.0,0.0,6,0,13,2025
11501.0,Baulkham Hills,77,16,61,2076.0,0.0,57,0,20,2025
11502.0,Dural - Wisemans Ferry,4,4,0,373.0,0.0,2,0,2,2025
11503.0,Hawkesbury,3,1,2,36.0,0.0,1,0,2,2025
11504.0,Rouse Hill - McGraths Hill,2,1,1,122.0,0.0,1,0,1,2025
11601.0,Blacktown,16,8,8,909.0,0.0,8,0,8,2025
11602.0,Blacktown - North,4,3,1,379.0,0.0,1,0,3,2025
11603.0,Mount Druitt,26,8,16,872.0,0.0,25,0,1,2025
11701.0,Botany,7,2,5,170.0,0.0,3,0,4,2025
11702.0,Marrickville - Sydenham - Petersham,5,5,0,321.0,0.0,4,0,1,2025
11703.0,Sydney Inner City,50,9,37,704.0,0.0,36,2,12,2025
11801.0,Eastern Suburbs - North,20,14,6,1027.0,0.0,11,0,9,2025
11802.0,Eastern Suburbs - South,17,14,3,1148.0,0.0,11,0,6,2025
11901.0,Bankstown,26,16,10,1837.0,0.0,12,0,14,2025
11902.0,Canterbury,29,11,15,944.0,0.0,20,0,9,2025
11903.0,Hurstville,35,16,19,1399.0,0.0,18,0,17,2025
11904.0,Kogarah - Rockdale,24,19,5,1461.0,0.0,11,0,13,2025
12001.0,Canada Bay,10,8,1,740.0,0.0,5,1,4,2025
12002.0,Leichhardt,9,4,5,342.0,0.0,7,0,2,2025
12003.0,Strathfield - Burwood - Ashfield,35,21,14,1550.0,0.0,18,0,17,2025
12101.0,Chatswood - Lane Cove,26,13,11,957.0,0.0,15,0,11,2025
12102.0,Hornsby,18,11,7,979.0,0.0,8,0,10,2025
12103.0,Ku-ring-gai,25,17,6,1588.0,0.0,15,0,10,2025
12104.0,North Sydney - Mosman,11,8,3,549.0,0.0,3,0,8,2025
12201.0,Manly,3,2,1,173.0,0.0,1,0,2,2025
12202.0,Pittwater,11,9,2,704.0,0.0,3,0,8,2025
12203.0,Warringah,25,15,10,1609.0,0.0,17,0,8,2025
12301.0,Camden,12,6,6,670.0,0.0,10,0,2,2025
12302.0,Campbelltown (NSW),18,9,9,1455.0,0.0,14,0,4,2025
12303.0,Wollondilly,4,3,1,271.0,0.0,3,0,1,2025
12401.0,Blue Mountains,12,7,5,693.0,0.0,9,0,3,2025
12403.0,Penrith,25,11,13,1087.0,0.0,11,1,13,2025
12404.0,Richmond - Windsor,7,4,3,403.0,0.0,4,0,3,2025
12405.0,St Marys,2,2,0,260.0,0.0,0,0,2,2025
12501.0,Auburn,13,5,8,431.0,0.0,6,0,7,2025
12502.0,Carlingford,3,2,1,215.0,0.0,1,0,2,2025
12503.0,Merrylands - Guildford,21,12,9,1260.0,0.0,11,0,10,2025
12504.0,Parramatta,39,18,17,1756.0,0.0,20,1,18,2025
12601.0,Pennant Hills - Epping,8,4,4,299.0,0.0,2,0,6,2025
12602.0,Ryde - Hunters Hill,75,17,54,1567.0,0.0,71,1,3,2025
12701.0,Bringelly - Green Valley,4,4,0,534.0,0.0,3,0,1,2025
12702.0,Fairfield,28,13,15,1416.0,0.0,13,0,15,2025
12703.0,Liverpool,22,6,13,636.0,0.0,13,1,8,2025
12801.0,Cronulla - Miranda - Caringbah,18,12,5,1249.0,0.0,12,0,6,2025
12802.0,Sutherland - Menai - Heathcote,13,12,1,1425.0,0.0,6,1,6,2025
20101.0,Ballarat,36,17,17,1260.0,0.0,14,15,7,2025
20102.0,Creswick - Daylesford - Ballan,10,8,2,317.0,0.0,3,6,1,2025
20103.0,Maryborough - Pyrenees,10,8,2,290.0,0.0,2,7,1,2025
20201.0,Bendigo,21,15,4,1277.0,0.0,11,7,3,2025
20202.0,Heathcote - Castlemaine - Kyneton,12,8,4,612.0,0.0,1,6,5,2025
20203.0,Loddon - Elmore,3,3,0,63.0,0.0,0,3,0,2025
20301.0,Barwon - West,3,2,1,176.0,0.0,0,2,1,2025
20302.0,Geelong,54,27,25,2582.0,0.0,35,4,15,2025
20303.0,Surf Coast - Bellarine Peninsula,15,11,4,1203.0,0.0,4,2,9,2025
20401.0,Upper Goulburn Valley,18,14,4,642.0,0.0,9,7,2,2025
20402.0,Wangaratta - Benalla,15,8,6,627.0,0.0,8,5,2,2025
20403.0,Wodonga - Alpine,18,13,5,778.0,8.0,3,11,4,2025
20501.0,Baw Baw,9,7,2,626.0,0.0,6,2,1,2025
20502.0,Gippsland - East,19,11,8,580.0,0.0,6,9,4,2025
20503.0,Gippsland - South West,20,14,6,814.0,0.0,8,8,4,2025
20504.0,Latrobe Valley,29,12,16,1065.0,0.0,17,9,3,2025
20505.0,Wellington,15,9,5,482.0,0.0,5,7,3,2025
20601.0,Brunswick - Coburg,21,7,12,481.0,69.0,13,2,6,2025
20602.0,Darebin - South,13,6,7,430.0,0.0,9,0,4,2025
20603.0,Essendon,22,9,13,661.0,0.0,15,1,6,2025
20604.0,Melbourne City,41,6,29,724.0,0.0,29,2,10,2025
20605.0,Port Phillip,18,7,11,623.0,0.0,16,0,2,2025
20606.0,Stonnington - West,6,4,2,206.0,0.0,2,0,4,2025
20607.0,Yarra,11,3,7,270.0,0.0,6,0,5,2025
20701.0,Boroondara,50,27,19,2308.0,0.0,23,2,25,2025
20702.0,Manningham - West,23,16,7,1409.0,0.0,16,0,7,2025
20703.0,Whitehorse - West,28,10,16,1180.0,0.0,10,0,18,2025
20801.0,Bayside,22,16,6,1401.0,0.0,10,1,11,2025
20802.0,Glen Eira,36,19,16,1661.0,0.0,19,4,13,2025
20803.0,Kingston,25,16,8,1260.0,0.0,5,5,15,2025
20804.0,Stonnington - East,18,7,11,704.0,0.0,10,0,8,2025
20901.0,Banyule,21,13,7,1301.0,0.0,10,1,10,2025
20902.0,Darebin - North,24,12,11,1059.0,0.0,10,5,9,2025
20903.0,Nillumbik - Kinglake,8,6,2,575.0,0.0,4,0,4,2025
20904.0,Whittlesea - Wallan,39,15,23,1723.0,0.0,17,0,22,2025
21001.0,Keilor,9,8,1,696.0,0.0,4,1,4,2025
21002.0,Macedon Ranges,4,4,0,373.0,0.0,2,0,2,2025
21003.0,Moreland - North,13,11,2,1128.0,0.0,4,0,9,2025
21004.0,Sunbury,4,2,2,192.0,0.0,3,0,1,2025
21005.0,Tullamarine - Broadmeadows,21,10,11,707.0,0.0,8,2,11,2025
21101.0,Knox,38,20,16,1696.0,0.0,23,1,14,2025
21102.0,Manningham - East,5,4,1,377.0,0.0,2,0,3,2025
21103.0,Maroondah,35,15,18,1444.0,0.0,18,1,16,2025
21104.0,Whitehorse - East,8,5,1,788.0,0.0,5,0,3,2025
21105.0,Yarra Ranges,19,14,5,1203.0,0.0,9,2,8,2025
21201.0,Cardinia,15,9,6,766.0,0.0,9,3,3,2025
21202.0,Casey - North,13,10,3,1159.0,0.0,5,1,7,2025
21203.0,Casey - South,14,7,7,744.0,0.0,6,0,8,2025
21204.0,Dandenong,36,19,17,1821.0,0.0,22,5,9,2025
21205.0,Monash,70,23,47,2357.0,0.0,25,0,45,2025
21301.0,Brimbank,32,16,16,1250.0,0.0,21,0,11,2025
21302.0,Hobsons Bay,10,9,1,859.0,0.0,5,0,5,2025
21303.0,Maribyrnong,29,7,21,604.0,0.0,21,1,7,2025
21304.0,Melton - Bacchus Marsh,10,7,3,637.0,0.0,3,1,6,2025
21305.0,Wyndham,22,11,10,1286.0,0.0,9,1,12,2025
21401.0,Frankston,29,14,14,1368.0,0.0,18,1,10,2025
21402.0,Mornington Peninsula,37,25,11,2568.0,0.0,13,2,22,2025
21501.0,Grampians,36,27,9,888.0,0.0,9,24,3,2025
21502.0,Mildura,25,8,15,658.0,0.0,18,2,5,2025
21503.0,Murray River - Swan Hill,18,17,1,583.0,8.0,5,12,1,2025
21601.0,Campaspe,14,8,6,564.0,0.0,8,5,1,2025
21602.0,Moira,13,9,4,435.0,0.0,4,8,1,2025
21603.0,Shepparton,50,11,35,752.0,0.0,37,12,1,2025
21701.0,Glenelg - Southern Grampians,15,10,4,517.0,0.0,4,11,0,2025
21703.0,Colac - Corangamite,17,10,5,459.0,3.0,7,8,2,2025
21704.0,Warrnambool,21,8,11,551.0,0.0,11,7,3,2025
30101.0,Capalaba,15,7,8,702.0,0.0,5,0,10,2025
30102.0,Cleveland - Stradbroke,15,10,5,1024.0,0.0,10,1,4,2025
30103.0,Wynnum - Manly,8,5,3,509.0,0.0,6,0,2,2025
30201.0,Bald Hills - Everton Park,4,4,0,505.0,0.0,2,0,2,2025
30202.0,Chermside,15,7,8,736.0,0.0,12,0,3,2025
30203.0,Nundah,8,3,5,319.0,0.0,7,0,1,2025
30204.0,Sandgate,13,7,5,801.0,0.0,6,2,5,2025
30301.0,Carindale,7,4,3,473.0,0.0,2,0,5,2025
30302.0,Holland Park - Yeronga,9,8,1,714.0,0.0,3,0,6,2025
30303.0,Mt Gravatt,28,6,21,674.0,0.0,19,1,8,2025
30304.0,Nathan,5,1,4,136.0,0.0,3,0,2,2025
30305.0,Rocklea - Acacia Ridge,11,7,4,684.0,0.0,6,0,5,2025
30306.0,Sunnybank,8,5,3,495.0,0.0,5,0,3,2025
30401.0,Centenary,8,7,1,474.0,0.0,6,0,2,2025
30402.0,Kenmore - Brookfield - Moggill,5,4,1,462.0,0.0,5,0,0,2025
30403.0,Sherwood - Indooroopilly,5,3,2,331.0,0.0,4,0,1,2025
30404.0,The Gap - Enoggera,7,5,2,595.0,0.0,5,0,2,2025
30501.0,Brisbane Inner,26,5,21,467.0,0.0,22,0,4,2025
30502.0,Brisbane Inner - East,3,1,1,131.0,0.0,1,0,2,2025
30503.0,Brisbane Inner - North,22,8,12,879.0,75.0,15,0,7,2025
30504.0,Brisbane Inner - West,12,4,8,325.0,0.0,6,0,6,2025
30601.0,Cairns - North,6,3,3,436.0,0.0,2,0,4,2025
30602.0,Cairns - South,29,9,18,1032.0,0.0,15,2,12,2025
30603.0,Innisfail - Cassowary Coast,7,5,2,338.0,5.0,6,1,0,2025
30604.0,Port Douglas - Daintree,3,3,0,145.0,12.0,2,1,0,2025
30605.0,Tablelands (East) - Kuranda,6,3,3,294.0,0.0,6,0,0,2025
30701.0,Darling Downs (West) - Maranoa,21,15,5,431.0,35.0,10,10,1,2025
30702.0,Darling Downs - East,14,11,2,576.0,3.0,8,6,0,2025
30703.0,Granite Belt,18,10,8,538.0,0.0,16,2,0,2025
30801.0,Central Highlands (Qld),8,4,4,105.0,10.0,5,3,0,2025
30803.0,Rockhampton,26,13,11,1144.0,3.0,18,4,4,2025
30804.0,Biloela,10,5,5,118.0,14.0,5,5,0,2025
30805.0,Gladstone,7,3,4,220.0,0.0,5,0,2,2025
30901.0,Broadbeach - Burleigh,6,4,2,469.0,0.0,2,0,4,2025
30902.0,Coolangatta,24,5,12,503.0,0.0,21,0,3,2025
30903.0,Gold Coast - North,13,12,1,1103.0,0.0,6,0,7,2025
30904.0,Gold Coast Hinterland,1,1,0,41.0,0.0,0,0,1,2025
30905.0,Mudgeeraba - Tallebudgera,7,4,3,383.0,0.0,6,0,1,2025
30906.0,Nerang,8,3,5,247.0,0.0,6,0,2,2025
30907.0,Ormeau - Oxenford,14,8,5,800.0,0.0,1,0,13,2025
30908.0,Robina,9,6,3,710.0,0.0,4,0,5,2025
30909.0,Southport,17,11,6,1067.0,0.0,7,0,10,2025
30910.0,Surfers Paradise,9,1,7,74.0,0.0,2,1,6,2025
31001.0,Forest Lake - Oxley,24,4,20,566.0,0.0,3,0,21,2025
31002.0,Ipswich Hinterland,10,6,4,394.0,0.0,10,0,0,2025
31003.0,Ipswich Inner,24,9,14,973.0,0.0,20,1,3,2025
31004.0,Springfield - Redbank,3,0,3,0.0,0.0,0,0,3,2025
31101.0,Beaudesert,6,2,4,227.0,0.0,6,0,0,2025
31102.0,Beenleigh,5,3,2,248.0,0.0,4,0,1,2025
31103.0,Browns Plains,5,5,0,554.0,0.0,2,0,3,2025
31104.0,Jimboomba,1,1,0,144.0,0.0,1,0,0,2025
31105.0,Loganlea - Carbrook,10,7,3,771.0,0.0,6,0,4,2025
31106.0,Springwood - Kingston,20,5,15,573.0,0.0,12,0,8,2025
31201.0,Bowen Basin - North,9,4,5,205.0,18.0,6,3,0,2025
31202.0,Mackay,23,9,12,886.0,0.0,14,2,7,2025
31203.0,Whitsunday,2,1,1,103.0,0.0,1,1,0,2025
31301.0,Bribie - Beachmere,6,3,3,314.0,0.0,5,0,1,2025
31302.0,Caboolture,18,10,8,1288.0,0.0,6,0,12,2025
31303.0,Caboolture Hinterland,2,2,0,115.0,0.0,1,0,1,2025
31304.0,Narangba - Burpengary,6,6,0,613.0,0.0,2,0,4,2025
31305.0,Redcliffe,22,10,11,966.0,0.0,12,1,9,2025
31401.0,The Hills District,4,2,2,170.0,0.0,2,0,2,2025
31402.0,North Lakes,12,6,6,588.0,0.0,6,0,6,2025
31403.0,Strathpine,7,3,4,310.0,0.0,2,0,5,2025
31501.0,Far North,16,5,11,117.0,12.0,3,12,1,2025
31502.0,Outback - North,14,6,4,150.0,67.0,7,7,0,2025
31503.0,Outback - South,16,9,6,200.0,19.0,5,11,0,2025
31601.0,Buderim,8,4,3,485.0,0.0,6,0,2,2025
31602.0,Caloundra,37,16,21,1613.0,0.0,15,0,22,2025
31603.0,Maroochy,25,11,10,1181.0,0.0,16,0,9,2025
31605.0,Noosa,11,6,5,768.0,0.0,6,0,5,2025
31606.0,Sunshine Coast Hinterland,6,3,3,252.0,0.0,6,0,0,2025
31607.0,Nambour,12,8,3,531.0,0.0,8,2,2,2025
31608.0,Noosa Hinterland,1,1,0,92.0,0.0,1,0,0,2025
31701.0,Toowoomba,38,17,20,1689.0,0.0,26,2,10,2025
31801.0,Charters Towers - Ayr - Ingham,13,7,6,538.0,0.0,9,1,3,2025
31802.0,Townsville,31,12,16,1281.0,60.0,23,3,5,2025
31901.0,Bundaberg,21,10,10,891.0,0.0,14,2,5,2025
31902.0,Burnett,16,12,4,476.0,5.0,12,4,0,2025
31903.0,Gympie - Cooloola,7,5,2,445.0,0.0,5,0,2,2025
31904.0,Hervey Bay,18,9,9,898.0,0.0,13,0,5,2025
31905.0,Maryborough,7,5,2,536.0,0.0,5,0,2,2025
40101.0,Adelaide City,20,2,17,165.0,0.0,13,1,6,2025
40102.0,Adelaide Hills,12,10,1,622.0,0.0,7,3,2,2025
40103.0,Burnside,13,5,8,496.0,0.0,8,0,5,2025
40104.0,Campbelltown (SA),17,9,7,634.0,0.0,14,0,3,2025
40105.0,Norwood - Payneham - St Peters,15,5,9,414.0,0.0,5,0,10,2025
40106.0,Prospect - Walkerville,9,3,6,257.0,0.0,8,0,1,2025
40107.0,Unley,20,13,6,1051.0,0.0,15,0,5,2025
40201.0,Gawler - Two Wells,4,4,0,375.0,0.0,3,0,1,2025
40202.0,Playford,13,9,2,863.0,0.0,11,0,2,2025
40203.0,Port Adelaide - East,14,10,3,663.0,0.0,3,2,9,2025
40204.0,Salisbury,19,14,4,1137.0,1.0,11,0,8,2025
40205.0,Tea Tree Gully,10,8,2,935.0,0.0,7,0,3,2025
40301.0,Holdfast Bay,9,6,3,551.0,0.0,6,2,1,2025
40302.0,Marion,16,8,6,1021.0,0.0,13,1,2,2025
40303.0,Mitcham,14,10,4,873.0,0.0,10,0,4,2025
40304.0,Onkaparinga,19,17,2,1672.0,0.0,14,0,5,2025
40401.0,Charles Sturt,28,16,11,1426.0,0.0,25,0,3,2025
40402.0,Port Adelaide - West,9,6,2,569.0,0.0,6,1,2,2025
40403.0,West Torrens,15,9,4,890.0,60.0,7,0,8,2025
40501.0,Barossa,12,6,6,375.0,0.0,9,2,1,2025
40502.0,Lower North,13,11,2,404.0,0.0,7,6,0,2025
40503.0,Mid North,16,12,4,374.0,0.0,9,7,0,2025
40504.0,Yorke Peninsula,12,8,4,365.0,0.0,9,2,1,2025
40601.0,Eyre Peninsula and South West,22,14,6,501.0,65.0,10,11,1,2025
40602.0,Outback - North and East,11,5,3,218.0,27.0,5,4,2,2025
40701.0,Fleurieu - Kangaroo Island,15,10,5,768.0,8.0,9,2,4,2025
40702.0,Limestone Coast,16,13,3,729.0,0.0,8,7,1,2025
40703.0,Murray and Mallee,21,16,4,827.0,0.0,10,11,0,2025
50101.0,Augusta - Margaret River - Busselton,10,6,4,505.0,4.0,8,1,1,2025
50102.0,Bunbury,30,10,17,816.0,75.0,23,1,6,2025
50103.0,Manjimup,7,6,1,175.0,8.0,2,4,1,2025
50201.0,Mandurah,17,11,6,982.0,0.0,14,0,3,2025
50301.0,Cottesloe - Claremont,17,11,5,903.0,0.0,6,1,10,2025
50302.0,Perth City,57,24,29,1786.0,50.0,26,1,30,2025
50401.0,Bayswater - Bassendean,15,11,3,744.0,0.0,10,1,4,2025
50402.0,Mundaring,2,2,0,167.0,0.0,1,0,1,2025
50403.0,Swan,15,8,5,715.0,0.0,7,1,7,2025
50501.0,Joondalup,24,10,11,700.0,0.0,17,3,4,2025
50502.0,Stirling,38,20,18,1849.0,0.0,27,0,11,2025
50503.0,Wanneroo,14,11,3,1131.0,0.0,10,0,4,2025
50601.0,Armadale,8,6,2,366.0,0.0,7,0,1,2025
50602.0,Belmont - Victoria Park,44,9,31,704.0,0.0,31,1,12,2025
50603.0,Canning,28,13,13,1067.0,0.0,20,2,6,2025
50604.0,Gosnells,16,8,7,731.0,0.0,13,0,3,2025
50605.0,Kalamunda,9,6,3,459.0,0.0,5,0,4,2025
50606.0,Serpentine - Jarrahdale,1,1,0,68.0,0.0,1,0,0,2025
50607.0,South Perth,14,10,4,1012.0,0.0,9,0,5,2025
50701.0,Cockburn,15,9,6,817.0,0.0,7,1,7,2025
50702.0,Fremantle,10,7,3,767.0,0.0,2,0,8,2025
50703.0,Kwinana,1,1,0,123.0,0.0,0,0,1,2025
50704.0,Melville,21,17,4,1418.0,0.0,6,0,15,2025
50705.0,Rockingham,14,8,6,765.0,0.0,10,0,4,2025
50901.0,Albany,22,13,7,582.0,38.0,10,6,6,2025
50902.0,Wheat Belt - North,28,18,10,369.0,55.0,11,16,1,2025
50903.0,Wheat Belt - South,10,8,2,202.0,9.0,3,6,1,2025
51001.0,Kimberley,15,4,8,190.0,44.0,12,3,0,2025
51002.0,East Pilbara,4,1,3,56.0,0.0,3,1,0,2025
51003.0,West Pilbara,3,1,1,30.0,15.0,3,0,0,2025
51101.0,Esperance,3,2,1,112.0,4.0,1,2,0,2025
51102.0,Gascoyne,2,2,0,42.0,6.0,0,2,0,2025
51103.0,Goldfields,8,5,3,121.0,4.0,5,3,0,2025
51104.0,Mid West,19,8,9,371.0,31.0,11,7,1,2025
60101.0,Brighton,1,1,0,80.0,0.0,1,0,0,2025
60102.0,Hobart - North East,13,6,6,611.0,0.0,11,0,2,2025
60103.0,Hobart - North West,20,7,11,638.0,0.0,13,0,7,2025
60104.0,Hobart - South and West,7,3,4,226.0,0.0,7,0,0,2025
60105.0,Hobart Inner,21,8,12,678.0,0.0,16,1,4,2025
60106.0,Sorell - Dodges Ferry,1,1,0,72.0,0.0,1,0,0,2025
60201.0,Launceston,26,13,10,1153.0,0.0,19,1,6,2025
60202.0,Meander Valley - West Tamar,3,3,0,124.0,1.0,2,1,0,2025
60203.0,North East,11,6,3,285.0,31.0,9,2,0,2025
60301.0,Central Highlands (Tas.),1,1,0,18.0,0.0,0,1,0,2025
60302.0,Huon - Bruny Island,5,2,3,105.0,0.0,5,0,0,2025
60303.0,South East Coast,4,2,2,78.0,6.0,4,0,0,2025
60401.0,Burnie - Ulverstone,10,6,3,580.0,0.0,7,1,2,2025
60402.0,Devonport,23,6,14,494.0,0.0,21,0,2,2025
60403.0,West Coast,5,3,2,97.0,0.0,2,3,0,2025
70101.0,Darwin City,9,1,6,85.0,75.0,8,1,0,2025
70102.0,Darwin Suburbs,8,2,4,161.0,0.0,3,2,3,2025
70104.0,Palmerston,1,1,0,88.0,0.0,1,0,0,2025
70201.0,Alice Springs,20,3,7,205.0,345.0,14,3,3,2025
70202.0,Barkly,3,0,1,25.0,95.0,2,1,0,2025
70203.0,Daly - Tiwi - West Arnhem,9,0,5,41.0,86.0,5,4,0,2025
70204.0,East Arnhem,6,1,3,36.0,14.0,3,3,0,2025
70205.0,Katherine,15,2,9,87.0,27.0,8,6,1,2025
80101.0,Belconnen,15,6,8,582.0,0.0,11,0,4,2025
80103.0,Canberra East,1,0,1,0.0,0.0,1,0,0,2025
80104.0,Gungahlin,4,0,4,0.0,0.0,3,0,1,2025
80105.0,North Canberra,11,4,7,343.0,0.0,9,0,2,2025
80106.0,South Canberra,17,4,12,465.0,0.0,13,0,4,2025
80107.0,Tuggeranong,3,3,0,395.0,0.0,3,0,0,2025
80108.0,Weston Creek,7,5,1,393.0,0.0,7,0,0,2025
80109.0,Woden Valley,11,5,4,574.0,0.0,8,1,2,2025
90104.0,Norfolk Island,2,1,1,14.0,20.0,1,1,0,2025
